relationship_id,name,industry,segment,rating,total_revenue,opex,expected_loss,el_lifetime,economic_capital,rwa,reg_capital,capital,net_income,eva,raroc,lending_raroc,lending_net_income,lending_capital,n_deposit,n_interest_rate_derivative,n_payments,n_revolver,n_term_loan,exp_deposit,exp_interest_rate_derivative,exp_payments,exp_revolver,exp_term_loan,ancillary_uplift,meets_hurdle
R004,Summit Ridge Software,Technology,Key Relationship,4,11663137.945195239,3022989.504,168434.70690000002,162546.60632806603,7880933.77962888,80870413.34496672,8491393.401221504,7880933.77962888,6669098.5604563225,5723386.506900858,0.8462320261711901,0.21389217166229307,1076889.1911017199,5034729.334563879,69,0,52,11,8,348074900.0,0.0,3273680.28,106020000.0,73174000.0,0.632339854508897,True
R001,Northwind Manufacturing Group,Industrial Manufacturing,Key Relationship,4,12918752.07786905,3393762.748,435996.8298,1447665.380688695,19077898.20240585,244501645.79258022,25672672.80822093,19077898.20240585,7465853.601454872,5176505.81716617,0.39133522583286334,0.21407184699292758,3725943.759514748,17405108.66726835,32,3,45,20,19,190677900.0,145900000.0,1665234.36,163310000.0,343396000.0,0.17726337883993576,True
R006,Prairie Harvest Foods,Food Distribution,Key Relationship,5,12685578.341335716,3409894.1739999996,609414.9477749999,1310644.4726177813,17987389.4704802,222014669.14531645,23311540.26025824,17987389.4704802,7112675.622772395,4954188.886314769,0.39542567499554515,0.20137679459232305,3231327.986937641,16046178.475922702,25,2,45,16,15,220601000.0,228400000.0,3054976.68,89971000.0,229746000.0,0.1940488804032221,True
R002,Harborview Health Partners,Healthcare,Key Relationship,3,12287768.217921428,4055446.784,278351.98140000005,648681.4100252577,15876813.921451535,190873990.05441323,20041768.955713388,15876813.921451535,6509572.359257957,4604354.688683774,0.4100049538568139,0.16245265440829482,2216064.5578957484,13641294.849674037,44,2,64,19,15,259434700.0,107400000.0,3630545.88,175641000.0,223278000.0,0.2475522994485191,True
R008,Lakeshore Retail Brands,Retail,Key Relationship,6,12314382.708600001,3596279.5400000005,972561.2620000001,3814646.1860432257,19470772.87382552,245163484.69257057,25742165.892719906,19470772.87382552,6456326.663304134,4119833.918445072,0.3315906720879759,0.1363215275912346,2381456.8317628666,17469411.279660523,38,1,65,15,10,212873800.0,56300000.0,3713158.8,140498000.0,159553000.0,0.1952691444967413,True
R010,Greenfield Agri Cooperative,Agriculture,Key Relationship,5,8722656.577521428,1740882.8239999998,530873.0234,1771433.235440423,15065509.203293055,190660116.6623229,20019312.24954391,15065509.203293055,5343501.354180641,3535640.2497854736,0.3546844173718765,0.17706579336215253,2410797.7768726083,13615265.439450553,29,1,28,10,15,198439500.0,58000000.0,497164.68,92618000.0,182360000.0,0.17761862400972397,True
R005,Keystone Commercial Properties,Commercial Real Estate,Key Relationship,5,14601925.91239762,3723117.2159999995,1647957.503725,7447770.178892784,39949423.9879277,528943515.47114176,55539069.12446989,39949423.9879277,8184367.052317955,3390436.173766632,0.20486821173669953,0.18553963973456966,7329584.371958557,39504142.52417518,15,4,12,40,35,61349600.0,362900000.0,239565.12,357457000.0,477385000.0,0.019328572002129868,True
R003,Cascade Logistics Holdings,Transportation & Logistics,Key Relationship,5,8443482.331892857,2470217.2460000007,516984.11734999996,1750670.1942770414,13315519.609080058,169290710.8417446,17775524.63838318,13315519.609080058,4536385.639854255,2938523.286764648,0.34068408691770646,0.15489393325574927,1863624.774284823,12031618.896317555,23,3,61,21,9,137871800.0,233600000.0,2168823.72,152542000.0,102591000.0,0.1857901536619572,True
R009,Aurora Aerospace Components,Aerospace & Defense,Key Relationship,4,8116012.150354763,2324867.1440000003,383512.78589999996,778330.2873606549,15545825.452609822,198763875.87150636,20870206.96650817,15545825.452609822,4564671.340288983,2699172.2859758046,0.2936268231110667,0.1602034294325936,2312968.451850225,14437696.246842321,18,1,16,20,12,145695000.0,61700000.0,655282.08,262325000.0,178396000.0,0.13342339367847308,True
R344,Client 344,Construction,Middle Market,7,1681204.3594833333,218887.358,157945.9353,407332.350863089,2374794.4144745115,30617742.999779884,3214863.014976887,2374794.4144745115,1060808.494866857,775833.1651299163,0.44669487531264473,0.2200484215770961,470267.90114124015,2137110.994802011,8,0,5,1,1,28714800.0,0.0,14197.560000000001,13483000.0,26848000.0,0.22664645373554865,True
R368,Client 368,Wholesale Trade,Middle Market,7,1411414.8732999999,158852.386,93089.13509999998,172382.60341503145,1480052.4200242355,17550860.91611148,1842840.396191705,1480052.4200242355,924506.0814819093,746899.7910790008,0.6246441470409343,0.1417503073792462,164633.83119229545,1161435.4440292355,1,0,5,5,2,40090200.0,0.0,13226.52,15527000.0,8244000.0,0.4828938396616881,True
R315,Client 315,Energy,Middle Market,5,1377287.1278333333,224760.95,56379.003749999996,211892.049734667,1494166.5055744897,18064024.70779028,1896722.5943179792,1494166.5055744897,876791.164256443,697491.1835875042,0.5868095429694611,0.22776433262045528,285170.1099393674,1252040.2411494895,5,0,7,3,3,27735400.0,0.0,115017.0,12397000.0,17002000.0,0.35904521034900583,True
R116,Client 116,Construction,Middle Market,6,1350339.4625,203719.79999999996,101345.26125,389890.76395980676,2257880.1381993145,29551376.56791697,3102894.539631281,2257880.1381993145,860474.117793712,589528.5012097943,0.3810982271538781,0.21359839958481258,447247.90562304447,2093872.9245743142,5,0,3,6,4,19498300.0,0.0,12207.0,13785000.0,26558000.0,0.1674998275690655,True
R496,Client 496,Transportation & Logistics,Middle Market,4,884973.1245833334,112338.97,13257.89625,28542.777938949148,635292.5031351903,7108061.655763084,746346.4738551239,635292.5031351903,595714.614975069,519479.51459884614,0.9377013140170817,0.2661978206838589,121492.88392976274,456400.74594769045,5,0,4,5,2,20189300.0,0.0,12356.4,16586000.0,3824000.0,0.6715034933332228,True
R019,Client 019,Transportation & Logistics,Middle Market,4,920669.5774000001,160947.434,21576.980399999997,75860.120294381,1067318.8486362624,12797276.218612302,1343714.0029542916,1067318.8486362624,592220.0733910971,464141.81155474565,0.5548670616543409,0.1865915717044628,163260.30301984842,874960.7580262622,5,0,4,7,2,25573400.0,0.0,9107.880000000001,20878000.0,9890000.0,0.368275489949878,True
R140,Client 140,Retail,Middle Market,4,820756.31485,129360.288,13580.6258,36568.33115574726,621645.95175024,7085464.057744493,743973.7260631719,621645.95175024,533329.0653462121,458731.55113618326,0.8579305693934428,0.39013326660958864,184202.92385166537,472153.8500227401,5,0,7,0,2,18215800.0,0.0,53900.16,0.0,16087000.0,0.4677973027838542,True
R096,Client 096,Professional Services,Middle Market,6,1929200.3908476192,402170.65599999996,336544.89959999995,516037.595733681,5497371.20769893,72556191.59360072,7618400.117328075,5497371.20769893,1065621.5563254612,405937.01140158955,0.19384202304422976,0.19225737482172525,1054788.776476828,5486337.142878931,2,0,5,5,5,1343300.0,0.0,36634.92,17753000.0,70638000.0,0.0015846482225045089,True
R160,Client 160,Industrial Manufacturing,Middle Market,2,685887.3515833335,104298.83,5145.174,5931.897996096102,369211.93502644956,3755872.4785859054,394366.61025152006,369211.93502644956,448900.0853822073,404594.65317903337,1.2158330833754034,0.6450993589309175,162437.526362408,251802.33728894952,2,0,3,2,1,14125100.0,0.0,22467.6,3937000.0,12661000.0,0.5707337244444859,True
R376,Client 376,Energy,Middle Market,5,955199.0090000001,199221.6,50253.67625,544908.0633220004,1470812.8677249984,19079567.738629628,2003354.6125561108,1470812.8677249984,579386.0213996334,402888.4772726337,0.3939223228960509,0.23517501652991335,318863.4044447874,1355855.7756249981,4,0,2,1,3,12656100.0,0.0,128889.0,1536000.0,23105000.0,0.15874730636613754,True
R246,Client 246,Professional Services,Middle Market,5,781469.21775,123130.79600000002,35289.0111,29846.090860301614,877044.5468498236,11083831.156957598,1163802.2714805475,877044.5468498236,499179.8755348259,393934.5299128471,0.5691613696565182,0.38565207821645736,302827.63338916306,785235.3208873235,5,0,3,4,2,12545200.0,0.0,6042.72,10759000.0,14074000.0,0.18350929144006084,True
R472,Client 472,Healthcare,Middle Market,7,640174.52575,58981.78,19879.458,32295.719177719988,378295.68912519136,3513172.356766436,368883.0974604757,378295.68912519136,437667.0305538032,392271.5478587802,1.1569442717306877,0.10085336241670537,19143.167006676347,189811.8867626913,4,0,2,3,0,24959200.0,0.0,18213.6,3293000.0,0.0,1.0560909093139823,True
R275,Client 275,Education,Middle Market,3,835196.3245142857,205487.89800000004,14638.6138,27207.952269448877,899396.4552751691,10920706.42717928,1146674.1748538243,899396.4552751691,493769.3979442087,385841.8233111883,0.5490008272193386,0.3318603234739385,257998.8678382854,777432.0989551691,4,0,7,4,5,17474100.0,0.0,27711.36,13494000.0,25957000.0,0.21714050374540012,True
R196,Client 196,Food Distribution,Middle Market,8,990481.8326285713,154212.652,170698.87319999994,292181.2631875461,1555147.835564391,20090975.829331074,2109552.462079763,1555147.835564391,551337.0593143284,364719.3190466015,0.3545238894373269,0.1909840774183914,273777.11559782655,1433507.5431343908,3,0,3,2,2,14216800.0,0.0,90032.64,3701000.0,15648000.0,0.16353981201893547,True
R325,Client 325,Transportation & Logistics,Middle Market,5,782172.9213166666,151460.694,39269.73165,70722.75515388047,1047673.7478724337,13006570.086195322,1365689.8590505088,1047673.7478724337,480151.23056941404,354430.38082472206,0.4583022448968321,0.3019436258882625,280543.1382198982,929124.2277249338,10,0,5,4,2,18500500.0,0.0,18418.08,12654000.0,15398000.0,0.15635861900856957,True
R028,Client 028,Healthcare,Middle Market,4,751960.3215,165364.20999999996,24079.78725,45986.23702646031,1041831.7193403271,13651344.181819832,1433391.1390910824,1041831.7193403271,457996.402537898,332976.5962170587,0.43960689047545487,0.3365353366878479,329650.1031464895,979540.8303653272,4,0,2,1,3,8526700.0,0.0,15541.2,1004000.0,31225000.0,0.10307155378760696,True
R372,Client 372,Wholesale Trade,Middle Market,7,1686838.8946500001,279649.44200000004,469996.61970000004,723436.9898165843,4180123.373253862,56842519.645262025,5968464.562752512,4180123.373253862,834576.9629434077,332962.1581529444,0.19965366770831988,0.16950758455839504,699149.691038039,4124592.376556362,5,0,2,6,2,6743700.0,0.0,7573.44,30475000.0,35268000.0,0.03014608314992484,True
R202,Client 202,Retail,Middle Market,3,766493.3214,213136.35400000002,17172.807899999996,61236.76099201609,909198.4542167021,11521970.12779735,1209806.8634187218,909198.4542167021,434103.1079903807,324999.29348437657,0.4774569358065745,0.25091393511565485,204412.40184631114,814671.3802567022,4,0,3,7,1,9521800.0,0.0,114230.28,33587000.0,4105000.0,0.22654300069091965,True
R042,Client 042,Transportation & Logistics,Middle Market,4,529808.2780833334,61873.93000000001,8179.596750000001,24908.926413766476,415718.02839074587,4874203.551458946,511791.3729031893,415718.02839074587,361577.52052404656,311691.3571171571,0.8697662738460527,0.21796625115930657,67758.0790324388,310865.0016782459,3,0,1,1,1,11180900.0,0.0,2745.6000000000004,11096000.0,1057000.0,0.6518000226867461,True
R448,Client 448,Education,Middle Market,2,670675.7778666667,246790.162,2625.4647,648.1337574640431,171509.84944210786,1716544.1060618286,180237.131136492,171509.84944210786,325176.0930813428,304594.91114828986,1.8959616263385741,0.40023131363783193,18242.374983190944,45579.57951210787,5,0,4,4,0,8022400.0,0.0,386592.83999999997,6323000.0,0.0,1.4957303127007422,True
R382,Client 382,Retail,Middle Market,6,619892.8376833333,103041.54800000001,42887.319299999996,64268.58519366606,748551.9827849254,8906224.284260912,935153.5498473959,748551.9827849254,382115.24850762024,292289.0105734291,0.5104725620871275,0.028566263567306717,17160.647726452607,600731.2677074255,4,0,7,4,0,17367000.0,0.0,37707.36,16072000.0,0.0,0.4819062985198208,True
R044,Client 044,Energy,Middle Market,7,1177201.9498214289,341726.25,166464.0375,802206.0847038216,2404854.4999070955,31297631.119546477,3286251.26755238,2404854.4999070955,578814.9060315675,290232.36604271596,0.24068603986392037,0.1915332212739418,437114.6812159552,2282187.279619595,4,0,1,4,3,16161500.0,0.0,323160.0,3687000.0,28187000.0,0.04915281858997858,True
R163,Client 163,Education,Middle Market,4,691911.1779285714,176238.19999999998,22644.578749999997,40993.436975308214,954621.4855090069,12596480.59970197,1322630.4629687064,954621.4855090069,402633.8080417079,288079.22978062695,0.4217732516537928,0.3543459544816898,323599.31570765283,913229.8862590069,4,0,4,2,3,4761900.0,0.0,68907.0,2656000.0,27089000.0,0.067427297172103,True
R053,Client 053,Professional Services,Middle Market,5,799777.1990142857,193230.778,49595.65980000001,120516.40742595452,1509907.2264004266,19840680.27178283,2083271.4285371974,1509907.2264004266,467462.46396733366,286273.5967992825,0.309596812170871,0.2122912523877017,305755.11713449,1440262.4399054267,4,0,4,2,3,6970100.0,0.0,104292.96,5666000.0,23463000.0,0.0973055597831693,True
R144,Client 144,Energy,Middle Market,5,778119.4904642856,164679.034,51153.580649999996,332325.41776966624,1641990.7672459406,22024787.23553491,2312602.6597311655,1641990.7672459406,475382.67546847335,278343.7833989605,0.2895160465888719,0.2771871182251826,452305.9728248606,1631771.2587834406,1,0,3,1,3,886900.0,0.0,23744.88,7544000.0,27530000.0,0.012328928363689318,True
R095,Client 095,Retail,Middle Market,4,664002.7796428571,165709.61,15066.696,102749.11593103185,990211.1586765242,12322598.586623538,1293872.8515954711,990211.1586765242,396225.6984714466,277400.3594302637,0.4001426311949723,0.25791164018844803,228408.78156315905,885608.6580515243,5,0,5,5,2,15951400.0,0.0,56338.2,6856000.0,19289000.0,0.14223099100652425,True
R327,Client 327,Professional Services,Middle Market,4,681022.6218357142,148010.574,29475.963399999997,78631.47255459939,1182760.6120997507,14487144.875840385,1521150.2119632403,1182760.6120997507,417294.9996811816,275363.7262292115,0.3528144202742424,0.13723030900262737,143905.42156909461,1048641.6784672507,3,0,2,3,1,18748600.0,0.0,20686.68,19272000.0,9124000.0,0.21558411127161506,True
R083,Client 083,Food Distribution,Middle Market,6,1021415.1158785715,219435.412,151830.03795,275821.18605013733,2436809.914187453,32279670.27991735,3389365.379391321,2436809.914187453,565414.8041948391,272997.61449234484,0.23203073859102175,0.12431733257053765,287259.6469248531,2310696.6742699533,4,0,1,7,3,16557200.0,0.0,23883.84,37808000.0,10919000.0,0.1077134060204841,True
R436,Client 436,Transportation & Logistics,Middle Market,3,803254.4594166668,323929.57,15079.590375,61810.2608999643,886702.4217668073,11281273.127092559,1184533.6783447186,886702.4217668073,378771.3401325635,272367.04952054657,0.42716849625586795,0.13537749764360482,103595.8821017932,765237.0881793074,4,0,3,7,1,10129400.0,0.0,292205.4,35654000.0,5163000.0,0.2917909986122631,True
R193,Client 193,Food Distribution,Middle Market,7,1152690.5479166666,166922.08,314886.36299999995,685080.2850729314,2759248.450354686,37425971.190631695,3929726.9750163276,2759248.450354686,590606.0093940448,259496.19535148243,0.21404596940812837,0.17515157710658355,475141.84732404846,2712746.6116671865,2,0,2,2,2,5633500.0,0.0,2160.6000000000004,6242000.0,30097000.0,0.03889439230154482,True
R087,Client 087,Technology,Middle Market,5,709525.3719166666,208695.262,33284.48045,39321.379694245916,1077332.2661227938,13884168.07214194,1457837.647574904,1077332.2661227938,386857.4205014195,257577.5485666844,0.3590883079123574,0.2213140420377713,220553.66825686736,996564.2768352937,3,0,3,4,3,9207400.0,0.0,114234.84,23546000.0,11032000.0,0.1377742658745861,True
R474,Client 474,Food Distribution,Middle Market,5,802244.3740833332,190084.86000000002,69499.99350000001,114823.40939607867,1716309.914099522,23144039.081940193,2430124.1036037207,1716309.914099522,462640.4637298853,256683.2740379427,0.26955531744545913,0.2298202544071134,387126.1422131835,1684473.560487022,2,0,3,4,2,3619300.0,0.0,21916.2,39069000.0,7969000.0,0.03973506303834573,True
R375,Client 375,Healthcare,Middle Market,5,438954.2651142857,47899.818,9610.0188,26273.808610360662,411413.64797003864,4604724.5668644905,483496.0795207714,411413.64797003864,301935.7288584605,252566.09110205586,0.7338981833690872,0.22380878989666508,70343.30522491387,314300.90506003867,4,0,4,0,2,12014500.0,0.0,14453.76,0.0,4873000.0,0.5100893934724221,True
R458,Client 458,Education,Middle Market,4,680557.4824999999,156750.3,32502.73175,86408.14109367346,1350745.2218335373,17679276.66739861,1856324.050076854,1350745.2218335373,412914.18776084937,250824.76114082488,0.30569361348570884,0.23666221864875395,309253.95838623185,1306731.4257085375,2,0,0,3,3,5635200.0,0.0,0.0,13221000.0,22672000.0,0.06903139483695489,True
R103,Client 103,Wholesale Trade,Middle Market,6,1368922.6371190473,310365.82999999996,244424.55675000002,650765.3147804925,4060530.183077268,52978429.987758525,5562735.148714646,4060530.183077268,737551.6234373171,250288.00146804494,0.18163924172048992,0.17808497300026652,698794.1886863882,3923936.8539272677,5,0,5,7,5,28248800.0,0.0,27666.6,28780000.0,33788000.0,0.003554268720223408,True
R090,Client 090,Professional Services,Middle Market,7,782541.33975,125259.19,125689.78650000002,155263.34958197217,1699975.1539157769,21388514.6882838,2245794.042269799,1699975.1539157769,453751.46907357563,249754.4506036825,0.266916529943623,0.15540396226923436,247643.1461287129,1593544.6079532767,8,0,2,3,3,15598100.0,0.0,5572.800000000001,9185000.0,14811000.0,0.11151256767438866,True
R200,Client 200,Technology,Middle Market,3,504258.92358333344,96370.78000000001,11602.25775,18376.93082399288,593691.3789212027,6975244.868354305,732400.7111772019,593691.3789212027,318548.68298056774,247305.71751002345,0.5365560193233779,0.2693672811670587,132355.54648237547,491357.1756337028,3,0,4,3,2,15509500.0,0.0,7794.6,13031000.0,5158000.0,0.2671887381563192,True
R391,Client 391,Industrial Manufacturing,Middle Market,5,719654.6770023808,260991.166,31301.338099999997,60415.62140737158,858179.4486713767,10771475.605037615,1131004.9385289494,858179.4486713767,349905.582073934,246924.04823336884,0.40773008793866333,0.21918627167794863,164121.17674219055,748774.8912638768,2,0,4,3,2,11202000.0,0.0,312792.12,10625000.0,7770000.0,0.1885438162607147,True
R227,Client 227,Industrial Manufacturing,Middle Market,4,704301.0876309522,217567.97999999998,28317.1215,67580.21524721358,1132913.18925233,15328882.683003763,1609532.681715395,1132913.18925233,381545.18937704695,245595.60666676736,0.33678237043815246,0.30680216648803016,342290.8177012747,1115672.75296483,1,0,3,5,3,288700.0,0.0,100572.6,17577000.0,22289000.0,0.029980203950122297,True
R484,Client 484,Food Distribution,Middle Market,6,810920.93825,321074.96,57392.97975,90627.05761382956,933862.0607485664,11788103.254113838,1237750.841681953,933862.0607485664,355989.082757503,243925.63546767508,0.3812009264753178,0.14421903423555066,117749.67418427429,816464.1706860664,5,0,4,4,1,7650700.0,0.0,461866.2,11986000.0,3027000.0,0.23698189223976712,True
R392,Client 392,Education,Middle Market,7,966727.1136999999,265506.61199999996,161247.09294999996,187489.70101039181,1866371.1333710328,24696705.919356983,2593154.1215324835,1866371.1333710328,464989.8100124364,241025.27400791246,0.24914112830955198,0.20474762234331523,372138.1217891621,1817545.5105660327,2,0,5,4,2,2138000.0,0.0,261243.84,13905000.0,15544000.0,0.04439350596623676,True
R406,Client 406,Wholesale Trade,Business Banking,6,574918.309,133474.52,36880.215749999996,65131.68289320584,734769.9481958346,9100090.388417425,955509.4907838295,734769.9481958346,328967.68435421016,240795.29057071,0.44771521366920686,0.3353315292654773,221621.3433404661,660902.1937958347,5,0,8,2,1,10130700.0,0.0,122315.40000000001,2005000.0,9775000.0,0.11238368440372953,True
R278,Client 278,Commercial Real Estate,Middle Market,3,751342.2267428573,271762.396,16834.69635,155838.5435532431,1254079.866727054,16206993.367362868,1701734.3035731008,1254079.866727054,388380.6790390051,237891.09503175854,0.30969373589627586,0.25120764762715303,306075.01143744064,1218414.3847870538,2,0,7,4,2,751200.0,0.0,197634.72,15647000.0,23816000.0,0.05848608826912283,True
R320,Client 320,Healthcare,Middle Market,3,527949.1819999999,115567.94,16664.55225,22719.30854597738,707185.4258396816,8898446.018798383,934336.8319738302,707185.4258396816,321436.9297700691,236574.6786693073,0.4545299125592254,0.3405792751732372,226547.08967832106,665181.6660396815,2,0,6,6,3,5304800.0,0.0,13276.800000000001,13789000.0,11566000.0,0.11395063738598821,True
R130,Client 130,Healthcare,Middle Market,6,444306.03275,56743.322,26518.052699999997,34426.95114789776,448223.70166348165,5261990.7961120065,552509.0335917608,448223.70166348165,287508.9656286735,233722.1214290557,0.6414407907516906,0.25840653734178665,91088.42043776873,352500.44900098164,4,0,2,1,1,13294500.0,0.0,16091.039999999999,2338000.0,4393000.0,0.38303425340990394,True
R050,Client 050,Retail,Middle Market,5,615527.8593333332,145666.51,48678.626625,110731.4277286629,1006871.6291456101,12853559.588924244,1349623.7568370458,1006871.6291456101,349559.93312713393,228735.33762966073,0.3471742802245368,0.23208447524068518,213369.37230510492,919360.8149956105,5,0,4,4,2,13253200.0,0.0,61762.200000000004,15026000.0,8717000.0,0.1150898049838516,True
R071,Client 071,Education,Business Banking,5,445239.13600000006,95436.154,8500.106399999999,16665.83744239518,339196.4740907477,3552693.362713309,373032.80308489734,339196.4740907477,269315.07428789535,228611.4973970056,0.7939795807424682,0.13797572476166747,29993.111713546277,217379.62794074765,6,0,4,3,2,16003900.0,0.0,92123.28,3299000.0,2048000.0,0.6560038559808008,True
R292,Client 292,Food Distribution,Business Banking,8,447892.28674999997,56355.90000000001,38525.774999999994,35111.32693669258,452438.7024630586,5042021.611214935,529412.269177568,452438.7024630586,281526.42136406904,227233.77706850204,0.622242128782198,0.10215203890375121,35370.90237840834,346257.4292005586,5,0,3,3,0,13068200.0,0.0,36012.0,4842000.0,0.0,0.5200900898784467,True
R495,Client 495,Food Distribution,Middle Market,5,595156.1734666667,150806.04200000002,39798.77595,48421.45790482758,994616.6504533179,13136094.175993303,1379289.8884792973,994616.6504533179,336561.5133849308,217207.51533053262,0.3383831481521405,0.33784727311547275,326002.8972061056,964941.6264333178,2,0,4,4,2,5909500.0,0.0,33571.44,10213000.0,19496000.0,0.0005358750366677434,True
R294,Client 294,Food Distribution,Middle Market,6,646675.25025,135230.8,70052.34375,118844.32854615556,1331120.625766716,16979689.503600895,1782867.3978780936,1331120.625766716,374406.5904499341,214672.11535792824,0.28127172188792327,0.18258458992508778,230784.14687785687,1263984.802729216,4,0,1,4,2,7878200.0,0.0,70770.0,14249000.0,7693000.0,0.09868713196283549,True
R073,Client 073,Commercial Real Estate,Middle Market,6,884928.2885809524,193492.376,114545.73159999998,657067.1384816768,2525390.017687707,33766549.805001035,3545487.7295251084,2525390.017687707,512329.4494630662,209282.64734054133,0.202871416246495,0.19782026307223502,497475.1852712394,2514783.761507707,1,0,6,3,8,1715000.0,0.0,5884.32,13957000.0,30852000.0,0.00505115317425997,True
R124,Client 124,Food Distribution,Middle Market,5,393294.47699999996,52818.350000000006,12704.5125,36568.81293025942,478887.6975303751,5893000.01498874,618765.0015738178,478887.6975303751,263118.6810497388,205652.1573460938,0.5494371277580159,0.21180805363848143,84818.39563683627,400449.34165537514,2,0,0,1,2,10185900.0,0.0,0.0,1084000.0,7499000.0,0.33762907411953447,True
R127,Client 127,Industrial Manufacturing,Middle Market,3,520163.0603,180672.97799999997,8176.15605,28660.536176865367,526983.5269322235,6696749.336477576,703158.6803301455,526983.5269322235,267218.12194803683,203980.09871617003,0.5070711099901314,0.2175769253404595,99747.20559944016,458445.6988872233,3,0,5,3,2,4857800.0,0.0,184455.96,10257000.0,8008000.0,0.2894941846496719,True
R288,Client 288,Construction,Business Banking,4,342320.0625,38349.72,4649.1044999999995,17569.056251432365,264146.1443869825,2789643.975470496,292912.6174244021,264146.1443869825,235213.05706476312,203515.51973832524,0.8904656080089078,0.11382223907806863,20733.909182065614,182160.44026198253,6,0,4,3,0,9317000.0,0.0,9170.4,5523000.0,0.0,0.7766433689308392,True
R217,Client 217,Construction,Business Banking,7,469216.68486904766,64341.11,45119.076,151235.3181466103,797601.8703708702,10293892.48357535,1080858.710775412,797601.8703708702,296752.7698675279,201040.54542302343,0.37205626126421104,0.19398095715176455,143118.47116755412,737796.4995583703,5,0,5,5,3,6978200.0,0.0,3484.2000000000003,4486000.0,8057000.0,0.1780753041124465,True
R460,Client 460,Technology,Middle Market,7,584056.6620523811,134788.952,58107.9232,176177.32781534985,1105275.6786267033,14550350.053719565,1527786.755640554,1105275.6786267033,329621.80436442693,196988.72292922257,0.2982258731812316,0.1684234552575824,174193.85836817397,1034261.2797117032,5,0,4,2,3,7512600.0,0.0,108194.64,4702000.0,10568000.0,0.12980241792364922,True
R407,Client 407,Industrial Manufacturing,Business Banking,7,423113.1321500001,69837.664,36025.131149999994,75245.74967431909,489453.3685663542,6049515.887042845,635199.1681394986,489453.3685663542,255431.66168425154,196697.25745628905,0.5218712917073798,0.09986802069592593,40671.570406260165,407253.19399385416,5,0,5,6,1,8465800.0,0.0,54294.48,5339000.0,1909000.0,0.42200327101145385,True
R330,Client 330,Construction,Middle Market,6,581432.1714523811,103273.8,79324.7175,242392.31946285375,1179988.2932280835,15342359.935174018,1610947.7931932716,1179988.2932280835,337640.03446366324,196041.4392762932,0.28613846120454667,0.181688780273116,205230.48767105374,1129571.6079030838,2,0,4,3,3,5034600.0,0.0,39678.0,5697000.0,11991000.0,0.10444968093143067,True
R361,Client 361,Energy,Business Banking,4,579320.72675,267281.49000000005,11752.569750000002,32580.11166682315,359377.1596699996,4387016.935632677,460636.77824143105,359377.1596699996,238733.24261194415,195607.9834515442,0.6642972047282094,0.22003509814252575,61209.31357795844,278179.77265749965,4,0,8,12,1,2885800.0,0.0,413647.8,9162000.0,751000.0,0.44426210658568366,True
R037,Client 037,Commercial Real Estate,Middle Market,4,352059.4423333333,49824.450000000004,7942.057125,27106.486538078243,310654.5226132865,3603726.0260752286,378391.23273789894,310654.5226132865,232752.38208999808,195473.83937640372,0.7492322343548699,0.20078489740850713,48009.6401787721,239109.8175132865,6,0,0,4,0,8401300.0,0.0,0.0,10635000.0,0.0,0.5484473369463627,True
R389,Client 389,Commercial Real Estate,Business Banking,5,336832.13341666677,35717.182,8174.4718250000005,51296.116123616535,336514.47394841164,3833277.69403587,402494.15787376626,336514.47394841164,232481.1779973972,192099.4411235878,0.6908504566523848,0.2103976435669743,54601.19372792744,259514.28353591164,6,0,2,3,1,9955500.0,0.0,1026.24,2546000.0,2513000.0,0.48045281308541044,True
R070,Client 070,Professional Services,Middle Market,7,625323.6436214286,119873.386,97218.8776,174476.03824197542,1317134.905752637,17242727.414878465,1810486.3785622385,1317134.905752637,348795.21615860786,190739.0274682914,0.2648135848767134,0.1600312941461626,200228.79961425843,1251185.2802451372,2,0,3,1,1,7704300.0,0.0,53543.520000000004,7766000.0,11486000.0,0.10478229073055081,True
R041,Client 041,Food Distribution,Middle Market,5,644468.0574523809,153347.44,56063.597750000015,94077.60586934767,1543503.9988660486,19919760.5725658,2091574.8601194092,1543503.9988660486,375806.2619806301,190585.78211670427,0.2434760533543937,0.20933915656100324,318294.7063487266,1520473.8166410485,2,0,1,3,2,2581000.0,0.0,10900.8,12998000.0,21775000.0,0.034136896793390464,True
R225,Client 225,Professional Services,Business Banking,6,332398.5515,38744.520000000004,12042.233250000001,12605.0936231123,272161.73578030063,3069525.3193903686,322300.15853598865,272161.73578030063,221988.41905893164,189329.01076529553,0.8156488950310384,0.16726565269858462,32919.5460080681,196809.95755530067,8,0,7,3,2,8828800.0,0.0,14042.4,3867000.0,943000.0,0.6483832423324538,True
R026,Client 026,Construction,Middle Market,4,484104.7766666667,164128.28,15519.136750000001,33053.756921133914,464539.2035808384,5645018.519514719,592726.9445490454,464539.2035808384,244980.010633442,189235.3062037414,0.5273613265469229,0.2296465986289347,91490.91188327198,398398.7240808384,2,0,3,3,2,4867200.0,0.0,188163.6,9217000.0,4684000.0,0.29771472791798825,True
R247,Client 247,Retail,Middle Market,4,369232.0681666668,68966.93,9086.20875,23369.59280353812,359287.3702394199,3873891.358147727,406758.59260551137,359287.3702394199,231808.73480987217,188694.25038114176,0.645190323988847,0.22475687013953033,57566.45582851859,256127.68051441992,6,0,2,5,1,16224800.0,0.0,9798.6,6664000.0,3537000.0,0.4204334538493167,True
R480,Client 480,Education,Middle Market,6,384568.7436428572,48984.492,18859.567199999998,54597.258437625234,577084.0336112779,7431404.76797599,780297.5006374789,577084.0336112779,257596.23900003746,188346.1549666841,0.4463756125568941,0.23124689503875728,121866.11461472893,526995.679636278,3,0,1,0,2,5521400.0,0.0,3133.44,0.0,8662000.0,0.21512871751813684,True
R162,Client 162,Technology,Business Banking,7,751533.7554642856,142426.57199999996,144841.91520000005,460872.64301680215,1847839.0381767491,25241452.537057873,2650352.5163910766,1847839.0381767491,406909.3741379088,185168.68955669896,0.2202082355286766,0.19986498904451222,365545.1326636161,1828960.3117142494,5,0,6,2,2,2261800.0,0.0,15227.04,741000.0,28459000.0,0.020343246484164385,True
R408,Client 408,Transportation & Logistics,Middle Market,3,512619.18916666665,205043.9,12103.475,23165.196295789443,459873.4586088641,5913701.079580459,620938.6133559481,459873.4586088641,238014.47616556205,182829.66113249835,0.5175651512604479,0.39765288853630615,166588.64371544204,418929.7966088641,1,0,3,1,3,1772500.0,0.0,227013.0,6694000.0,12022000.0,0.11991226272414174,True
R276,Client 276,Energy,Middle Market,3,407432.0739999999,90271.99,16659.041625,39665.02782096926,524123.2133246943,6449621.978538023,677210.3077464923,524123.2133246943,243716.6374268806,180821.8518279173,0.4649987469185001,0.21413500710094363,100560.06916025956,469610.5999746943,3,0,4,3,1,6057200.0,0.0,11785.8,19499000.0,1435000.0,0.2508637398175565,True
R231,Client 231,Healthcare,Business Banking,6,396174.69700000004,55735.15,31447.252499999995,54232.169964691006,636247.2780898702,7836733.779900118,822857.0468895123,636247.2780898702,253450.7391769096,177101.0658061252,0.39835257124842205,0.11244425057974859,61978.885914926606,551196.5760398702,4,0,0,3,1,11302100.0,0.0,0.0,9530000.0,1206000.0,0.28590832066867344,True
R366,Client 366,Education,Middle Market,5,633494.4054999999,166667.49,68888.76899999999,82372.3627478852,1426555.0625994392,16931371.73730217,1777794.0324167279,1426555.0625994392,344173.9924716595,172987.38495972686,0.24126232593119312,0.19646347574086004,241415.7346373026,1228807.2056494392,5,0,1,5,0,42214100.0,0.0,868.8000000000001,29391000.0,0.0,0.044798850190333084,True
R034,Client 034,Education,Middle Market,3,517345.816,267300.63,4264.13625,2540.567718720851,168334.15359193482,1891488.93518326,198606.3381942423,168334.15359193482,191719.05514409998,171518.9567130678,1.1389195303102506,0.20547202972853537,18932.313984386015,92140.58969193485,2,0,8,4,0,1275400.0,0.0,446154.6,5715000.0,0.0,0.9334475005817152,True
R216,Client 216,Technology,Middle Market,3,320105.5239166666,69265.82,3379.854,3459.902042347104,211980.96205719528,2367608.926068731,248598.93723721683,211980.96205719528,194272.04888646025,168834.3334395968,0.9164598886669977,0.38161895216972513,59981.99012092994,157177.7024696953,4,0,4,3,1,5832700.0,0.0,47711.4,6283000.0,2730000.0,0.5348409364972726,True
R038,Client 038,Construction,Middle Market,3,525085.0110833333,192451.98,17690.681999999997,41385.35740813376,779764.3934976314,10213668.479412219,1072435.190338283,779764.3934976314,262172.091457074,168600.36423735827,0.33621962434204217,0.16900258942969199,122075.74306395928,722330.6073351315,2,0,4,4,2,6852600.0,0.0,13965.6,43947000.0,4595000.0,0.16721703491235018,True
R328,Client 328,Professional Services,Middle Market,7,734778.7225,166080.31999999998,132253.5695,228116.87052908592,1821942.3799066655,22466911.62899723,2359025.721044709,1821942.3799066655,385008.10711606906,166375.02152726924,0.21131738926660912,0.08398879173947554,140917.57110917152,1677814.0057816654,7,0,6,4,1,21316800.0,0.0,80738.4,17014000.0,6700000.0,0.12732859752713357,True
R397,Client 397,Industrial Manufacturing,Middle Market,7,408832.4421333334,85616.99,41387.07899999998,78791.81580630515,538694.1753610368,5889302.746208988,618376.788351944,538694.1753610368,229951.75515239732,165308.45410907295,0.4268688351758806,0.10138072548583699,40284.432893354075,397357.9070410367,3,0,6,3,1,23869200.0,0.0,46495.8,4357000.0,1998000.0,0.3254881096900436,True
R481,Client 481,Professional Services,Middle Market,4,855083.3728690477,324097.04,54289.3565,150441.18719691163,2176841.8047083504,29231635.27849987,3069321.7042424865,2176841.8047083504,425984.09324624256,164763.07668124052,0.1956890447091148,0.18201502504804207,385196.10041964526,2116287.379670851,5,0,2,5,4,12470800.0,0.0,1978.8,63775000.0,18020000.0,0.013674019661072734,True
R413,Client 413,Technology,Business Banking,5,493324.17107142846,105209.23,36331.356750000006,79400.49634240448,1134526.8436746732,15363982.223827757,1613218.1335019143,1134526.8436746732,300551.7795302066,164408.5582892458,0.2649137666560053,0.2441566956040276,274311.2233818991,1123504.8160496734,5,0,1,3,5,1395700.0,0.0,117.60000000000001,2492000.0,20962000.0,0.020757071051977688,True
R039,Client 039,Energy,Middle Market,6,572864.407,128984.70000000001,65290.634999999995,376912.5303116651,1383390.6101192615,18546683.133509707,1947401.7290185192,1383390.6101192615,328205.7039720896,162198.83075777823,0.23724731219897116,0.18559341615418096,250251.7149533326,1348386.8131692614,4,0,1,4,3,4115000.0,0.0,28944.0,12249000.0,14227000.0,0.051653896044790204,True
R490,Client 490,Healthcare,Middle Market,3,402512.0791,120830.898,11877.4743,10615.873328855163,475780.3378988126,5626024.435084876,590732.5656839118,475780.3378988126,218972.1498549193,161878.5093070618,0.4602379131974335,0.23536400489442935,93230.83663619433,396113.4017838126,5,0,3,3,1,12286100.0,0.0,40851.36,21087000.0,1362000.0,0.22487390830300416,True
R190,Client 190,Energy,Business Banking,6,313039.78745000006,41950.912000000004,15968.9417,53755.42939876732,364455.65546957514,4474901.19394187,469864.62536389637,364455.65546957514,204555.12212903978,160820.44347269076,0.5612620330050444,0.2363082289111326,73394.39152338674,310587.54010207515,4,0,5,6,1,6514300.0,0.0,9240.84,4457000.0,2555000.0,0.32495380409391184,True
R069,Client 069,Professional Services,Middle Market,5,779495.54,194872.72,89961.93075000001,167522.73570781175,2388893.136401042,31367706.31490418,3293609.1630649385,2388893.136401042,445841.2890010945,159174.1126329695,0.1866309054212326,0.18656225273670113,445661.5892187745,2388809.0044010417,0,0,1,6,3,0.0,0.0,590.4000000000001,28085000.0,21389000.0,6.865268453146167e-05,True
R128,Client 128,Healthcare,Business Banking,3,296293.7347047619,54898.34200000001,3270.8546999999994,6186.947463396667,248673.13385083593,2912748.332188293,305838.5748797707,248673.13385083593,188250.82478009447,158410.04871799418,0.7570211621373414,0.24568080029036654,47503.0765831503,193352.82418083592,5,0,5,5,3,6401200.0,0.0,9796.44,7850000.0,2763000.0,0.5113403618469748,True
R159,Client 159,Construction,Business Banking,6,289396.07895,44755.632,9026.078699999998,19617.171069906657,236091.52551158,2808625.4824396414,294905.6756561623,236091.52551158,185974.95790646883,157643.97484507924,0.7877239875657756,0.26740390074486214,48834.73823669879,182625.37719408004,8,0,5,2,1,5743400.0,0.0,28368.239999999998,4167000.0,1323000.0,0.5203200868209135,True
R239,Client 239,Energy,Middle Market,3,284030.28533333336,57222.25,1926.41775,5650.483433491904,157892.18167202797,1514269.5331064318,158998.30097617535,157892.18167202797,175529.95459905692,156582.89279841355,1.1117077029416564,0.3482638693415554,31951.101055658877,91743.94437202797,4,0,2,3,0,8801200.0,0.0,12099.0,10676000.0,0.0,0.763443833600101,True
R235,Client 235,Professional Services,Business Banking,5,318490.165,46802.31,19524.778499999997,23661.963634844247,399896.90499435726,4833843.50141059,507553.56764811196,399896.90499435726,203344.9215801349,155357.292980812,0.5084933617653384,0.01658758119872721,5413.029656229895,326330.25824435725,3,0,2,4,0,8126800.0,0.0,7090.200000000001,8775000.0,0.0,0.4919057805666112,True
R437,Client 437,Wholesale Trade,Business Banking,5,489359.6395333333,147117.288,41684.52704999999,66649.53203383062,825603.8231668813,10461247.162985431,1098430.9521134703,825603.8231668813,252581.11447319627,153508.6556931705,0.30593501069839574,0.1619199957205224,124918.22588065948,771481.1584868813,6,0,6,6,3,4073600.0,0.0,144476.16,10365000.0,5615000.0,0.14401501497787333,True
R131,Client 131,Food Distribution,Business Banking,5,388049.1312666667,78108.932,26567.9787,50784.45288572212,683356.1051596166,9023670.22322997,947485.3734391469,683356.1051596166,235357.88726763707,153355.15464848306,0.3444146989989396,0.2594635140646819,168009.63934184815,647527.0326446164,5,0,4,4,5,5248400.0,0.0,5124.24,5590000.0,10634000.0,0.08495118493425774,True
R245,Client 245,Food Distribution,Middle Market,5,493938.759854762,140920.194,33803.82165,73222.58705106113,1018738.2747735278,13186579.874704989,1384590.8868440238,1018738.2747735278,272411.48751549254,150162.89454266915,0.2674008567863531,0.19149187907895604,186639.68949313494,974661.1208310277,4,0,2,1,4,4825500.0,0.0,84268.08,7368000.0,13677000.0,0.07590897770739707,True
R394,Client 394,Transportation & Logistics,Middle Market,5,892216.9456500001,272523.158,122794.24154999999,229404.8987186939,2527148.9361891113,34238088.0589773,3594999.246192616,2527148.9361891113,451588.0329088935,148330.16056620012,0.1786946651390792,0.1653768498792528,415018.37562510057,2509531.267091612,4,0,2,4,3,2396500.0,0.0,4522.5599999999995,46228000.0,23254000.0,0.013317815259826393,True
R426,Client 426,Professional Services,Middle Market,4,364625.7413333333,87774.21,16290.992250000001,16733.572489384966,551315.1873400504,7017825.382020987,736871.6651122037,551315.1873400504,214157.4920849032,147999.66960409717,0.38844838125747333,0.23963883279031398,122570.5893296512,511480.49714005034,4,0,1,4,2,5198000.0,0.0,322.20000000000005,12531000.0,7987000.0,0.14880954846715935,True
R322,Client 322,Professional Services,Middle Market,4,450619.75580000004,124317.964,29382.044775000002,31941.1943818803,868645.9900019686,10887901.479426011,1143229.6553397311,868645.9900019686,251075.58940645764,146838.0706062214,0.28904247794419524,0.2436308019568223,199963.7335052714,820765.4036319684,3,0,5,7,2,8423000.0,0.0,29814.48,21764000.0,4247000.0,0.045411675987372946,True
R046,Client 046,Industrial Manufacturing,Middle Market,3,526943.42195,166292.51399999997,31657.5189,52938.47097675452,1143850.252951313,14514244.438493075,1523995.6660417723,1143850.252951313,283504.0340793554,146242.00372519792,0.24785065470578035,0.2110041007627352,233555.06224523392,1106874.517608813,4,0,4,4,2,6398900.0,0.0,2928.48,37467000.0,5322000.0,0.036846553943045146,True
R500,Client 500,Retail,Middle Market,3,510881.3128571429,200297.5,23792.729249999997,44404.41687816614,804646.2195884057,10713646.719144534,1124932.905510176,804646.2195884057,241505.17192658532,144947.62557597668,0.30013832917790945,0.2671185521397906,208416.56432008534,780239.9445884057,4,0,2,4,2,3750000.0,0.0,26100.0,40250000.0,8765000.0,0.03301977703811887,True
R466,Client 466,Energy,Business Banking,4,381186.53017619054,117332.724,10444.9104,77809.79670195442,531488.8960661939,7082142.621056601,743624.9752109431,531488.8960661939,208142.12588880162,144363.45836085832,0.39162083616301685,0.26158606709712134,131113.2401014333,501224.096361194,3,0,3,4,3,2269000.0,0.0,67867.68,10914000.0,8534000.0,0.1300347690658955,True
R201,Client 201,Professional Services,Middle Market,4,441121.11141666665,134884.69,24267.14025,32546.382675306195,771085.8363647528,9825456.304360483,1031672.9119578508,771085.8363647528,236858.62525869935,144328.324894929,0.30717543247241835,0.2600836776594431,192351.7148203916,739576.264652253,5,0,3,4,3,5105200.0,0.0,16069.8,10640000.0,18033000.0,0.04709175481297523,True
R356,Client 356,Technology,Middle Market,8,1918496.5380285715,422967.404,619605.1464,1769774.764241631,5746092.576067299,76817685.80022112,8065857.009023216,5746092.576067299,833832.8993734436,144301.79024536774,0.1451130291298108,0.10955403312137944,619221.6379384612,5652203.029827299,4,0,6,5,5,7469200.0,0.0,246449.28,25873000.0,41258000.0,0.03555899600843136,True
R077,Client 077,Wholesale Trade,Business Banking,5,243402.01185000004,32324.037999999997,4593.7308,5433.347229652223,170030.6739436838,1905737.1529027862,200102.40105479257,170030.6739436838,161903.1222375922,141499.44136435015,0.9521994971990552,0.40660634992215516,50328.32608479755,123776.53741618377,8,0,1,2,1,5677100.0,0.0,6176.16,1517000.0,3356000.0,0.5455931472769,True
R143,Client 143,Healthcare,Business Banking,5,264861.2120666667,36082.566,8230.90935,17564.176745012737,299722.221078517,3429908.32507231,360140.37413259246,299722.221078517,176386.1520934241,140419.4855640021,0.5884987488038699,0.04016814559037339,9279.011704048473,231004.2340185169,8,0,5,2,0,8383400.0,0.0,8568.119999999999,5370000.0,0.0,0.5483306032134965,True
R399,Client 399,Wholesale Trade,Middle Market,5,491163.48961666663,128428.97400000003,46151.725275000004,67565.64883620886,1111564.062666684,13682858.098901737,1436700.1003846826,1111564.062666684,273127.28513329383,139739.5976132918,0.24571438957647768,0.1441073904005396,149214.5012635913,1035439.6179741838,6,0,2,4,2,11889900.0,0.0,22495.68,22437000.0,4376000.0,0.10160699917593807,True
R168,Client 168,Energy,Middle Market,6,287769.1434285714,37806.850000000006,17191.1025,112913.00100264637,418087.91073571285,4955874.463688617,520366.8186873046,418087.91073571285,189139.35737384128,138968.80808555573,0.4523913572172205,0.11310912640277415,39267.216123908256,347162.2261857128,5,0,0,2,1,9882900.0,0.0,0.0,3878000.0,2091000.0,0.33928223081444636,True
R385,Client 385,Wholesale Trade,Middle Market,3,503192.3993333334,198047.37999999998,15934.19175,34988.71692656953,891399.0003316519,11513063.923885321,1208871.7120079584,891399.0003316519,245882.56371303753,138914.68367323928,0.27583894936112224,0.2327780304800647,199603.0826168735,857482.4789316518,1,0,2,7,3,4880200.0,0.0,52365.6,30044000.0,12616000.0,0.043060918881057536,True
R416,Client 416,Energy,Business Banking,5,288740.28533333336,53964.583999999995,12984.5419,42387.26670636955,326955.28076626785,4004681.8414441347,420491.59335163404,326955.28076626785,178127.9926845544,138893.35899260224,0.5448084284403825,0.2583438503953855,73163.01181420134,283200.12921626784,6,0,4,2,2,4792100.0,0.0,36569.88,3442000.0,3248000.0,0.286464578044997,True
R455,Client 455,Energy,Middle Market,5,399098.21546666673,96048.838,33368.21204999999,170890.10184511862,748088.9943595456,9530777.506424993,1000731.6381746241,748088.9943595456,226846.76969162698,137076.09036848156,0.3032350046612237,0.17885920103717828,121560.35031982376,679642.7000395457,7,0,5,2,1,10478100.0,0.0,45542.16,3581000.0,9500000.0,0.12437580362404543,True
R204,Client 204,Commercial Real Estate,Business Banking,6,284307.0126833333,41642.615999999995,19617.7581,38531.68738186623,363379.2559444321,4604844.1872992115,483508.63966641715,363379.2559444321,180147.92235226746,136542.41163893556,0.4957573097673348,0.31864521747924085,105941.41590439028,332474.5205419321,5,0,2,1,3,3722400.0,0.0,8529.119999999999,1419000.0,5867000.0,0.17711209228809394,True
R445,Client 445,Food Distribution,Middle Market,5,487112.12704999995,121993.45,51138.592500000006,56484.765716120644,1126870.182417982,13948333.880614083,1464575.0574644785,1126870.182417982,271597.08579555014,136372.66390539228,0.24101896565651476,0.11545275418594238,120564.58658186268,1044276.4006104821,6,0,4,5,0,12168300.0,0.0,22230.0,26147000.0,0.0,0.1255662114705724,True
R446,Client 446,Healthcare,Business Banking,3,286546.71958333335,72952.33,5627.499,4862.701258440395,240950.37767448433,2855157.8039985476,299791.56941984745,240950.37767448433,165105.04489408873,136190.99957315062,0.6852242627199363,0.36784917213579477,72638.5395458375,197468.26973698434,3,0,3,5,2,5384600.0,0.0,32832.6,7412000.0,4639000.0,0.31737509058414154,True
R120,Client 120,Professional Services,Middle Market,5,720346.2945714286,289616.11,56065.86975,100842.2644339513,1638900.5340248025,21663754.37839343,2274694.20973131,1638900.5340248025,332699.10888985137,136031.0448068751,0.20300140367445657,0.1576898452620765,252860.17864042742,1603528.6116248022,0,0,5,9,2,0.0,0.0,238060.19999999998,31451000.0,10801000.0,0.045311558412380076,True
R207,Client 207,Commercial Real Estate,Business Banking,4,257082.4026071429,40875.009999999995,6160.36525,26634.504191785585,284109.05057484284,3386376.7661293675,355569.5604435836,284109.05057484284,167948.77161124846,133855.68554226734,0.5911419269165652,0.2703316881239815,64835.75041927073,239837.7743623429,5,0,3,5,1,5544400.0,0.0,9016.2,5939000.0,1514000.0,0.3208102387925837,True
R454,Client 454,Food Distribution,Middle Market,6,308684.8055000001,49430.93400000001,25627.18815,49014.45745506309,489232.08488263417,5877740.948282056,617162.7995696159,489232.08488263417,191871.2101496659,133163.3599637498,0.3921885258112117,0.0659807945241523,27594.61018509637,418221.85355763417,6,0,4,4,0,9001900.0,0.0,11582.880000000001,8445000.0,0.0,0.32620773128705943,True
R386,Client 386,Healthcare,Middle Market,6,674161.7039166668,186675.05,112690.06125,111320.8003269084,1679618.6899555034,21270755.892928794,2233429.368757523,1679618.6899555034,333991.05329476466,132436.81050010427,0.19884933127507218,0.1538202830476223,245781.2419079094,1597846.7666180036,3,0,1,7,1,13540700.0,0.0,91590.0,21310000.0,9201000.0,0.04502904822744988,True
R274,Client 274,Education,Business Banking,5,378914.8013380953,100259.854,24110.95515,43086.25509472323,680156.789891873,8786391.06840437,922571.062182459,680156.789891873,213354.82173518854,131736.00694816382,0.3136847634338934,0.229631282066029,150287.59651317066,654473.5332268729,4,0,3,6,2,1899000.0,0.0,64394.28,7823000.0,7692000.0,0.08405348136786439,True
R084,Client 084,Healthcare,Business Banking,4,191736.89449999997,11597.79,647.5789999999998,651.7421157941761,69170.34026280817,539930.6793453128,56692.72133125784,69170.34026280817,138437.48353608977,130137.04270455278,2.001399487267312,0.5353775891459663,11433.644983375767,21356.22636280817,6,0,1,0,1,5444900.0,0.0,190.8,0.0,739000.0,1.4660218981213458,True
R310,Client 310,Industrial Manufacturing,Business Banking,4,244918.5869333333,37403.462,6413.989825000001,16368.272481746057,277554.71500758803,3420215.436323687,359122.62081398704,277554.71500758803,160958.11364345538,127651.5478425448,0.5799148958397444,0.26009554814939945,61826.482452149954,237706.80771758803,5,0,3,3,2,4745200.0,0.0,5574.84,2458000.0,4137000.0,0.319819347690345,True
R012,Client 012,Construction,Middle Market,6,370539.69216666673,59384.5,51349.245,151185.61655600663,782320.6982795069,10015922.381303253,1051671.8500368416,782320.6982795069,220343.22347832503,126464.73968478425,0.2816533219214417,0.14861800447772064,109825.98685604555,738981.7084545068,2,0,3,4,1,4997000.0,0.0,7980.0,8912000.0,3624000.0,0.13303531744372107,True
R323,Client 323,Healthcare,Business Banking,5,255552.05925000002,46018.450000000004,9743.0625,14295.409330068815,285090.2376318539,3599400.464968039,377937.04882164416,285090.2376318539,160182.55588310806,125971.72736728558,0.5618661558308317,0.33103289996280183,83998.6981279963,253747.2805193539,6,0,3,3,4,3463900.0,0.0,20532.0,1394000.0,5478000.0,0.23083325586802983,True
R249,Client 249,Technology,Business Banking,4,247003.02615,51131.863999999994,6691.7589,6222.422031666607,240793.86169252783,2727360.039684389,286372.8041668609,240793.86169252783,150821.9748631234,121926.71146002006,0.6263530714736805,0.21189313537497806,38632.89921007602,182322.56152002784,6,0,6,8,1,8293900.0,0.0,19515.48,5734000.0,1753000.0,0.4144599360987024,True
R419,Client 419,Education,Business Banking,4,356254.97675,114958.91,14300.541375000003,24531.21579565596,557726.4236364957,6959863.77374262,730785.696242975,557726.4236364957,188835.67444060388,121908.50360422437,0.3385811868287589,0.18947041627911076,98224.10759803808,518413.9536239957,4,0,3,6,1,3169600.0,0.0,99268.2,11893000.0,3107000.0,0.1491107705496481,True
R100,Client 100,Construction,Business Banking,3,288842.7575166667,71580.34999999999,9667.37475,30657.18165226016,401318.7301462996,5115897.966905941,537169.2865251238,401318.7301462996,169514.81094674737,121356.56332919149,0.4223944665751116,0.355732535842542,133199.99661507676,374438.6110187996,6,0,5,5,3,4535600.0,0.0,8469.0,5149000.0,9355000.0,0.0666619307325696,True
R112,Client 112,Transportation & Logistics,Business Banking,8,312451.0422857143,39127.49,45386.094000000005,178496.84498422005,579824.4982033991,7242624.535829008,760475.5762620457,579824.4982033991,190198.1331145743,120619.19333016642,0.3280270731987145,0.12633446370054618,66058.43028597083,522885.2709783992,5,0,5,3,3,7620100.0,0.0,4708.8,2329000.0,3768000.0,0.2016926094981683,True
R221,Client 221,Technology,Middle Market,4,251168.598452381,50922.25,5529.889499999999,8128.9102937117,320420.5581277094,3795333.1986166285,398509.985854746,320420.5581277094,157360.01433462632,118909.5473593012,0.4911046134309137,0.2509422929580835,68779.6970370088,274085.71200270933,4,0,1,3,2,6764500.0,0.0,6480.0,3329000.0,5680000.0,0.2401623204728302,True
R383,Client 383,Commercial Real Estate,Business Banking,5,321450.9185833333,72325.08,20573.6955,91565.67957495747,621379.7590375077,8163676.035121441,857185.9836877512,621379.7590375077,191881.2004927708,117315.62940826987,0.30879860134161286,0.1597963630760948,93103.33683297857,582637.3957500078,5,0,3,3,3,4579300.0,0.0,1476.6,11271000.0,5599000.0,0.14900223826551806,True
R487,Client 487,Wholesale Trade,Business Banking,5,345401.0271666667,94659.08,23710.326749999997,53875.92438446547,619988.6966683101,8148060.519617235,855546.3545598096,619988.6966683101,190684.9007811814,116286.2571809842,0.3075618987989334,0.22685007062914248,134192.99480150794,591549.2749433102,3,0,3,3,3,2611100.0,0.0,73692.6,5827000.0,6626000.0,0.08071182816979094,True
R078,Client 078,Commercial Real Estate,Business Banking,4,246089.7257166667,80998.32600000002,1676.7441000000001,3723.7570973040465,88183.97759281215,715771.6589276387,75156.02418740206,88183.97759281215,126775.40145303236,116193.3241418949,1.4376239869607081,0.16408335094000007,4276.684946866901,26064.100485312156,11,0,6,2,0,6624900.0,0.0,123856.32,840000.0,0.0,1.273540636020708,True
R380,Client 380,Construction,Middle Market,4,432827.44008333347,157014.97000000003,19043.787624999997,99550.24823079685,873324.1368909291,10059517.33861477,1056249.3205545505,873324.1368909291,220697.66291376203,115898.76648685057,0.2527099087166594,0.19698304481508763,142722.04803969117,724539.760128429,3,0,3,6,1,31365200.0,0.0,20849.4,21425000.0,5225000.0,0.05572686390157175,True
R136,Client 136,Energy,Business Banking,6,234665.13736190478,31008.278,14423.55855,56049.954481311426,315639.5392774949,3811989.1101450785,400258.8565652332,315639.5392774949,153052.92153630717,115176.17682300773,0.48489781060588394,0.2234294762295937,60862.60293479373,272401.851187495,4,0,1,5,1,5968100.0,0.0,432.96,5335000.0,699000.0,0.26146833437629025,True
R185,Client 185,Professional Services,Middle Market,8,724145.200154762,205852.09000000003,172616.6265,768968.9177487107,1632274.5633763494,21978863.865774803,2307780.705906354,1632274.5633763494,310474.48130201106,114601.53369684912,0.190209716103029,0.11648401607333203,183981.18500591684,1579454.3423888497,1,0,5,3,2,2176700.0,0.0,227782.8,6452000.0,12161000.0,0.07372570002969697,True
R357,Client 357,Education,Business Banking,5,302495.1815,82662.56999999999,14236.178250000003,39359.20633039412,461724.43808371125,5733261.982928153,601992.5082074561,461724.43808371125,169763.34632832938,114356.41375828406,0.3676724304065341,0.20392137387891907,85649.8589701309,420014.13260871125,6,0,6,2,4,4413100.0,0.0,80534.40000000001,2244000.0,5310000.0,0.163751056527615,True
R244,Client 244,Construction,Business Banking,6,331381.9863333333,62362.15,39301.965,100047.7842903906,668763.7685505213,8936307.03435911,938312.2386077065,668763.7685505213,194153.61008112156,113901.95785505901,0.29031717807011304,0.23723619440304625,154512.83309750957,651303.7923505214,3,0,1,5,3,2032100.0,0.0,13830.0,5357000.0,7324000.0,0.05308098366706679,True
R477,Client 477,Healthcare,Business Banking,6,238534.90550000002,29848.04,17571.369,32315.02917841372,347973.0218845744,4218289.785738849,442920.42750257923,347973.0218845744,155429.46796034265,113672.70533419374,0.4466710296061398,0.1632517757626673,48954.110187503145,299868.77605957445,3,0,2,4,1,6433600.0,0.0,2224.8,2914000.0,1950000.0,0.2834192538434725,True
R459,Client 459,Energy,Middle Market,4,210953.35105000003,35093.072,4149.6777,22443.26599301079,199078.21223298725,2457428.714030718,258030.01497322536,199078.21223298725,136325.0855159372,112435.70004797875,0.6847815438305817,0.3044112039430945,50626.39120376376,166309.22432548724,3,0,5,2,1,3609500.0,0.0,9536.04,5446000.0,1194000.0,0.38037033988748714,True
R240,Client 240,Transportation & Logistics,Business Banking,4,256133.4909,55682.742,7153.004325000001,28851.67940356805,387752.39352561766,4966366.405542876,521468.4725820018,387752.39352561766,158251.92091155957,111721.63368848544,0.4081262257923479,0.28982625011879043,105896.39794941446,365378.9051406177,4,0,1,5,5,2842700.0,0.0,1909.44,2304000.0,9401000.0,0.11829997567355749,True
R177,Client 177,Technology,Middle Market,6,900308.0706785715,203102.00400000002,162143.45265,353957.64133406547,3251314.382063839,42224711.557078056,4433594.713493196,3251314.382063839,501781.0454809022,111623.31963324157,0.15433175218275455,0.102696087524039,326215.8886933389,3176517.2029263396,2,0,3,9,3,9424600.0,0.0,9119.28,42801000.0,7588000.0,0.05163566465871555,True
R040,Client 040,Food Distribution,Business Banking,6,352544.9280571429,59166.954,49575.5064,91387.4476118182,823364.4595000616,10770346.66882576,1130886.4002267048,823364.4595000616,209381.5195044004,110577.78436439298,0.25429992403550516,0.18619035918050947,148575.16882059257,797974.5539700615,3,0,3,4,4,3132400.0,0.0,3614.2799999999997,6942000.0,6263000.0,0.0681095648549957,True
R176,Client 176,Construction,Business Banking,6,232451.09831666667,42416.831999999995,13239.173699999998,33908.900810555635,268255.28875747416,3319087.9578888332,348504.2355783275,268255.28875747416,142213.4201377104,110022.78548681349,0.530142092617915,0.19063078436987482,43234.276164553514,226795.87825997415,2,0,3,1,3,4712300.0,0.0,27075.24,2610000.0,2516000.0,0.3395113082480402,True
R398,Client 398,Construction,Business Banking,2,203048.74375,36122.45,1673.58075,7938.741877187004,171878.65615348803,2025914.6438648205,212721.0376058061,171878.65615348803,130621.23135905107,109995.79262063249,0.7599619073260965,0.303284352249398,41662.07270121731,137369.67434098804,4,0,0,2,2,4059300.0,0.0,0.0,2704000.0,4571000.0,0.4566775550766985,True
R360,Client 360,Healthcare,Business Banking,2,226828.35958333334,66287.7,1814.2019999999998,1709.2434510396752,124507.7519714114,1370744.0671478019,143928.12705051922,124507.7519714114,124275.20458601686,109334.27434944747,0.9981322658090563,0.42090568119111194,35344.61134266558,83972.75903391141,6,0,4,3,2,4207500.0,0.0,65349.0,2907000.0,3080000.0,0.5772265846179444,True
R203,Client 203,Retail,Business Banking,5,319991.8701666667,88402.85,23663.368124999994,90936.93244846695,553669.092933037,7134863.706085704,749160.6891389989,553669.092933037,174223.85321088732,107783.56205892291,0.3146714444325298,0.18727130968904332,97180.64711330082,518929.71365803696,4,0,4,4,3,3177200.0,0.0,75801.0,5146000.0,5319000.0,0.1274001347434865,True
R184,Client 184,Professional Services,Middle Market,4,254201.88015000004,75769.35800000001,6494.3418,5319.455677764512,265149.5109394467,3023799.6766547575,317498.96604874945,265149.5109394467,138431.29175608823,106613.35044335463,0.5220876752350577,0.29817125188943916,62028.40323354636,208029.4556919467,5,0,8,3,0,9537400.0,0.0,23449.56,13876000.0,0.0,0.22391642334561856,True
R404,Client 404,Retail,Business Banking,6,359412.3797142857,97656.08000000002,42199.859249999994,87352.0992000277,665265.7394295139,8937048.690434568,938390.1124956297,665265.7394295139,186328.57028856472,106496.68155702305,0.2800814159592034,0.22634175413004132,146727.79017016376,648257.723079514,4,0,3,3,3,833200.0,0.0,69309.6,4948000.0,9104000.0,0.053739661829162066,True
R340,Client 340,Energy,Business Banking,7,243370.1717857143,28175.6,29371.995000000006,81105.93561161711,383188.450785349,4782987.28758598,502213.6651965279,383188.450785349,152437.25242712215,106454.63833288028,0.3978127527452884,0.2019259702204252,70469.30456949466,348985.84116034897,4,0,3,1,3,4267500.0,0.0,2307.0,2080000.0,2939000.0,0.1958867825248632,True
R369,Client 369,Healthcare,Middle Market,6,246087.87840000002,39235.784,21356.834399999996,39836.684274519735,412840.0905689541,5239608.684194235,550158.9118403946,412840.0905689541,153056.09865004764,103515.28778177314,0.37073942707239,0.10769190653683466,39396.840413515005,365829.1665589541,4,0,3,1,1,5700400.0,0.0,9194.880000000001,4198000.0,2430000.0,0.26304752053555536,True
R471,Client 471,Professional Services,Middle Market,5,222550.5473571429,36617.57,12105.928875000001,15497.967648423592,325074.7782641724,3982669.867193516,418180.3360553192,325074.7782641724,141620.2448584383,102611.27146673758,0.43565436117394024,0.19420108039060227,56446.53420551776,290660.24808917235,4,0,2,3,2,4129900.0,0.0,4250.4,5089000.0,2283000.0,0.24145328078333797,True
R025,Client 025,Professional Services,Business Banking,6,250739.05408333335,33022.478,30990.2623,55746.74980127605,435539.45345426083,5587738.483484499,586712.5407658722,435539.45345426083,154655.88288340502,102391.1484688937,0.3550904095067166,0.19154952518886725,77568.27082343826,404951.5170917609,6,0,4,2,1,3606900.0,0.0,3732.96,982000.0,4916000.0,0.16354088431784936,True
R318,Client 318,Energy,Business Banking,4,317370.5760333333,94203.76599999999,16868.355600000003,79311.37313207565,603294.5353083761,7855076.606359098,824783.0436677051,603294.5353083761,174439.2234724564,102043.87923545127,0.28914437851370756,0.22351028664380018,130363.71959743559,583256.017228376,5,0,2,8,2,2120600.0,0.0,29826.12,11417000.0,7702000.0,0.06563409186990737,True
R269,Client 269,Transportation & Logistics,Middle Market,5,371055.09891666664,83472.74,32690.709,129396.79170831211,1010887.3205736143,13163198.091979932,1382135.7996578927,1010887.3205736143,223296.21693665063,101989.7384678169,0.2208913025142547,0.18748525594687274,184924.26246870036,986340.2939861144,4,0,1,4,2,4027000.0,0.0,1216.8000000000002,7333000.0,11355000.0,0.03340604656738197,True
R393,Client 393,Education,Business Banking,3,221454.01277380952,52190.22,5130.80625,6667.93611968559,260014.61424747048,3043563.6258494994,319574.1807141976,260014.61424747048,132349.09737097623,101147.34366127975,0.509006379329941,0.3155505529495925,68651.01705652698,217559.48900997048,8,0,3,5,4,7053300.0,0.0,3941.4,4896000.0,4957000.0,0.19345582638034847,True
R173,Client 173,Commercial Real Estate,Middle Market,7,685363.2324166666,171006.79,156811.85400000002,406823.0404352568,1885349.2447901056,24181442.42781243,2539051.454920305,1885349.2447901056,326899.20609922515,100657.29672441247,0.17338920468054636,0.10735219679777289,196794.35682278842,1833165.6239276056,2,0,3,6,1,3909300.0,0.0,123598.8,22361000.0,4200000.0,0.06603700788277347,True
R017,Client 017,Healthcare,Middle Market,7,428394.6138,112855.332,75680.8962,94551.5999613744,902163.5102560028,11344389.712787794,1191160.9198427184,902163.5102560028,208689.67736609062,100430.05613537031,0.23132134584657688,0.05853317467899565,48642.351552887434,831021.9259360027,3,0,3,4,0,7562400.0,0.0,96252.24,13878000.0,0.0,0.17278817116758122,True
R464,Client 464,Industrial Manufacturing,Middle Market,6,504172.2847333334,198188.81800000003,63367.1988,63327.14012743975,928830.876177941,12306215.549827587,1292152.6327318964,928830.876177941,211565.95506629988,100106.24992494697,0.22777661735027108,0.15258436702132896,136679.25461219027,895761.848217941,0,0,3,6,0,0.0,0.0,221978.76,21743000.0,0.0,0.07519225032894211,True
R108,Client 108,Professional Services,Business Banking,7,342680.7144166667,56227.752,71150.8032,114992.52975543504,722370.8465763992,9307958.181694413,977335.6090779133,722370.8465763992,184766.21197549213,98081.71038632421,0.2557775038280853,0.08192760949098836,55036.345710067355,671767.9919138992,6,0,3,7,2,5777200.0,0.0,10592.64,8817000.0,2417000.0,0.1738498943370969,True
R169,Client 169,Energy,Middle Market,3,317422.28374999994,146488.37,6631.0777499999995,18023.918547394784,297051.238003486,3769564.6761188074,395804.29099247477,297051.238003486,133561.87458398202,97915.72602356371,0.44962571266043544,0.21327759037040128,56325.47232866826,264094.658190986,3,0,4,6,0,2533700.0,0.0,86462.4,27181000.0,0.0,0.23634812229003416,True
R145,Client 145,Construction,Middle Market,6,534233.9969166666,130267.5,70126.785,369661.8931817205,1720285.5378306739,22077936.909320127,2318183.375478613,1720285.5378306739,304053.73589359224,97619.47135391134,0.17674608616254028,0.11445156993137132,191357.69291767996,1671953.4125431736,4,0,4,2,1,5333300.0,0.0,46071.0,9186000.0,14395000.0,0.06229451623116897,True
R440,Client 440,Professional Services,Middle Market,6,440799.0269333333,97108.574,74044.9734,175703.04929626206,1190235.5617739095,16155982.015536835,1696378.1116313676,1190235.5617739095,239756.85698283793,96928.5895699688,0.2014364758397135,0.18672683629046402,218612.50542178252,1170761.0419839094,2,0,1,4,2,3116300.0,0.0,26995.68,14254000.0,6155000.0,0.014709639549249476,True
R241,Client 241,Food Distribution,Business Banking,4,236099.2710833333,87443.54,4557.249,7863.6359553655575,152261.4187814601,1724931.0214693334,181117.75725427998,152261.4187814601,113970.01549687886,95698.64524310365,0.7485153915481331,0.11921456479388624,12784.847712614102,107242.33011896006,5,0,5,4,0,3408600.0,0.0,131014.8,2935000.0,0.0,0.6293008267542468,True
R410,Client 410,Technology,Business Banking,6,260809.8775,51282.62,25783.93325,36775.21861116929,493744.7333924322,6259755.117936679,657274.2873833512,493744.7333924322,154091.89732906257,94842.52932197072,0.3120881842532771,0.16075998187350898,73963.83901801007,460088.6250174322,5,0,3,4,2,4007900.0,0.0,13241.4,8911000.0,1511000.0,0.15132820237976813,True
R132,Client 132,Professional Services,Business Banking,6,378925.83439285716,82116.81999999999,59394.057,123936.56535311505,956283.384514664,12218486.243285226,1282941.0555449482,956283.384514664,208416.21944947055,93662.21330771086,0.2179439931974209,0.1651053473857058,150267.84831747023,910133.1404271638,3,0,6,2,3,7579900.0,0.0,35015.4,4226000.0,8155000.0,0.0528386458117151,True
R242,Client 242,Wholesale Trade,Business Banking,5,279718.17475,78051.55,20065.20375,28962.689977669343,491315.62439755717,6175258.321820113,648402.123791112,491315.62439755717,152392.9751298725,93435.10020216566,0.3101732726630344,0.18075170660852552,80876.77892264377,447446.8343350572,6,0,5,5,2,6594100.0,0.0,25038.0,13403000.0,1662000.0,0.12942156605450889,True
R384,Client 384,Commercial Real Estate,Business Banking,3,232513.6687214286,64210.134,6606.519899999999,24804.713703876238,325125.2810027408,4042238.0117801526,424434.991236916,325125.2810027408,132402.8969864259,93387.86326609702,0.4072365476411838,0.3644141095871813,112280.21891545756,308111.6124802407,3,0,1,4,3,3106300.0,0.0,194.88,6900000.0,7843000.0,0.04282243805400249,True
R252,Client 252,Retail,Business Banking,5,202265.97340000005,32141.174,10050.284025,57361.73706152719,324225.48820441146,3885665.6567581934,407994.8939596103,324225.48820441146,131143.46946986113,92236.41088533173,0.4044822947021991,0.10789614122771973,29671.472711013485,275000.31394441146,5,0,2,5,1,6948300.0,0.0,1507.6799999999998,4297000.0,1300000.0,0.29658615347447936,True
R497,Client 497,Commercial Real Estate,Middle Market,3,295956.10866666667,134108.39,5738.6381249999995,22304.63420444404,297118.59854072396,3680353.394674663,386437.1064408396,297118.59854072396,127336.59140496823,91682.35958008138,0.42857159407176965,0.27626163294632716,73160.25892398025,264822.3647407239,3,0,6,5,2,2411600.0,0.0,139351.8,8644000.0,5243000.0,0.15230996112544248,True
R080,Client 080,Food Distribution,Middle Market,5,462014.68721428566,119315.48,58279.2155,121108.83714053489,1376018.6702628236,17873904.340711482,1876759.9557747059,1376018.6702628236,256421.49999474737,91299.25956320853,0.18635030580345985,0.10435200836873955,137822.05678777889,1320741.7752878235,5,0,1,5,1,7601800.0,0.0,849.5999999999999,28027000.0,2078000.0,0.0819982974347203,True
R079,Client 079,Industrial Manufacturing,Business Banking,5,265012.6873333333,109149.06,7963.882250000001,19838.23202514396,234552.60500958908,2966026.5692955377,311432.7897760314,234552.60500958908,119266.81548591392,91120.50288476323,0.5084864245316653,0.17523563053681782,34227.953973232914,195325.31065958907,4,0,2,3,2,2250100.0,0.0,158116.2,3321000.0,1597000.0,0.33325079399484747,True
R473,Client 473,Professional Services,Business Banking,6,225565.19278333333,34429.72,21668.83575,27157.82344418388,422695.4355999931,5395308.3734569745,566507.3792129824,422695.4355999931,141162.7125909891,90439.26031898998,0.33395845022697335,0.22180465809968888,89211.59299362307,402207.9326824931,3,0,3,2,2,2391800.0,0.0,2966.3999999999996,3941000.0,3426000.0,0.11215379212728446,True
R421,Client 421,Transportation & Logistics,Business Banking,5,208607.46744285713,35934.866,11904.02685,49594.30673209728,354815.3816751073,4446183.242580599,466849.2404709629,354815.3816751073,132566.01475838508,89988.16895737221,0.3736196952131331,0.18503582601195068,59181.83992711838,319839.89913010725,5,0,6,3,2,4789100.0,0.0,5523.12,2713000.0,3604000.0,0.18858386920118242,True
R171,Client 171,Education,Business Banking,7,309608.7640833334,73458.19200000001,50846.7897,64164.36906779367,562734.1092755564,7315044.039029576,768079.6240981056,562734.1092755564,157296.4746487361,89768.38153566937,0.2795218417650814,0.1080400540127435,56294.58569193436,521052.9206630563,4,0,3,7,1,3951300.0,0.0,63580.44,8226000.0,838000.0,0.17148178775233788,True
R178,Client 178,Transportation & Logistics,Middle Market,3,262727.98965,106882.652,4562.9457,17265.057186136764,280921.794199495,3684676.8283813265,386891.06698003924,280921.794199495,123194.38958027725,89483.77427633783,0.4385362478953536,0.26945933847322134,69613.04247183839,258343.40300199497,1,0,5,5,1,625100.0,0.0,114023.64,7222000.0,3990000.0,0.16907690942213227,True
R465,Client 465,Retail,Business Banking,4,157074.44025,27208.369999999995,1785.9195000000002,3844.6396901310945,88296.17899716765,918401.9530420976,96432.20506942023,88296.17899716765,99924.46076745713,89328.91928779702,1.131696319165323,0.39773509291960274,22021.74109485537,55367.86038466763,6,0,5,1,1,3736400.0,0.0,23261.399999999998,523000.0,1551000.0,0.7339612262457204,True
R281,Client 281,Technology,Business Banking,4,264488.87411904766,90932.24,11764.270874999998,11291.76823532195,374668.5902305725,4716036.705047518,495183.8540299894,374668.5902305725,133924.99901562274,88964.76818795405,0.3574492298198917,0.2368292936272678,80775.22659690325,341069.40640557243,6,0,5,6,1,4320800.0,0.0,59542.8,7783000.0,5436000.0,0.1206199361926239,True
R066,Client 066,Industrial Manufacturing,Middle Market,6,367816.64075,86351.53,48703.007999999994,113164.41933171825,971825.2890252777,13150822.350369215,1380836.3467887675,971825.2890252777,205334.80604687962,88715.7713638463,0.21128777812813096,0.15949263400972463,151517.57182470788,949997.3009127777,2,0,1,3,2,2549700.0,0.0,6723.599999999999,14465000.0,6267000.0,0.05179514411840633,True
R329,Client 329,Education,Middle Market,6,445672.7998738095,152852.00600000002,61729.307100000005,63230.83160928241,959942.0168621817,12404050.048514504,1302425.2550940223,959942.0168621817,203717.43336148266,88524.39133802093,0.2122184775569942,0.13330047180309415,121959.96526473653,914925.2333096814,2,0,7,5,1,4158600.0,0.0,138982.91999999998,14494000.0,4321000.0,0.07891800575390004,True
R125,Client 125,Energy,Business Banking,6,192747.08233333332,40213.06,9676.1685,33048.506227317856,231708.75783583455,2762163.1886379328,290027.13480698294,231708.75783583455,115351.76716760987,87546.71622730972,0.4978308469865282,0.10433429220348883,19782.257695093853,189604.56123583455,5,0,2,3,0,4952700.0,0.0,30748.2,4535000.0,0.0,0.39349655478303935,True
R493,Client 493,Technology,Business Banking,3,198660.39448333334,56774.352000000006,3076.4862,4774.236421722174,199482.742326316,2366219.480434427,248453.04544561487,199482.742326316,111332.12781580136,87394.19873664345,0.5581040571102791,0.31206949329317196,50854.929401924,162960.27165381596,5,0,6,4,3,5339200.0,0.0,26894.64,3687000.0,4682000.0,0.24603456381710714,True
R494,Client 494,Construction,Business Banking,5,232373.51067857147,46180.16,15009.189749999998,65778.46650514242,473805.09107664635,6096125.6041336795,640093.1884340363,473805.09107664635,143963.49927061694,87106.8883414194,0.3038454039053968,0.17284355899029738,76580.26056124372,443061.1184391463,7,0,3,3,3,4130300.0,0.0,2062.2,5902000.0,4043000.0,0.13100184491509945,True
R219,Client 219,Technology,Business Banking,4,139390.75950000001,12066.3,1928.4999999999998,4956.594949408267,102208.22161671332,1053540.8795488125,110621.7923526253,102208.22161671332,98291.54178450505,86026.55519049945,0.961679405333007,0.2637341564714339,17526.54282474953,66455.3391917133,7,0,0,0,1,4738200.0,0.0,0.0,0.0,1102000.0,0.6979452488615732,True
R311,Client 311,Commercial Real Estate,Business Banking,5,246003.811,77373.378,10198.174799999999,58092.97122965235,380440.2319085707,5012652.725823076,526328.5362114228,380440.2319085707,131540.19741764478,85887.3695886163,0.3457578520487738,0.1974139973340736,70301.14720552578,356110.2462585707,2,0,5,3,2,1511600.0,0.0,72039.96,4746000.0,4194000.0,0.14834385471470019,True
R443,Client 443,Construction,Business Banking,5,237362.7476857143,50550.102,13914.8132,79425.97244965158,502532.1997788999,6486847.04307867,681118.9395232605,502532.1997788999,146106.44485467346,85802.58088120549,0.2907404638328772,0.23054813912013422,109735.84327887537,475978.0048439,7,0,5,0,4,4300100.0,0.0,13262.64,0.0,8179000.0,0.060192324712742995,True
R431,Client 431,Education,Middle Market,6,519743.04828333337,131221.37,86816.17574999998,131607.12093012175,1587740.5273935674,20688594.709779322,2172302.4445268284,1587740.5273935674,275753.4697568691,85224.60646964106,0.1736766587482311,0.12233388876118573,187860.86228684854,1535640.4034010672,4,0,6,7,2,8046600.0,0.0,12695.4,26017000.0,4691000.0,0.05134276998704537,True
R470,Client 470,Healthcare,Business Banking,4,188322.42843333332,31906.306,10175.74035,11648.545555592213,286208.3036824837,3495462.94488809,367023.6092132493,286208.3036824837,119517.14534908281,85172.14890718476,0.4175879728551615,0.20176164265222743,52078.0150214039,258116.52966748367,4,0,1,6,3,3530300.0,0.0,337.92,4850000.0,2100000.0,0.2158263302029341,True
R121,Client 121,Technology,Business Banking,5,281183.4187142857,69399.436,24100.70135,41768.52711591597,637355.412459755,8525679.43840844,895196.3410328861,637355.412459755,161288.3132054296,84805.66371025897,0.25305867033115365,0.2306439168251115,144667.7156962276,627234.0397597549,2,0,5,5,5,1420800.0,0.0,10769.52,5543000.0,9321000.0,0.022414753506042134,True
R457,Client 457,Technology,Middle Market,7,437237.33435,120952.372,96357.32895,125725.20654011224,910802.9453619892,11602250.42719558,1218236.294855536,910802.9453619892,193795.09556529182,84498.74212185312,0.21277390082249895,0.08078203672697794,69322.05577845464,858137.0139594892,1,0,6,5,1,4156500.0,0.0,130232.04,10244000.0,1608000.0,0.131991864095521,True
R304,Client 304,Technology,Business Banking,4,200524.3687285714,48998.482,6415.7962,11718.4144730395,313297.56659226393,3913453.2363097174,410912.5898125202,313297.56659226393,119450.75560020393,81855.04760913226,0.3812693373251162,0.21812981801701212,61173.34748607473,280444.6821722639,7,0,2,3,2,4997800.0,0.0,3243.24,4301000.0,5481000.0,0.16313951930810408,True
R349,Client 349,Transportation & Logistics,Business Banking,5,226656.65698809523,77654.168,11047.63755,22501.3853813276,256237.1384248043,3325815.397780881,349210.6167669925,256237.1384248043,112343.18576326215,81594.72915228564,0.4384344379346499,0.178866870869174,40568.31166786641,226807.2979123043,5,0,5,5,1,1872900.0,0.0,90338.76,5230000.0,1523000.0,0.2595675670654759,True
R321,Client 321,Retail,Business Banking,4,212422.52873809525,46414.32000000001,9688.2915,38918.26043735472,412651.3344284946,5168299.92569341,542671.4921978081,412651.3344284946,130877.31514633013,81359.15501491076,0.317161982106734,0.2431817570237781,96262.81399854363,395847.18515349465,4,0,4,3,1,2276600.0,0.0,5414.4,3219000.0,6390000.0,0.07398022508295593,True
R234,Client 234,Transportation & Logistics,Business Banking,4,186053.0509166667,40891.369999999995,6084.208875,24676.839852845707,269498.9866786262,3320781.6405112627,348682.07225368253,269498.9866786262,113584.41910188328,81244.54070044812,0.42146510642480123,0.1933622350106581,45649.702779155006,236083.85979112622,6,0,3,3,4,4489400.0,0.0,14801.4,2347000.0,3956000.0,0.22810287141414312,True
R331,Client 331,Technology,Business Banking,6,302774.7711428571,53945.05,51762.78,79279.34992418894,768162.318162352,10120986.810878756,1062703.615142269,768162.318162352,172247.30469800186,80067.82651851964,0.22423295262655307,0.1513277350536205,112278.37693487587,741955.048062352,8,0,1,8,1,3403500.0,0.0,1716.0,11018000.0,2074000.0,0.07290521757293258,True
R334,Client 334,Wholesale Trade,Business Banking,5,176563.68539285715,25852.37,12334.7645,30595.59549424255,279803.8497108965,3651953.183065256,383455.0842218519,279803.8497108965,113353.23932111227,79776.7773558047,0.4051167967782893,0.2910544691666325,76576.07850856302,263098.7894733965,4,0,1,1,3,2245500.0,0.0,668.4000000000001,883000.0,4228000.0,0.1140623276116568,True
R021,Client 021,Energy,Business Banking,6,187129.49235000001,74365.29400000001,1207.1754,5177.34736599332,59983.4395073047,556482.5079082733,58430.663330368705,59983.4395073047,86538.45288198373,79340.44014110717,1.4427057466660478,0.07740481690875481,1566.798747209585,20241.618154804695,5,0,7,1,0,3051500.0,0.0,123820.08,482000.0,0.0,1.365300929757293,True
R409,Client 409,Technology,Business Banking,4,219912.078,78544.49,8434.735874999998,10722.677636795184,240538.97559469004,3046278.1221688353,319859.20282772765,240538.97559469004,108067.13804090064,79202.46096953785,0.44927080018414384,0.23438892820524102,50756.56106762862,216548.45839469004,2,0,6,3,1,984800.0,0.0,103987.8,3769000.0,1485000.0,0.21488187197890282,True
R076,Client 076,Technology,Business Banking,5,186199.43440000003,34427.683999999994,10085.8344,18414.27627628488,322723.31004939624,4074423.5680972384,427814.47465021006,322723.31004939624,117124.18021204535,78397.3830061178,0.36292445127102296,0.25991691892240526,76694.47421549373,295073.03538939625,3,0,1,1,3,4683600.0,0.0,506.88,1681000.0,4720000.0,0.1030075323486177,True
R273,Client 273,Technology,Middle Market,7,329837.7579,67135.576,56351.406599999995,70357.57870514932,865750.2858421932,11368028.523255615,1193642.9949418392,865750.2858421932,182158.44259174258,78268.4082906794,0.21040529303959823,0.14674404469561583,123821.30402070946,843790.9986571932,2,0,2,3,1,2452200.0,0.0,2542.32,6791000.0,8509000.0,0.0636612483439824,True
R343,Client 343,Technology,Business Banking,5,156861.7583690476,22581.06,8092.8060000000005,9784.183866954543,205839.69661950247,2551822.8052617647,267941.3945524853,205839.69661950247,101925.66772356283,77224.90412922253,0.4951701221750916,0.26639052559637605,48641.137280011084,182593.3455070025,4,0,2,3,3,3034700.0,0.0,508.19999999999993,1389000.0,2864000.0,0.22877959657871555,True
R254,Client 254,Retail,Business Banking,5,230711.02305000002,68156.93199999999,11537.823075,54078.93579353292,414092.73553175386,5307004.530669679,557235.4757203163,414092.73553175386,126888.7171026591,77197.58883884866,0.3064258467121283,0.17222418928471414,66013.02172368266,383297.0385742538,5,0,4,4,2,3520100.0,0.0,49083.24,3746000.0,5060000.0,0.13420165742741416,True
R428,Client 428,Healthcare,Middle Market,4,183018.92450000002,46208.19,7157.877750000001,5360.74645816877,237794.3578960729,2582096.742811787,271120.1579952376,237794.3578960729,105494.03404203913,76958.71109451038,0.44363556383513897,0.15969410819284297,28611.942304283595,179167.1754710729,5,0,1,2,0,10341800.0,0.0,1171.8000000000002,8586000.0,0.0,0.283941455642296,True
R295,Client 295,Food Distribution,Business Banking,4,238474.5082,70972.848,12907.203300000001,24766.846030710363,449224.13187030115,5932700.084049586,622933.5088252065,449224.13187030115,130636.08534252502,76729.18951808887,0.29080380165383,0.2293033665309489,99401.90309192022,433495.1753903012,3,0,6,6,3,1788100.0,0.0,25230.36,8514000.0,5470000.0,0.061500435122881114,True
R296,Client 296,Education,Business Banking,6,149424.54687857145,20596.386000000002,5959.347599999999,18900.919902953952,186020.09497328906,2326925.5604971745,244327.18385220334,186020.09497328906,98823.24607063273,76500.83467383805,0.5312503796152933,0.24359063361956615,39327.84814403267,161450.57615578905,2,0,6,0,2,2901100.0,0.0,8549.52,0.0,2565000.0,0.2876597459957272,True
R260,Client 260,Industrial Manufacturing,Middle Market,6,419538.4945833334,119060.69,56552.532750000006,87953.25214058651,1201756.3435907809,15565776.291480858,1634406.51060549,1201756.3435907809,220546.5972067996,76335.83597590594,0.18352022719332498,0.11538511675409835,132762.0142487433,1150599.1239032806,3,0,1,6,1,8036100.0,0.0,2092.8,26899000.0,2602000.0,0.06813511043922663,True
R423,Client 423,Technology,Business Banking,4,194946.90274999998,51919.95,7997.330625,10355.1686803122,290989.8329017571,3821110.6850746647,401216.62193283974,290989.8329017571,111136.8753257054,76218.09537749455,0.38192700486283665,0.2922652691110271,80907.02176856065,276827.3562392571,4,0,1,3,4,1886900.0,0.0,3672.0,6129000.0,5693000.0,0.08966173575180952,True
R181,Client 181,Healthcare,Business Banking,4,181659.41121428573,42849.33000000001,4263.661749999999,10906.125423608997,295968.82136490603,3788831.3021750664,397827.2867283819,295968.82136490603,110915.32650599428,75399.06794220558,0.37475341488502434,0.33497492897543324,94680.31087592979,282648.94678990607,5,0,2,2,3,2387000.0,0.0,1290.6,690000.0,8032000.0,0.0397784859095911,True
R262,Client 262,Food Distribution,Business Banking,5,195817.56925,36081.73,16231.83675,32201.51328782044,381707.7053246775,4912968.563797479,515861.69919873535,381707.7053246775,120231.80935780008,74426.88471883876,0.3149839725020271,0.24297442060669397,88131.87796829682,362720.80718717753,4,0,4,3,3,2966500.0,0.0,2733.6,1880000.0,5233000.0,0.07200955189533312,True
R417,Client 417,Food Distribution,Business Banking,7,178430.34334999998,27571.602,19559.533199999998,34745.94386868331,279913.96784822166,3610917.6553460956,379146.35381134,279913.96784822166,107977.68089323898,74388.00475145236,0.385753100223237,0.2848379377937417,73625.27285809582,258481.27334572165,3,0,2,0,3,3373300.0,0.0,6296.64,0.0,4233000.0,0.10091516242949528,True
R420,Client 420,Industrial Manufacturing,Business Banking,7,396213.70442380954,64972.19399999999,94873.77289999998,434648.3412484461,1177861.2433403241,15836725.353284705,1662856.1620948943,1177861.2433403241,214103.70049823314,72760.35129739426,0.18177327907576912,0.16538781042959044,192765.51806834707,1165536.4296053243,4,0,4,3,5,1839900.0,0.0,4936.08,2427000.0,11334000.0,0.01638546864617868,True
R279,Client 279,Retail,Middle Market,4,223027.44650000005,52636.30000000001,12716.44875,95646.90691717251,519558.51264668774,6661312.177326076,699437.7786192378,519558.51264668774,135035.05237004213,72688.03085243958,0.25990345472766646,0.1991871520090126,96082.0535489036,482370.7381716878,3,0,1,2,1,6972000.0,0.0,3096.0,2882000.0,6753000.0,0.06071630271865386,True
R137,Client 137,Industrial Manufacturing,Business Banking,4,150912.4595214286,29830.482,3903.3273249999993,9034.27804289228,181352.4795862895,2124551.8322490007,223077.94238614503,181352.4795862895,94362.14770198056,72599.85015162581,0.5203245520394554,0.27582035225050777,41886.69168799099,151862.2224437895,5,0,3,4,1,4456100.0,0.0,5724.24,2070000.0,2834000.0,0.2445041997889476,True
R449,Client 449,Industrial Manufacturing,Business Banking,5,193722.44545238093,49812.47000000001,9889.427625,20920.74304003895,323453.04705656803,4103535.0620594337,430871.1815162405,323453.04705656803,111319.85250568467,72505.48685889652,0.34416077856955907,0.24510774897953133,75413.25763249418,307673.9023815679,2,0,3,4,1,1501700.0,0.0,29294.4,8611000.0,291000.0,0.09905302959002774,True
R359,Client 359,Transportation & Logistics,Business Banking,6,140130.51989285715,21431.11,6219.2384999999995,15334.285766162564,153417.0974246785,1830095.5819702407,192160.03610687525,153417.0974246785,89973.91452921752,71563.86283825611,0.586466020017039,0.2463692768904028,31279.710565007776,126962.70801217853,4,0,4,2,2,3366800.0,0.0,9586.2,1271000.0,1480000.0,0.3400967431266362,True
R342,Client 342,Commercial Real Estate,Business Banking,7,145778.94111666668,16001.007999999998,11712.892799999998,67716.9044293454,204766.1635796356,2586428.3636687216,271574.9781852158,204766.1635796356,95720.88858700683,71148.94895745054,0.4674643843184571,0.1885817234700261,33594.553832585756,178143.2114121356,5,0,1,2,1,3424400.0,0.0,562.5600000000001,911000.0,1637000.0,0.278882660848431,True
R075,Client 075,Commercial Real Estate,Business Banking,3,174414.48415000003,43044.354,4698.3864,38814.12320785453,277890.04287633154,3697711.940246326,388259.7537258642,277890.04287633154,104401.58790456147,71054.78275940169,0.37569387813950195,0.30107709714673014,81010.83808970712,269070.07825383154,2,0,2,0,4,669300.0,0.0,17135.28,0.0,7248000.0,0.0746167809927718,True
R429,Client 429,Technology,Middle Market,3,201707.87318333334,80583.126,4808.973975000001,3347.4042897251848,194894.3090381555,2443352.7359661427,256552.03727644493,194894.3090381555,94102.59512078977,70715.27803621111,0.48283911205620067,0.22036837646048532,37106.926203178125,168385.89456065552,3,0,3,5,0,2634800.0,0.0,51415.32,13815000.0,0.0,0.2624707355957153,True
R211,Client 211,Commercial Real Estate,Middle Market,6,617935.2145428571,179617.112,109362.0192,317157.68784887483,1991296.3972537285,26504602.708024666,2782983.28434259,1991296.3972537285,308271.9559242155,69316.38825376809,0.15480967893547384,0.15386033916730582,305985.4097179019,1988721.7938937284,0,0,2,7,3,0.0,0.0,25683.84,37441000.0,7655000.0,0.0009493397681680227,True
R363,Client 363,Technology,Business Banking,6,279176.46138333326,56333.899999999994,41721.28875,66517.61211356947,753289.5822619781,10014754.914292788,1051549.2660007428,753289.5822619781,159693.42037831878,69298.67050688145,0.21199472837363734,0.18047918395931203,133781.19474875234,741255.538804478,3,0,2,7,3,1565600.0,0.0,4500.0,7786000.0,5391000.0,0.0315155444143253,True
R031,Client 031,Energy,Middle Market,4,184587.7077,52777.236000000004,8337.860099999998,24226.825819524303,271367.2087201573,3363259.9548900025,353142.2952634502,271367.2087201573,101779.38934315181,69215.32429673294,0.37506148890712154,0.11695556618021268,28279.593169316508,241797.75356515727,1,0,4,2,0,3167000.0,0.0,22259.519999999997,10224000.0,0.0,0.25810592272690885,True
R213,Client 213,Food Distribution,Middle Market,6,748963.028797619,230888.00000000003,131549.49375000002,156787.51365322218,2479736.8182088304,32169407.389491472,3377787.775896604,2479736.8182088304,366316.50593698083,68748.08775192122,0.1477239452376964,0.10098670716015032,244738.8600861681,2423475.9897463303,5,0,2,5,2,7604700.0,0.0,5529.0,53092000.0,6804000.0,0.046737238077546095,True
R061,Client 061,Construction,Business Banking,7,475780.4883714286,91624.34999999999,126025.95,257939.16995265972,1411315.581756479,18607141.31580813,1953749.8381598534,1411315.581756479,237474.03708448034,68116.16727370284,0.1682643061227508,0.13963052150671637,192994.68082838508,1382181.193236479,6,0,3,7,1,4748100.0,0.0,5484.0,16200000.0,5508000.0,0.02863378461603444,True
R371,Client 371,Wholesale Trade,Business Banking,6,237169.5348214286,36461.612,38239.7192,135343.14718061563,610881.7648443892,8072032.341908838,847563.395900428,610881.7648443892,141350.23519163256,68044.42341030584,0.23138722307030873,0.1804850374799423,107754.63961997129,597028.1034068894,3,0,5,2,4,1682800.0,0.0,2319.84,1057000.0,6436000.0,0.05090218559036644,True
R106,Client 106,Technology,Business Banking,3,151083.22391904765,45277.792,2205.4879499999997,2277.4244548820434,119380.68948287728,1452097.9764379556,152470.28752598527,119380.68948287728,82229.03639074521,67903.35365279991,0.6887967957543023,0.4255732513999681,44071.75523348449,103558.56503787727,2,0,4,4,4,1277000.0,0.0,35881.44,2207000.0,3534000.0,0.2632235443543342,True
R148,Client 148,Industrial Manufacturing,Business Banking,6,137033.33225,19052.02,7214.64075,22224.670292777366,179694.35994414857,2224731.0552308694,233596.76079924125,179694.35994414857,89440.5273119658,67877.20411866797,0.49773697593939575,0.20384083243037251,31315.090812350536,153625.21060664856,3,0,4,1,1,3396100.0,0.0,4793.400000000001,338000.0,2253000.0,0.29389614350902327,True
R271,Client 271,Construction,Business Banking,7,241592.16871428568,48977.43,40017.948,125290.79908795928,537776.8346112522,7341684.77599268,770876.9014792314,537776.8346112522,131708.91112358237,67175.69097023211,0.2449136940210376,0.2285389486529532,121551.92012617039,531865.2284112521,1,0,3,4,4,543000.0,0.0,19782.6,2331000.0,6472000.0,0.016374745368084392,True
R189,Client 189,Wholesale Trade,Business Banking,3,155056.15427380952,40416.18,2314.428,8498.288017776173,200619.0904628257,2423913.2370375413,254510.88988894183,200619.0904628257,91237.52975503753,67163.23889949844,0.4547798992835313,0.25592305195709003,44043.44583592977,172096.4387503257,3,0,1,0,4,4574200.0,0.0,561.5999999999999,0.0,7388000.0,0.19885684732644127,True
R035,Client 035,Construction,Business Banking,2,148723.26508333336,40757.4,2802.0299999999997,6292.748534718567,148340.99772332623,1819611.9265401862,191059.25228671954,148340.99772332623,84264.97225671785,66464.05252991873,0.5680491135288314,0.468346650588778,63526.47573819712,135639.8634608262,4,0,3,0,4,1916200.0,0.0,7032.0,0.0,7559000.0,0.09970246294005336,True
R289,Client 289,Industrial Manufacturing,Business Banking,6,461235.06416666665,89908.78199999999,108296.27369999999,168678.0015973522,1478507.849890652,19012226.230906904,1996283.7542452253,1478507.849890652,243163.94612246714,65743.00413558887,0.16446577956312583,0.13181794327302906,192197.88915246964,1458055.5907656522,4,0,2,3,5,2451400.0,0.0,1851.24,14988000.0,7279000.0,0.032647836290096766,True
R230,Client 230,Wholesale Trade,Business Banking,5,195907.72885,43413.098,18523.931174999998,31071.948790244773,397666.0374001718,5136359.6872457005,539317.7671607987,397666.0374001718,113453.44000732905,65733.51551930842,0.2852982888582982,0.2052964479830335,78668.58450200339,383195.0590226718,3,0,4,7,2,1559300.0,0.0,13059.359999999999,6181000.0,2724000.0,0.08000184087526471,True
R313,Client 313,Industrial Manufacturing,Business Banking,3,134679.80266666666,33658.118,1848.0212999999999,2697.0629631429238,109166.76425190351,1308750.3113996661,137418.7826969649,109166.76425190351,78566.20368067737,65466.19197044895,0.719689772057226,0.42448723769811664,38997.26021370336,91869.09935190351,2,0,3,5,2,2162100.0,0.0,5441.76,4015000.0,2971000.0,0.2952025343591093,True
R355,Client 355,Wholesale Trade,Business Banking,2,120590.35333333333,24332.4,1060.704,1587.9818870034446,80284.20925554428,839366.0222771732,88133.4323391032,80284.20925554428,74699.02545615057,65064.92034548525,0.9304323496340844,0.29245962829981453,16015.26530801556,54760.602005544286,5,0,0,7,0,3334600.0,0.0,0.0,5523000.0,0.0,0.6379727213342699,True
R482,Client 482,Construction,Business Banking,5,139244.0459,29232.0,4465.33875,13551.396115016709,168192.33574121955,1826500.5969804984,191782.56268295232,168192.33574121955,85136.8051777881,64953.72488884176,0.5061871862507424,0.02315135596311601,2819.052179907983,121766.18010621952,3,0,3,3,0,7072700.0,0.0,6789.0,4254000.0,0.0,0.4830358302876264,True
R055,Client 055,Industrial Manufacturing,Business Banking,3,138414.35193571428,30790.115999999998,2703.2623500000004,9466.326667030306,164673.85044830068,2061543.2718590708,216462.04354520238,164673.85044830068,84558.29678926013,64797.43473546406,0.5134895222226384,0.2952768837828337,42517.84959272428,143993.15330080068,4,0,3,2,2,2857300.0,0.0,5172.12,3192000.0,2775000.0,0.21821263843980476,True
R379,Client 379,Industrial Manufacturing,Business Banking,9,367668.4508452381,69169.73999999999,129821.079,264488.43097500736,707626.9425293941,9250979.812365664,971352.8802983947,707626.9425293941,148900.16454079104,63984.931437263745,0.210421841780856,0.04952772871473002,32707.459360206267,660386.821866894,7,0,4,3,3,4657200.0,0.0,58900.8,2391000.0,4760000.0,0.16089411306612597,True
R065,Client 065,Food Distribution,Business Banking,6,230693.23783333332,60512.134,27345.389400000004,54000.194625749675,492457.97407616634,6274716.281923153,658845.209601931,492457.97407616634,122964.46329080197,63869.50640166202,0.24969534409810082,0.1786626209751733,82709.94099026146,462939.2569011663,8,0,6,6,3,4238300.0,0.0,46094.88,5060000.0,2465000.0,0.07103272312292752,True
R013,Client 013,Retail,Business Banking,5,322033.3645,114035.69,28040.599,94555.72416610972,806638.7405021975,10547099.165256789,1107445.4123519626,806638.7405021975,160369.6269270943,63572.9780668306,0.19881220535880945,0.16541970772788311,130048.8566755058,786175.1085271975,4,0,5,7,3,2504800.0,0.0,43411.8,19312000.0,4180000.0,0.03339249763092633,True
R047,Client 047,Wholesale Trade,Business Banking,4,179761.20945000002,51392.128,8552.207925,14431.776251442549,303205.3782153285,3889131.456423776,408358.8029244965,303205.3782153285,99932.61324558052,63547.9678597411,0.32958720532526636,0.24975446867525256,71435.68936670946,286023.6685478285,5,0,5,5,1,2500900.0,0.0,13095.960000000001,8360000.0,2484000.0,0.07983273665001381,True
R105,Client 105,Wholesale Trade,Middle Market,8,526316.7400952381,121856.3,153560.07750000004,391416.61333188874,1404128.4075321695,18269828.989001535,1918332.0438451616,1404128.4075321695,231769.07277677223,63273.663872911915,0.16506259080971,0.14085875088180458,195365.31293084426,1386959.0047321694,1,0,6,1,4,221600.0,0.0,109878.0,973000.0,12819000.0,0.024203839927905424,True
R048,Client 048,Construction,Business Banking,4,153606.92021428572,48768.350000000006,3346.0117499999997,7587.775628408252,154350.23641993495,1828926.454863128,192037.27776062844,154350.23641993495,81650.63235050444,63128.60398011225,0.5289958359918582,0.27650455532294277,34873.350030702444,126122.15371993496,6,0,1,2,1,3858900.0,0.0,29790.0,3685000.0,3044000.0,0.2524912806689154,True
R114,Client 114,Industrial Manufacturing,Business Banking,6,260355.18721904763,61860.238000000005,36798.63705,76691.25139141254,659817.467511208,8981672.56114979,943075.618920728,659817.467511208,142195.4563478541,63017.36024650916,0.2155072627649687,0.1674858516967114,108274.97512292472,646472.3678212081,4,0,5,6,3,1470100.0,0.0,6200.16,7772000.0,6454000.0,0.0480214110682573,True
R126,Client 126,Energy,Middle Market,8,2043459.0976666666,376406.46599999996,841800.7806,2737955.2960336143,6236929.909003849,83755619.84978887,8794340.084227832,6236929.909003849,809683.9759481191,61252.386867657275,0.1298209195487721,0.122453051929598,760331.0535799052,6209163.7701038495,1,0,6,4,5,2314600.0,0.0,100980.12,21450000.0,53849000.0,0.007367867619174087,True
R462,Client 462,Education,Business Banking,6,273481.92199761904,67118.926,45597.299100000004,84851.94871906214,676313.0942112925,9032354.381118463,948397.2100174386,676313.0942112925,141970.8507788129,60813.27947345782,0.20991882604960865,0.16268611075953998,107630.08299795534,661581.2652687923,3,0,3,6,3,1247700.0,0.0,33244.32,7757000.0,4403000.0,0.04723271529006867,True
R158,Client 158,Transportation & Logistics,Business Banking,5,230882.75033333336,56180.630000000005,25147.63425,56890.23732436968,583232.7765305839,7606307.864614564,798662.3257845293,583232.7765305839,130726.8004646182,60738.86728094815,0.22414172475398092,0.20825683715398863,120084.6573743052,576618.0789805838,2,0,3,6,4,1036000.0,0.0,2106.6000000000004,7399000.0,6127000.0,0.015884887599992292,True
R358,Client 358,Education,Business Banking,4,165180.924,40836.936,7416.24585,11673.362817270161,311594.81472135923,3869797.0947276214,406328.6949464001,311594.81472135923,97982.34831274697,60590.97054618386,0.3144543608672268,0.19013850906140378,54854.926613050964,288499.8251213592,6,0,4,6,1,3353600.0,0.0,6575.5199999999995,7896000.0,1012000.0,0.124315851805823,True
R146,Client 146,Technology,Business Banking,5,258019.55316666668,75675.21,26690.812875,31291.994886753906,639010.627436096,8667486.769653326,910086.1108135994,639010.627436096,136994.13398044684,60312.85868811535,0.21438475057935855,0.20242520855323962,127992.88922973833,632297.1834610958,2,0,4,7,4,1064800.0,0.0,5728.200000000001,14874000.0,4193000.0,0.01195954202611893,True
R456,Client 456,Retail,Business Banking,4,131807.70641904764,25052.604,4190.4564,23158.55339334546,196196.30833406586,2571307.3082193853,269987.26736303547,196196.30833406586,83689.83495633097,60146.27795624306,0.42656172109941676,0.2503501155510588,45430.41961128776,181467.54001406583,3,0,2,2,3,1701600.0,0.0,881.28,1425000.0,3784000.0,0.17621160554835796,True
R082,Client 082,Transportation & Logistics,Business Banking,5,184902.52833333335,59371.399999999994,11541.70125,24830.70929186421,292522.9675424477,3741508.390085504,392858.38095897797,292522.9675424477,95191.18661362535,60088.43050853164,0.3254144022035202,0.07980986529476652,21020.632186525356,263383.88254244765,5,0,2,5,0,2468800.0,0.0,50904.0,7906000.0,0.0,0.24560453690875367,True
R199,Client 199,Transportation & Logistics,Business Banking,7,115759.16825,15627.334,6944.736899999999,8703.796283342748,122278.73084199401,1487095.1195686685,156144.9875547102,122278.73084199401,74400.06965043675,59726.62194939747,0.608446531446053,0.15567877565768895,15555.680928357493,99921.65510449401,3,0,3,3,0,2473100.0,0.0,5084.879999999999,2606000.0,0.0,0.45276775578836403,True
R236,Client 236,Technology,Business Banking,5,161125.99275,42449.72,8266.842,15150.375779665195,272552.4018711339,3423470.0388127933,359464.35407534323,272552.4018711339,91886.05064874937,59179.76242421331,0.3371316855692001,0.17100553916225075,43244.99193026962,252886.49795863393,2,0,4,1,2,1844900.0,0.0,28643.399999999998,2158000.0,3639000.0,0.16612614640694934,True
R226,Client 226,Technology,Business Banking,5,172705.95968333332,39789.422,11407.0552,22960.576811810988,366171.7348136208,4984691.749149146,523392.63366066024,366171.7348136208,103061.3916479799,59120.78347034538,0.28145643655547997,0.2635830761224663,95739.68971590974,363223.9638611208,1,0,1,2,3,264900.0,0.0,4811.04,1576000.0,6940000.0,0.017873360433013685,True
R261,Client 261,Transportation & Logistics,Business Banking,5,127568.84095000001,23384.566000000003,7138.5230999999985,12816.977083515958,162775.4797776143,1970795.6629226697,206933.5446068803,162775.4797776143,78517.58194429301,58984.52437097929,0.4823673814481433,0.14959950265617225,20008.714711203447,133748.53763511436,8,0,3,4,0,4120000.0,0.0,2880.12,4463000.0,0.0,0.332767878791971,True
R097,Client 097,Healthcare,Business Banking,4,193391.10683333332,72720.03,6101.91975,9722.728821151522,311904.7922336031,4104676.357323056,430991.0175189209,311904.7922336031,96198.89360408856,58770.3185360562,0.30842390370212647,0.2958526392336597,88399.12461161705,298794.4432086031,2,0,2,6,1,2428100.0,0.0,16671.6,12888000.0,3289000.0,0.012571264468466792,True
R032,Client 032,Commercial Real Estate,Business Banking,4,120156.86525,24062.540000000005,3977.742750000001,11786.739976468476,127416.9597015045,1526269.3640536086,160258.2832256289,127416.9597015045,73736.82294086601,58446.78777668549,0.5787049315382099,0.15606150260660626,16458.65231857877,105462.6031640045,1,0,3,6,0,2277100.0,0.0,13879.8,3718000.0,0.0,0.42264342893160367,True
R068,Client 068,Healthcare,Business Banking,5,142819.6446,29579.468,8737.363175,9630.455221610973,233037.33745159715,2995234.196069814,314499.59058733046,233037.33745159715,86240.81069683374,58276.33020264207,0.3700729318311334,0.29444588128295063,66148.14711153434,224652.98826159717,2,0,3,3,2,982000.0,0.0,3821.76,2728000.0,3657000.0,0.07562705054818275,True
R265,Client 265,Retail,Business Banking,5,219431.8599166667,62558.054000000004,19649.833274999997,41874.15636716385,507586.72520065826,6610082.390593902,694058.6510123597,507586.72520065826,119142.20678703793,58231.79976295894,0.2347228579312015,0.16543838699224114,81620.80705142368,493360.7522131583,1,0,2,7,2,1560700.0,0.0,3707.28,13201000.0,2661000.0,0.06928447093896037,True
R365,Client 365,Education,Business Banking,6,142458.6630357143,26143.749999999996,13227.971249999997,14189.715543229913,223006.36801024416,2858104.646933448,300100.98792801204,223006.36801024416,84871.2420851226,58110.47792389331,0.38057766171602736,0.148628646724867,29843.610321168857,200793.12419774412,2,0,3,3,2,2576900.0,0.0,7128.0,3089000.0,1677000.0,0.23194901499116036,True
R248,Client 248,Food Distribution,Middle Market,5,132284.19499999998,26707.229999999996,8560.187999999998,10101.401713431887,174617.13376332694,2091811.973020108,219640.25716711135,174617.13376332694,78842.04785391495,57887.99180231571,0.4515138128471179,0.16339695778921837,24514.131326094946,150028.07676332694,2,0,3,2,0,2889100.0,0.0,21645.6,2991000.0,0.0,0.2881168550578995,True
R491,Client 491,Technology,Business Banking,3,162450.72214761906,52429.228,5196.264675,7221.393810047084,240792.8966642129,2980868.9357146034,312991.23825003335,240792.8966642129,86712.77455558535,57817.626955879794,0.36011350732038755,0.22422327441884157,49146.88911666944,219187.27769921286,4,0,5,5,2,2887600.0,0.0,25416.96,6638000.0,2419000.0,0.13589023290154598,True
R251,Client 251,Healthcare,Business Banking,5,103709.315,11698.67,3993.99075,6540.970208725124,111636.70902472727,1335871.530271198,140266.51067847575,111636.70902472727,70159.14733606351,56762.74225309625,0.6284594731337291,0.172415816332658,15597.34971382852,90463.56677472727,4,0,1,2,1,2486500.0,0.0,254.39999999999998,1324000.0,710000.0,0.45604365680107106,True
R354,Client 354,Energy,Business Banking,4,230222.55216666663,82447.84000000001,14197.778625,55788.314915895186,495247.3569434382,6220537.675969001,653156.4559767451,495247.3569434382,116009.4071558317,56579.72432261909,0.23424538370445264,0.21305055879767448,99889.2657696227,468852.39979343826,4,0,2,7,1,4638900.0,0.0,28141.8,12803000.0,3378000.0,0.021194824906778154,True
R210,Client 210,Education,Business Banking,4,135693.56896666667,38463.471999999994,4039.617075,5480.610300980948,157528.41433789744,2005146.0029250677,210540.3303071321,157528.41433789744,75434.04612119355,56530.636400645846,0.4788599341791634,0.33592752445463087,49339.18710414385,146874.49974289743,3,0,8,2,3,747900.0,0.0,28892.04,1157000.0,3867000.0,0.14293240972453253,True
R134,Client 134,Food Distribution,Business Banking,4,151727.30103571428,30383.264000000003,8909.206149999998,25583.29562408693,319143.3301797104,4035180.182155967,423693.91912637657,319143.3301797104,94788.6053142012,56491.40569263593,0.29700951375303847,0.20206950472339172,61685.335465950426,305267.9104172104,3,0,6,1,2,1626100.0,0.0,6627.4800000000005,694000.0,4860000.0,0.09494000902964675,True
R223,Client 223,Construction,Business Banking,5,103512.52616666666,14217.31,3313.11225,9760.853137092503,109566.52221587219,1358241.533414721,142615.36100854573,109566.52221587219,68552.31541670309,55404.33275079843,0.6256684435199894,0.26128253935999524,24130.361647227586,92353.5177908722,4,0,1,2,1,2018600.0,0.0,196.20000000000002,2351000.0,634000.0,0.36438590415999417,True
R253,Client 253,Healthcare,Business Banking,4,160709.1636666667,55761.149999999994,5091.81375,9551.007123034455,227135.98878913562,2915040.4405649733,306079.24625932216,227135.98878913562,82536.71096863679,55280.39231394052,0.36338015568840887,0.26815320660547065,57011.783142750784,212608.99268913563,4,0,4,2,3,1483000.0,0.0,38913.0,3744000.0,4229000.0,0.09522694908293822,True
R197,Client 197,Healthcare,Business Banking,6,141637.97708333336,24849.25,13600.85125,18995.748291665514,259479.8594427111,3371913.0053999256,354050.86556699214,259479.8594427111,86015.16632062706,54877.58318750173,0.331490723424019,0.15256578885488725,36529.49565566832,239434.38388021116,3,0,1,7,1,2445300.0,0.0,756.0,4439000.0,1162000.0,0.17892493456913172,True
R499,Client 499,Construction,Business Banking,5,206581.52641666666,53362.907999999996,25840.534050000002,46964.41481510185,463265.0842948477,6200433.3477201145,651045.5015106121,463265.0842948477,110362.48048513391,54770.67036975218,0.23822749485452932,0.2133341621404317,97518.82858665615,457117.7330823477,2,0,3,5,0,312100.0,0.0,27979.559999999998,10716000.0,0.0,0.024893332714097632,True
R486,Client 486,Construction,Business Banking,5,239582.90203571427,94960.91399999999,18361.5849,73224.86034173687,457251.4863332812,5691472.431818986,597604.6053409936,457251.4863332812,109337.08487325466,54466.90651326091,0.23911805240926237,0.10913493134202824,45694.29787070491,418695.43792078126,3,0,5,4,2,3989400.0,0.0,112461.48,5340000.0,1874000.0,0.12998312106723414,True
R109,Client 109,Retail,Business Banking,6,204637.25199285717,45835.014,23819.7674,104834.48339604572,531157.6975446342,7189457.209104144,754893.006955935,531157.6975446342,118128.35188072742,54389.42817537133,0.22239789129818807,0.1778975751378091,92521.40982519678,520082.4674171342,4,0,3,3,3,1222300.0,0.0,10896.48,5493000.0,4174000.0,0.04450031616037897,True
R498,Client 498,Energy,Business Banking,3,142674.49383571427,37869.748,3285.78855,33641.69446752145,253458.96893723987,3307912.970339843,347330.8618856835,253458.96893723987,84570.6169682465,54155.54069577772,0.3336659078305783,0.2747791591170165,67379.62514505156,245213.73950473987,3,0,4,5,4,1116400.0,0.0,2199.36,2378000.0,5925000.0,0.05888674871356181,True
R290,Client 290,Industrial Manufacturing,Business Banking,3,101552.85616666666,16994.02,2353.9319999999993,3695.0499451089972,94296.10540430623,1163756.7253921956,122194.45616618052,94296.10540430623,65234.83121079668,53919.298562279924,0.691808330058747,0.43416990825169494,36231.37550218117,83449.76197930623,3,0,2,1,1,1205800.0,0.0,1082.4,1295000.0,2235000.0,0.25763842180705204,True
R024,Client 024,Construction,Business Banking,3,119244.63835000001,26672.706,3312.8721000000005,9837.443637968749,154071.30253854147,1825487.5510958424,191676.1928650635,154071.30253854147,72345.01210227772,53856.45579765274,0.4695554000666695,0.25886673323248705,34370.237799619565,132771.93778604147,3,0,2,2,1,3288100.0,0.0,421.92,2571000.0,2780000.0,0.21068866683418247,True
R054,Client 054,Commercial Real Estate,Business Banking,5,231745.1916,78099.054,20244.536400000005,135092.57615530826,523831.7137780414,7036673.825299389,738850.7516564358,523831.7137780414,116712.53285714547,53852.7272037805,0.22280539682368114,0.1851852073603855,95187.51205352308,514012.50353804143,0,0,4,5,2,0.0,0.0,67598.28,4908000.0,5276000.0,0.03762018946329565,True
R257,Client 257,Construction,Business Banking,6,180869.82385,34153.42999999999,26288.9955,85525.37523243738,416394.092352675,5476961.221498742,575080.9282573678,416394.092352675,103708.51388823926,53741.222805918274,0.24906336519395392,0.16885250522136924,67346.50308711661,398848.1130251749,4,0,4,5,1,2443300.0,0.0,1773.6,4363000.0,3165000.0,0.08021085997258467,True
R430,Client 430,Energy,Business Banking,5,184198.43425,68379.70000000001,10371.675,73997.92845676166,292490.8489645283,3699356.915532985,388432.4761309634,292490.8489645283,88698.04727070208,53599.145394958694,0.30325067462694844,0.19469024320487935,51030.963125948845,262113.61332702832,3,0,3,2,2,3900300.0,0.0,79755.0,3125000.0,1717000.0,0.10856043142206909,True
R224,Client 224,Food Distribution,Business Banking,6,183750.24025,32312.760000000002,23083.322249999997,110507.2888617384,485125.4692836966,6437004.395575743,675885.4615354531,485125.4692836966,111743.93131124096,53528.874997197374,0.23034026944871494,0.16738025047627073,78952.6884028037,471696.5602461966,2,0,2,2,4,1645500.0,0.0,988.2,1191000.0,5585000.0,0.06296001897244421,True
R104,Client 104,Commercial Real Estate,Business Banking,3,116029.98526666667,31648.232000000004,2260.3654500000007,7231.907973859661,100635.75528511227,1114656.5457788815,117038.93730678255,100635.75528511227,65356.856940309044,53280.56630609557,0.649439722046561,0.1536928510752325,11680.067460998653,75996.16624511228,5,0,5,4,0,2847200.0,0.0,25926.24,3748000.0,0.0,0.49574687097132847,True
R317,Client 317,Technology,Business Banking,4,132360.57132142858,32230.374,6604.982149999999,8729.219920768019,200003.37763185299,2645321.5948897335,277758.767463422,200003.37763185299,76931.26235979373,52930.85704397136,0.3846498157716187,0.2877520312169095,54854.35645312898,190630.648969353,2,0,4,3,3,907200.0,0.0,14854.68,3468000.0,2347000.0,0.09689778455470921,True
R243,Client 243,Industrial Manufacturing,Middle Market,6,261363.16133333332,64953.35400000001,41836.2864,140696.23672336503,715014.4023737402,9800239.334368378,1029025.1301086798,715014.4023737402,138397.19732278897,52595.46903794014,0.193558614852136,0.17182086188218632,121194.63533441696,705354.6001737402,1,0,3,2,2,873500.0,0.0,31589.28,4662000.0,6656000.0,0.021737752969949675,True
R302,Client 302,Technology,Business Banking,5,80938.35475000001,8434.38,24.678,0.0,27498.365862500003,122455.65862500001,12857.844155625002,27498.365862500003,55888.86771513675,52589.06381163676,2.0324432366125933,0.0,0.0,0.0,6,0,3,0,0,3813200.0,0.0,4935.6,0.0,0.0,2.0324432366125933,True
R118,Client 118,Retail,Business Banking,5,193290.85261904766,39933.530000000006,20576.609249999994,126245.00042250738,538199.5248704113,7407268.725781734,777763.2162070822,538199.5248704113,116661.06025818444,52077.11727373509,0.21676173030118212,0.216081849681082,116230.29867087444,537899.4063704113,0,0,3,2,2,0.0,0.0,2604.6000000000004,694000.0,8016000.0,0.0006798806201001317,True
R205,Client 205,Education,Business Banking,6,192950.78641666667,46543.58,23919.08675,34852.653823834466,456180.08899796545,5845447.452792293,613771.9825431908,456180.08899796545,106438.80035074714,51697.18967099129,0.23332627380679444,0.1416274589467194,60089.3538595789,424277.5681104655,6,0,7,5,2,5164100.0,0.0,8562.6,5332000.0,3428000.0,0.09169881486007503,True
R092,Client 092,Food Distribution,Business Banking,7,128813.97168333334,27318.847999999998,12064.599300000002,22771.258238449387,179621.17909886237,2262139.0735354167,237524.60272121883,179621.17909886237,73222.91423176604,51668.37273990257,0.40765189605767266,0.10857976311970353,16665.4602044879,153485.8773463624,4,0,4,4,0,3113200.0,0.0,23667.36,2752000.0,0.0,0.29907213293796914,True
R014,Client 014,Food Distribution,Business Banking,5,196046.2072166667,69053.17200000002,16282.048949999999,20351.587475043045,360477.42954888585,4795637.852801458,503541.974544153,360477.42954888585,94687.91915126705,51430.62760540077,0.26267364164730883,0.18513125997315763,64326.45588460312,347464.0419663858,2,0,6,4,1,498100.0,0.0,59960.04,7665000.0,1889000.0,0.0775423816741512,True
R287,Client 287,Food Distribution,Business Banking,5,200630.62941428577,51817.77799999999,19866.816049999994,31088.240220142256,513251.7602662457,6509220.854906519,683468.1897651845,513251.7602662457,113016.73338224749,51426.522150298006,0.2201974588915601,0.18163614560103,89637.72982717319,493501.60746124573,5,0,5,3,2,3519700.0,0.0,4554.96,8167000.0,3433000.0,0.038561313290530086,True
R161,Client 161,Wholesale Trade,Business Banking,5,138414.0450595238,34614.648,8207.08305,27570.60262923511,234011.8651924931,2953303.02469068,310096.8175925213,234011.8651924931,79497.34582277045,51415.92199967128,0.33971502153268024,0.12542260265526153,26636.777847489197,212376.2167549931,3,0,7,3,2,2040300.0,0.0,32520.36,2757000.0,893000.0,0.2142924188774187,True
R057,Client 057,Food Distribution,Business Banking,3,92168.98225,12470.2,1780.903125,3370.860847922945,86362.1381164154,982614.6830893458,103174.5417243813,86362.1381164154,61744.544296286316,51381.08772231647,0.7149492317229943,0.28014842879686547,18864.445526086063,67337.32402891539,5,0,0,2,1,2525800.0,0.0,0.0,926000.0,1209000.0,0.4348008029261288,True
R341,Client 341,Energy,Business Banking,5,201505.41566666667,66352.70000000001,19206.341250000005,72266.71330602214,406016.27281069895,5365481.414911838,563375.548565743,406016.27281069895,99999.2806991077,51277.327961823845,0.24629377538700614,0.1839361855362788,72001.45723674171,391448.02871069894,3,0,3,5,1,1067600.0,0.0,55446.0,7495000.0,1783000.0,0.06235758985072734,True
R270,Client 270,Retail,Business Banking,5,188339.1866904762,51328.850000000006,11970.6075,73143.0905383259,483187.3589610573,6579411.045006822,690838.1597257163,483187.3589610573,109168.25630796244,51185.77323263556,0.2259335934257355,0.18966598439960367,89941.52554937293,474210.1006360573,3,0,0,3,1,1238900.0,0.0,0.0,3994000.0,7887000.0,0.036267609026131825,True
R093,Client 093,Healthcare,Business Banking,5,162453.47971428567,38156.72,14252.03075,19163.000680234727,357687.78770139086,4672511.575467249,490613.7154240611,357687.78770139086,94099.93868099981,51177.404156832934,0.2630784217870962,0.23061092981414327,80523.09424956882,349172.93085139093,4,0,3,3,3,1346600.0,0.0,2342.3999999999996,3343000.0,5144000.0,0.0324674919729529,True
R305,Client 305,Energy,Business Banking,7,204429.7066785714,51548.22000000001,33522.217000000004,122706.40389717912,437345.85169080715,5754933.602749202,604268.0282886662,437345.85169080715,103509.78457618732,51028.28237329046,0.2366771839175148,0.18827332908621927,79627.24989839007,422934.30665330717,3,0,2,3,2,1503100.0,0.0,41207.4,1923000.0,4422000.0,0.04840385483129553,True
R089,Client 089,Energy,Business Banking,5,142850.49817857143,30212.01,9484.6935,70376.80911537576,305428.33266667085,3987060.412186882,418641.3432796226,305428.33266667085,87333.71696954107,50682.31704954058,0.28593849236918273,0.2417710498650727,71764.34560195032,296827.70390417083,3,0,5,1,2,1133900.0,0.0,9211.2,342000.0,4944000.0,0.04416744250411003,True
R139,Client 139,Energy,Business Banking,4,103975.91143333334,22644.631999999998,2921.7137,6730.328525818217,99450.45266364964,1181093.979194755,124014.86781544928,99450.45266364964,62501.19020227172,50567.135882633775,0.6284656180867909,0.4378105239538901,37155.54476875582,84866.72369864964,4,0,4,1,1,2134000.0,0.0,7800.24,718000.0,2809000.0,0.19065509413290083,True
R401,Client 401,Professional Services,Business Banking,3,136579.99445238095,45913.450000000004,2875.3027499999994,4675.933210230832,178290.88379617923,2227951.5080618653,233934.90834649585,178290.88379617923,71938.13495368573,50543.22889814421,0.40348745500597133,0.3792996747210337,63008.071607039725,166116.86169617923,4,0,1,4,4,2238800.0,0.0,11895.0,1886000.0,6536000.0,0.02418778028493762,True
R094,Client 094,Construction,Business Banking,6,202092.94919999994,35834.502,35672.76570000001,95496.9196413404,537788.6838504655,6980065.381406659,732906.8650476991,537788.6838504655,114980.81482946462,50446.17276740875,0.21380296440271612,0.15837190338169427,83124.76687407582,524870.6689704657,5,0,4,2,4,1486200.0,0.0,5117.64,3810000.0,3879000.0,0.055431061021021855,True
R319,Client 319,Technology,Business Banking,7,197705.02751666663,39987.10400000001,37468.0239,64824.26211938898,454356.4080279592,6025342.537872319,632660.9664765935,454356.4080279592,104684.39220756476,50161.623244209644,0.23040148737403285,0.11592683963520063,49727.1133474941,428952.5489004593,4,0,5,5,3,3213000.0,0.0,13559.280000000002,3979000.0,3063000.0,0.11447464773883222,True
R063,Client 063,Commercial Real Estate,Business Banking,7,221164.61678333333,41174.158,47788.0728,162299.10362217133,555580.4947057858,7191675.205153029,755125.8965410681,555580.4947057858,116730.09862242463,50060.43925773034,0.2101047458194882,0.09262149545068424,48936.270979261084,528346.8026632858,4,0,6,4,2,3077400.0,0.0,12025.56,4049000.0,3505000.0,0.11748325036880397,True
R258,Client 258,Commercial Real Estate,Business Banking,6,222062.55221666666,47781.636,36923.395099999994,142027.0121269458,598812.2142434862,8032006.455884857,843360.6778679099,598812.2142434862,121912.96143743108,50055.495728212736,0.2035913071536971,0.1472880128040636,86077.86442631712,584418.6691609861,3,0,3,6,4,1674100.0,0.0,3974.5200000000004,6573000.0,4462000.0,0.05630329434963352,True
R052,Client 052,Construction,Business Banking,3,140010.0291904762,52055.33,2623.97325,10486.188014203031,163440.94771675172,2055195.2322392089,215795.4993851169,163440.94771675172,69633.63384495406,50020.720118943864,0.42604766319411785,0.15171676741941112,21531.861044832058,141921.43301675175,3,0,4,5,2,2162600.0,0.0,36192.6,6478000.0,1385000.0,0.2743308957747067,True
R218,Client 218,Education,Middle Market,6,483685.38978571433,98602.85,105348.16125,302394.8590378959,1795106.8742255925,23285509.409380782,2444978.4879849823,1795106.8742255925,265122.9548269837,49710.1299199126,0.1476920169120056,0.1450801337587891,259033.2828407792,1785449.7106505923,3,0,2,3,3,1906800.0,0.0,5463.0,7918000.0,14450000.0,0.0026118831532165043,True
R326,Client 326,Retail,Business Banking,3,133299.39966666666,39012.69,4962.6089999999995,12155.78554807569,201157.33653437046,2615125.2806756217,274588.15447094024,201157.33653437046,73772.18017366236,49633.299789537894,0.3667387003856923,0.2687602017390107,51777.40494593036,192652.79833437048,2,0,1,5,1,980000.0,0.0,865.8000000000001,7092000.0,2721000.0,0.09797849864668157,True
R468,Client 468,Retail,Business Banking,4,110207.77738333335,25303.806,3932.981475,8896.028206165061,134606.10714909685,1690319.7458789104,177483.5733172856,134606.10714909685,65476.527025515905,49323.79416762429,0.48643058188281635,0.2416605211619493,28942.151117889956,119763.67086659683,3,0,2,7,1,1651600.0,0.0,8818.92,3723000.0,1099000.0,0.24477006072086704,True
R155,Client 155,Education,Business Banking,7,180415.33556666665,33379.816,27936.330599999998,91609.40527812761,454598.37890678423,6110615.247414904,641614.6009785649,454598.37890678423,103816.93218147918,49265.12671266506,0.22837066078224386,0.15780515303220027,69476.87588090208,440270.00732178416,1,0,3,5,2,1766600.0,0.0,2037.12,3947000.0,3510000.0,0.07056550775004358,True
R427,Client 427,Education,Business Banking,7,148881.47825000001,38685.23,18892.697999999997,38613.159168409635,224511.78744592922,2946814.2249426413,309415.4936189774,224511.78744592922,75959.91309066788,49018.49859715638,0.3383337416480275,0.1573237918003359,32249.731501145634,204989.53865842926,3,0,5,1,2,1888800.0,0.0,36294.6,1498000.0,2366000.0,0.1810099498476916,True
R373,Client 373,Transportation & Logistics,Business Banking,3,133179.77496428572,31808.439999999995,3394.56,24001.330152783114,285616.1348503692,3581000.5146443835,376005.05403766024,285616.1348503692,82819.47707857894,48545.54089653466,0.2899677818340587,0.2406605892263045,66623.2303491357,276834.8177128692,2,0,2,2,1,1281000.0,0.0,2680.8,1121000.0,5442000.0,0.04930719260775418,True
R250,Client 250,Retail,Business Banking,2,91721.78233333335,22110.259999999995,632.953125,1015.4923696621125,47643.86952334671,541684.4408212849,56876.86628623492,47643.86952334671,53817.77222058647,48100.507877784854,1.129584409474012,0.3606123941146417,10169.91335982046,28201.785423346708,3,0,5,4,0,2357700.0,0.0,11752.2,3460000.0,0.0,0.7689720153593702,True
R351,Client 351,Retail,Business Banking,6,112455.43100000001,19543.04,9474.849,13416.683252712322,171164.90004849425,1958689.8861974888,205662.43805073632,171164.90004849425,68420.81689541893,47881.02888959963,0.39973625945526226,0.030419191883036066,4296.174118959942,141232.35539849426,4,0,2,1,0,4006000.0,0.0,6292.8,2878000.0,0.0,0.3693170675722262,True
R450,Client 450,Commercial Real Estate,Business Banking,6,243318.57580000002,56138.297999999995,45870.2543,90784.67565627302,656326.9601810932,8294893.701809851,870963.8386900345,656326.9601810932,126599.74471489878,47840.50949316761,0.19289127583600632,0.15041418072352836,94356.20672021258,627309.2488110932,6,0,5,5,2,5209400.0,0.0,9750.36,9621000.0,2064000.0,0.042477095112477964,True
R422,Client 422,Transportation & Logistics,Business Banking,7,68737.49250000001,3632.1,0.0,0.0,19996.223875000003,103106.23875000002,10826.155068750002,19996.223875000003,50065.18781058251,47665.640945582505,2.50373211079997,0.0,0.0,0.0,1,0,0,0,0,2421400.0,0.0,0.0,0.0,0.0,2.50373211079997,True
R333,Client 333,Retail,Middle Market,3,122663.27741666668,37816.246,2852.54535,13258.518806091219,172031.3647317273,2137566.3987385524,224444.47186754798,172031.3647317273,67349.447142717,46705.683374909735,0.3914951628021115,0.1747256592263982,26877.141746590252,153824.8123692273,3,0,2,1,1,2226000.0,0.0,11037.72,5348000.0,2153000.0,0.21676950357571328,True
R291,Client 291,Technology,Middle Market,5,213785.89833333332,75498.68000000001,17184.213,26673.60656583658,503932.74092074693,6635266.460872802,696702.9783916441,503932.74092074693,106783.35605267438,46311.427142184766,0.2119000163743441,0.17007192183801728,83482.5175937644,490865.9624207469,1,0,4,2,1,894700.0,0.0,57216.6,4702000.0,5829000.0,0.041828094536326826,True
R435,Client 435,Food Distribution,Business Banking,5,148273.07650000002,42926.09000000001,8915.928999999998,29259.069137822247,300872.97935890127,4010478.550050219,421100.2477552731,300872.97935890127,82091.14707604144,45986.38955297329,0.27284320197500245,0.24522940934428486,71873.13031866294,293085.2808839013,2,0,4,1,4,851900.0,0.0,26626.8,271000.0,5790000.0,0.027613792630717587,True
R192,Client 192,Healthcare,Middle Market,4,106907.75683333335,30018.550000000003,3329.43625,2677.7626560549343,111448.59136111736,1373811.8329500998,144250.24245976048,111448.59136111736,59166.41142655964,45792.58046322555,0.5308852333076851,0.2649676863582689,25138.731498043133,94874.70658611736,3,0,2,2,1,2000500.0,0.0,18036.0,3737000.0,893000.0,0.2659175469494162,True
R299,Client 299,Energy,Business Banking,6,135339.61925,24241.834000000003,17526.096899999997,73283.91209733814,283313.0167399651,3614210.779270599,379492.1318234128,283313.0167399651,79404.22201581138,45406.66000701557,0.28027029230602357,0.14205582022987737,37489.68727208312,263908.13985246513,5,0,4,2,1,2532400.0,0.0,6545.88,3011000.0,1401000.0,0.1382144720761462,True
R018,Client 018,Professional Services,Business Banking,5,107639.45651190478,21714.61,5321.9235,14652.96961566848,189894.80460187237,2489823.534631491,261431.47113630656,189894.80460187237,66814.54347169842,44027.16691947373,0.3518502973884922,0.21184650183107148,37347.29824825266,176294.14658937237,3,0,2,1,2,1840600.0,0.0,1042.1999999999998,1586000.0,2851000.0,0.14000379555742073,True
R088,Client 088,Transportation & Logistics,Business Banking,4,125444.52488095238,38435.14,5816.855875,14280.228184827947,196272.17434483502,2556321.1236499003,268413.71798323945,196272.17434483502,67449.24586585368,43896.58494447348,0.3436515954999845,0.2665430513231188,49667.47244958619,186339.40071983504,3,0,2,4,2,1156100.0,0.0,19171.8,3485000.0,3102000.0,0.07710854417686569,True
R335,Client 335,Education,Business Banking,5,134697.1526666667,50958.87,5741.2620000000015,11776.810121834746,172247.59923294096,2146763.310724131,225410.14762603372,172247.59923294096,64317.70046022252,43647.988552269606,0.37340259455948505,0.2511405309790758,40076.24388108652,159576.96563294096,2,0,4,0,1,450700.0,0.0,71852.4,0.0,2392000.0,0.12226206358040925,True
R172,Client 172,Retail,Middle Market,4,230384.68921666665,71715.986,18352.076475,69767.28934917985,695211.4196294785,8883402.779554877,932757.2918532621,695211.4196294785,126982.52246202521,43557.1521064878,0.18265310217387123,0.16553341556060822,113178.14664450326,683717.8237469784,3,0,1,2,1,2022900.0,0.0,3467.5199999999995,17182000.0,1475000.0,0.01711968661326302,True
R166,Client 166,Retail,Business Banking,4,108905.97841666668,32332.300000000003,3215.32425,6947.885639980481,137429.2428148666,1629665.7704872082,171114.90590115686,137429.2428148666,59773.52881142966,43282.01967364568,0.4349403925040296,0.2459320340079215,29391.117472443908,119509.1058023666,5,0,3,3,0,2746100.0,0.0,5103.0,7259000.0,0.0,0.18900835849610811,True
R138,Client 138,Construction,Business Banking,5,170347.1583690476,56180.350000000006,13539.27,36294.40708611624,365844.29351260705,4900379.383428609,514539.835260004,365844.29351260705,87181.53318865508,43280.21796714224,0.23830229071387934,0.21398043606702172,75623.94779919632,353415.24295010703,3,0,2,4,2,2057900.0,0.0,12600.0,10622000.0,1997000.0,0.024321854646857627,True
R387,Client 387,Professional Services,Business Banking,5,112800.14579999998,23526.674000000003,7678.557150000001,17065.447059436854,206931.14059359574,2642571.2075242535,277469.97679004667,206931.14059359574,68066.94030776861,43235.20343653712,0.3289352202501473,0.17098833626261992,32917.83173400241,192515.07122359573,3,0,3,3,2,1707800.0,0.0,4162.68,3937000.0,1088000.0,0.1579468839875274,True
R113,Client 113,Construction,Business Banking,4,98413.81075,24038.525999999998,2255.4966,22398.827357871138,130026.4246416384,1671520.6387155643,175509.6670651342,130026.4246416384,58615.61217901434,43012.44122201774,0.4507976923964719,0.2340399690832418,27262.20923031259,116485.2710291384,2,0,3,1,1,1404100.0,0.0,18004.32,381000.0,2377000.0,0.2167577233132301,True
R074,Client 074,Education,Business Banking,4,71779.39925,13548.54,97.04400000000001,0.0,18430.1098875,107669.09887500001,11305.255381874998,18430.1098875,44720.964605308254,42509.351418808255,2.4265164384960998,0.0,0.0,0.0,6,0,4,0,0,1915800.0,0.0,19408.8,0.0,0.0,2.4265164384960998,True
R346,Client 346,Construction,Business Banking,5,76084.11825000001,13317.15,753.01875,1153.0524117199031,54374.425358602355,387471.03245017445,40684.45840726832,54374.425358602355,48721.59730599272,42196.66626296043,0.8960388451863368,0.39077938630494086,8515.481176798454,21791.01937110235,4,0,1,1,0,5857100.0,0.0,1080.0,1125000.0,0.0,0.5052594588813959,True
R264,Client 264,Technology,Business Banking,5,140294.4033452381,43820.11000000001,8462.360999999999,10923.830456585876,274255.5256616196,3043877.3117530565,319607.11773407087,274255.5256616196,74913.78526323996,42003.12218384558,0.273153239419758,0.16705807345882528,36957.522138862696,221225.5976241196,5,0,4,5,1,10637600.0,0.0,10822.2,4463000.0,1398000.0,0.10609516596093271,True
R338,Client 338,Industrial Manufacturing,Middle Market,5,344176.89975000004,118882.79000000001,51364.00275,82409.32411674592,995823.0550310863,12597998.45167453,1322789.837425826,995823.0550310863,161324.6639102096,41825.897306479244,0.1620013345695974,0.11712629845227564,112644.12953398685,961732.1730685864,4,0,5,8,1,4405900.0,0.0,72850.8,16192000.0,3452000.0,0.04487503611732176,True
R033,Client 033,Transportation & Logistics,Business Banking,4,156163.95438095237,50327.43,11704.298625,20687.179410048557,328376.4467247187,4378639.335332752,459757.1302099391,328376.4467247187,81148.78640568908,41743.61279872283,0.24712121473717305,0.230335424051417,74219.05766751608,322221.6381747187,2,0,1,6,3,1125600.0,0.0,804.5999999999999,10659000.0,2420000.0,0.016785790685756058,True
R414,Client 414,Education,Middle Market,6,269128.5703,55048.14200000001,65248.945949999994,52502.37090745517,787294.0989084541,9779932.126978992,1026892.8733327942,787294.0989084541,136148.15192006135,41672.86005104687,0.1729317571525359,0.052389660391538764,38970.59309888467,743860.3878634542,3,0,2,2,0,5659700.0,0.0,7117.4400000000005,12184000.0,0.0,0.12054209676099713,True
R345,Client 345,Food Distribution,Business Banking,5,133175.39225,28521.44,12275.270250000001,21165.379251445556,318460.54928817117,4040758.8986595203,424279.6843592496,318460.54928817117,79525.95399217188,41310.68807759135,0.24971995485761028,0.19206644083154692,59009.28992734163,307233.7347006711,3,0,2,6,0,1683500.0,0.0,1555.8,7183000.0,0.0,0.05765351402606336,True
R111,Client 111,Construction,Business Banking,7,263888.95035714284,52774.72,58810.3345,236655.74412861382,820813.166460957,11072680.416678756,1162631.4437512695,820813.166460957,139767.95410207618,41270.37412676132,0.17027986369261586,0.15204821279091124,123778.70027113867,814075.3383359571,2,0,4,5,3,770800.0,0.0,4376.4,4685000.0,7292000.0,0.018231650901704616,True
R402,Client 402,Transportation & Logistics,Business Banking,6,258510.10847619045,58876.14400000001,39791.44665,150036.21893991556,884280.7362681018,11626413.963769933,1220773.4661958432,884280.7362681018,147354.36789110943,41240.6795389372,0.16663754150405194,0.15514852875453855,135826.01034079242,875457.9333181018,3,0,2,4,3,1540100.0,0.0,1099.08,5873000.0,7868000.0,0.011489012749513389,True
R268,Client 268,Healthcare,Business Banking,8,238524.1876,37126.872,73748.48520000001,156990.34791318828,615192.1346482321,8081036.235740171,848508.804752718,615192.1346482321,115013.63296380728,41190.5768060194,0.1869556297717822,0.09808894613768676,57685.32908375687,588092.0466082323,7,0,2,2,2,3681000.0,0.0,4127.04,2646000.0,4461000.0,0.08886668363409544,True
R102,Client 102,Construction,Business Banking,3,103526.5571,29078.212,2915.6357,8631.551518819371,147944.22453581172,1698178.266195659,178308.71795054417,147944.22453581172,58693.70715391787,40940.40020962047,0.39672861403055537,0.13007408642370424,16173.425007090951,124340.10072081171,4,0,3,1,2,3588200.0,0.0,2259.84,4178000.0,1740000.0,0.26665452760685115,True
R488,Client 488,Industrial Manufacturing,Business Banking,2,98894.37323333336,31166.146,1731.0628499999998,3701.2014622099327,106750.44829176721,1261543.2752290936,132462.04389905484,106750.44829176721,53281.36304835046,40471.30925333838,0.49912074282557944,0.40834085735809955,37043.18908581285,90716.34253176721,5,0,5,3,1,2758500.0,0.0,14730.72,1463000.0,3068000.0,0.09077988546747989,True
R007,Blue Mesa Energy Services,Energy,Key Relationship,7,11778431.459361903,3188759.1220000004,3365260.5477,17204551.402263418,43311918.587266296,573151745.9195656,60180933.321554385,43311918.587266296,5237859.6980064595,40429.46753450458,0.12093344901018516,0.10362266427551745,4420329.319798056,42657939.271326296,7,3,12,28,12,95055700.0,122300000.0,1138631.04,390410000.0,217443000.0,0.01731078473466771,True
R119,Client 119,Food Distribution,Business Banking,5,113438.1874857143,40256.738,4210.4058,11800.75405820043,138389.38095905416,1666579.244045168,174990.82062474263,138389.38095905416,56467.266488004774,39860.540772918284,0.40803178753080754,0.1073511169281307,12795.28579466998,119190.98897905416,3,0,6,2,1,1444900.0,0.0,55076.159999999996,982000.0,969000.0,0.30068067060267684,True
R152,Client 152,Transportation & Logistics,Business Banking,6,305880.4018095238,89847.29,46220.043999999994,147846.9596130665,994632.8345270137,13150543.22412734,1380807.0385333705,994632.8345270137,158160.8882734985,38804.94813025687,0.1590143445734024,0.14496009497705,142991.1414835265,986417.2723270137,2,0,3,6,4,470500.0,0.0,39412.8,10408000.0,6897000.0,0.014054249596352403,True
R182,Client 182,Healthcare,Business Banking,4,116152.87791666666,33368.122,6391.613450000001,8926.540081500098,212903.0903351891,2776862.029975098,291570.5131473853,212903.0903351891,64288.3326978743,38739.961857651615,0.3019605426894481,0.21456388849341668,43936.69318132305,204772.07739768908,3,0,4,6,2,935500.0,0.0,2507.04,6503000.0,1739000.0,0.08739665419603143,True
R403,Client 403,Commercial Real Estate,Business Banking,6,252184.25666666665,100688.90000000001,33271.26000000001,68634.04649544347,563795.1992296177,7465774.468994071,783906.3192443773,563795.1992296177,106346.96099612527,38691.53708857116,0.1886269360601866,0.10748215839967347,58056.84402639528,540153.3137296176,4,0,2,5,2,1857900.0,0.0,76851.0,14026000.0,1454000.0,0.08114477766051313,True
R174,Client 174,Commercial Real Estate,Middle Market,3,56453.86375,4054.95,16.02,0.0,14582.0795625,84680.795625,8891.483540625,14582.0795625,40237.67089799875,38487.82135049874,2.759391808660539,0.0,0.0,0.0,2,0,1,0,0,1528500.0,0.0,3204.0,0.0,0.0,2.759391808660539,True
R099,Client 099,Construction,Business Banking,7,143419.48980000004,54935.092000000004,15382.507199999998,26125.665814674277,189759.84122780105,2168228.3700017342,227663.97885018217,189759.84122780105,61109.809810325474,38338.62886298936,0.32203763143417136,0.07055607925040548,10390.628761088257,147267.661007801,5,0,4,5,0,6492400.0,0.0,63625.44,2915000.0,0.0,0.2514815521837659,True
R059,Client 059,Professional Services,Business Banking,3,108015.15750714287,33710.694,2451.5184,5952.139080400119,182392.3237662261,2215722.742806531,232650.8879946857,182392.3237662261,59945.03767482836,38057.95882288122,0.3286598714080778,0.25507136601267405,41756.1012733295,163703.6015687261,3,0,2,1,3,3487600.0,0.0,5665.08,2307000.0,3842000.0,0.07358850539540374,True
R324,Client 324,Technology,Business Banking,5,115669.54000000002,29221.149999999998,9389.80375,8560.385020680318,226623.78343945972,2711371.5145852636,284694.00903145265,226623.78343945972,65195.5374534386,38000.68344070344,0.2876817978412003,0.18825934267856975,37841.29257107059,201006.1866394597,6,0,1,3,2,4785100.0,0.0,1080.0,3008000.0,2427000.0,0.09942245516263054,True
R186,Client 186,Food Distribution,Business Banking,6,127334.21798333334,20066.266,17976.20935,68682.15145835567,330176.56406805664,4318852.225665991,453479.4836949291,330176.56406805664,77522.69066596469,37901.50297779786,0.23479162091584901,0.16019038576810252,51197.35110956083,319603.1451205567,2,0,1,1,2,1280700.0,0.0,333.12,1082000.0,3150000.0,0.0746012351477465,True
R188,Client 188,Healthcare,Business Banking,2,92044.37003571431,29265.28,1219.9125,2221.5340658307323,106232.54841492728,1356371.4321875283,142419.00037969055,106232.54841492728,49893.33929376364,37145.43348397237,0.4696615118267545,0.35354783465342693,33478.28194830188,94692.36880242729,5,0,2,5,2,1967400.0,0.0,657.5999999999999,5093000.0,1806000.0,0.11611367717332755,True
R353,Client 353,Retail,Business Banking,4,92484.69333333333,24626.34,3353.07525,9504.21348076198,137950.87761898775,1851862.0097479997,194445.51102354,137950.87761898775,53060.45402246491,36506.348708186386,0.38463295731263686,0.3536584398761193,48070.16833613491,135922.58211898775,2,0,1,3,1,243600.0,0.0,310.79999999999995,1812000.0,3944000.0,0.03097451743651758,True
R133,Client 133,Retail,Business Banking,6,162755.30961666667,51944.818,21624.06255,50013.10209687243,358505.47785927803,4793826.986196767,503351.83355066046,358505.47785927803,78271.55637282915,35250.89902971577,0.21832736514991996,0.11281302577414527,38525.094606151586,341495.091916778,2,0,3,5,1,1382100.0,0.0,41135.76,7601000.0,143000.0,0.10551433937577469,True
R381,Client 381,Commercial Real Estate,Business Banking,6,136434.01940476193,29765.22,19674.495750000002,101426.48672176483,341480.40567051445,4260252.592296974,447326.5221911822,341480.40567051445,76107.38744753832,35129.73876707657,0.2228748302500623,0.0565351141867873,17841.2424368758,315578.0737955145,2,0,4,6,1,3195000.0,0.0,12650.4,4656000.0,382000.0,0.166339716063275,True
R149,Client 149,Commercial Real Estate,Business Banking,5,135309.79842857143,39575.45,11783.0075,46055.89109517187,316958.33892117516,4050403.6226092973,425292.3803739761,316958.33892117516,73077.22010254787,35042.21943200688,0.23055780879998097,0.18877977668697138,56656.10422264488,300117.4448711751,4,0,1,4,4,3118500.0,0.0,6264.0,4021000.0,3862000.0,0.041778032113009594,True
R029,Client 029,Wholesale Trade,Business Banking,4,86767.76709761906,19586.323999999997,3359.3659000000002,17707.771581110912,151380.00457855745,1964232.1786037954,206244.37875339852,151380.00457855745,52934.15760415907,34768.55705473218,0.34967734180962656,0.2211247351386593,31399.406269262618,141998.61562105746,2,0,7,2,2,1092300.0,0.0,6850.68,1354000.0,2098000.0,0.12855260667096727,True
R415,Client 415,Food Distribution,Business Banking,2,91678.07075,37053.23,1017.2786249999999,1297.820896817747,67732.3237653702,917058.6108264127,96291.15413677333,67732.3237653702,42723.59500837472,34595.7161565303,0.6307711389966839,0.3604692555103245,20557.756981077982,57030.54190287019,2,0,5,4,1,925900.0,0.0,29751.6,3298000.0,1724000.0,0.2703018834863594,True
R255,Client 255,Retail,Middle Market,5,143476.0493333333,65755.1,9796.04625,24069.896185972044,188199.65344502876,2411152.489798106,253171.01142880105,188199.65344502876,57129.64820313486,34545.68978973141,0.30355873221531654,0.13529675476525604,23459.026316260868,173389.42354502875,0,0,3,2,0,0.0,0.0,99102.0,3214000.0,0.0,0.1682619774500605,True
R300,Client 300,Food Distribution,Business Banking,2,67186.72408333335,16962.300000000003,380.217375,317.3376519391156,37804.676905866974,363546.0772886982,38172.3381153133,37804.676905866974,38987.76194459901,34451.20071589497,1.031294673981156,0.45194394101552254,8205.50969175725,18156.034293366978,3,0,2,5,0,3106800.0,0.0,6732.0,2457000.0,0.0,0.5793507329656333,True
R479,Client 479,Transportation & Logistics,Business Banking,7,94903.61753333332,18168.232,12575.791199999998,43687.820787698285,165006.72396589527,2079194.6249939809,218315.43562436802,165006.72396589527,53589.38843657544,33788.581560668,0.3247709375022297,0.06289900127451939,8987.728494686631,142891.43408589528,4,0,6,4,1,3010000.0,0.0,8682.24,2318000.0,170000.0,0.2618719362277103,True
R377,Client 377,Food Distribution,Business Banking,6,222651.79855476192,63713.174000000006,36274.9434,86820.80561518403,655937.7965155548,8748774.23540685,918621.2947177193,655937.7965155548,112417.13760366419,33704.60202179762,0.17138383883478248,0.11899610509099916,75804.07851130533,637029.9133180548,5,0,5,5,4,2530200.0,0.0,11500.68,9529000.0,4498000.0,0.05238773374378332,True
R272,Client 272,Transportation & Logistics,Business Banking,4,92110.52516666667,32459.32,2381.4165,5299.814417042735,112777.71895977328,1359057.6085973834,142701.04890272525,112777.71895977328,46824.91544342964,33291.58916825685,0.4151965111134375,0.1645867682226994,15532.972935008132,94375.58743477328,4,0,3,3,1,2680100.0,0.0,12119.4,3818000.0,1869000.0,0.2506097428907381,True
R051,Client 051,Healthcare,Business Banking,5,158327.68971666667,45498.226,20425.853475,29227.573664046016,409803.07521753124,5190932.016517331,545047.8617343197,409803.07521753124,82217.58176453164,33041.212738427894,0.2006270492745546,0.06684222476422969,25530.765324385175,381955.6487600312,6,0,4,7,0,3686200.0,0.0,14965.32,9068000.0,0.0,0.13378482451032492,True
R280,Client 280,Retail,Business Banking,4,83402.20125,29723.34,2334.284625,4145.495376981492,68781.03961917489,852055.0364331721,89465.77882548305,68781.03961917489,41034.41145425707,32780.68669995607,0.596594812777698,0.30823204446130953,18211.39345588081,59083.38793167488,3,0,5,2,1,471000.0,0.0,39148.8,993000.0,891000.0,0.28836276831638846,True
R191,Client 191,Education,Business Banking,7,129182.51299999999,22777.93,22696.052999999996,59967.98417486828,344798.65362400265,4641002.600262371,487305.27302754886,344798.65362400265,73707.29140503833,32331.452970157996,0.21376908126043595,0.21359192705935345,73637.21468984633,344756.54442400264,0,0,2,2,3,0.0,0.0,342.6,1004000.0,4239000.0,0.0001771542010824967,True
R336,Client 336,Transportation & Logistics,Business Banking,4,128478.68879999999,40125.988,9692.38455,33391.613831679715,309648.37286669295,4177798.959246489,438668.89072088135,309648.37286669295,68842.15174007944,31684.346996076285,0.2223236347174889,0.1200025751682206,35619.16910713624,296820.039546693,1,0,1,3,1,1400000.0,0.0,5168.16,8561000.0,1160000.0,0.10232105954926829,True
R418,Client 418,Healthcare,Business Banking,6,209927.52049999996,49836.907999999996,42607.432799999995,63853.60729839725,636070.6724372806,8521106.201234113,894716.1511295821,636070.6724372806,107898.64444751482,31570.163755041154,0.16963310701634982,0.13888814347121164,87253.07939878032,628225.5433622806,3,0,2,2,2,864600.0,0.0,1954.5600000000002,9244000.0,3358000.0,0.03074496354513817,True
R286,Client 286,Food Distribution,Business Banking,7,300830.17925000004,101159.44,59264.78024999999,117595.31616741953,829127.0467580233,10915586.83518173,1146136.6176940817,829127.0467580233,130968.78622813975,31473.54061717698,0.1579598527635082,0.09012453340051178,71605.90652591552,794521.8002705232,4,0,4,4,3,4216200.0,0.0,55714.8,13397000.0,3845000.0,0.06783531936299643,True
R023,Client 023,Professional Services,Business Banking,3,94750.09503333333,41549.242000000006,2023.9646999999998,1403.4174570409075,82563.62724767871,1024274.7669433217,107548.85052904877,82563.62724767871,41310.246866600406,31402.611596878967,0.5003443797675671,0.30708848508550185,22775.924718899114,74167.30299267871,1,0,5,3,0,380600.0,0.0,38182.44,5708000.0,0.0,0.19325589468206522,True
R314,Client 314,Wholesale Trade,Business Banking,6,222636.1007619048,55043.51,40621.008499999996,75493.00198935214,721098.9977021384,9331574.959108185,979815.3707063592,721098.9977021384,117597.75919181219,31065.879467555595,0.1630812961417925,0.12907098851789053,91228.89108168318,706811.7485521383,2,0,1,7,2,2142400.0,0.0,1366.1999999999998,10828000.0,2929000.0,0.034010307623901975,True
R072,Client 072,Professional Services,Middle Market,5,291578.8364166667,156408.64,24169.531499999997,32681.527791050295,590013.210963078,7521649.106471036,789773.156179459,590013.210963078,101624.29188944631,30822.70657387696,0.17224070580312106,0.0159802464681084,8773.549703483579,549024.6800005779,2,0,5,5,0,1688300.0,0.0,189385.8,14204000.0,0.0,0.15626045933501267,True
R367,Client 367,Healthcare,Business Banking,6,95875.53293333334,25319.514000000003,7349.97365,10265.29601669282,190220.05632825408,2407350.06453461,252771.75677613402,190220.05632825408,53602.43326349805,30776.02650410756,0.2817917011390154,0.23416279032599926,41059.48156053365,175345.88438825408,2,0,3,2,2,2845600.0,0.0,5547.48,2385000.0,2145000.0,0.04762891081301615,True
R284,Client 284,Education,Business Banking,2,68831.7115,19612.66,1056.2955000000002,1121.8493784011148,65289.46864846632,769238.3701046102,80770.02886098406,65289.46864846632,38514.06441265413,30679.328174838163,0.5898970417422572,0.11791004615973634,6208.122539775625,52651.345173466325,4,0,2,3,0,1433400.0,0.0,3349.2,4463000.0,0.0,0.4719869955825209,True
R483,Client 483,Food Distribution,Business Banking,3,118964.37761666666,47139.456,4454.9196,8274.209749495483,226413.48087667278,2900758.066976687,304579.5970325521,226413.48087667278,57826.059983118124,30656.44227791739,0.25540025160699653,0.18206870405366896,39057.96182987356,214523.20448417275,3,0,1,4,2,1917800.0,0.0,1825.92,10782000.0,1227000.0,0.07333154755332758,True
R187,Client 187,Professional Services,Business Banking,2,98705.714,40750.63,2062.00275,4288.210774486586,142526.06414877117,1892073.21386072,198667.68745537553,142526.06414877117,46649.05438699304,29545.926689140506,0.32730191958644106,0.31875001006774156,43370.11823976905,136063.11174877116,1,0,3,4,3,1041800.0,0.0,15342.6,5264000.0,2739000.0,0.008551909518699496,True
R198,Client 198,Commercial Real Estate,Business Banking,6,143666.98683333336,43961.74,16893.07275,45626.1058389484,371231.36373798124,4605018.35474504,483526.92724822916,371231.36373798124,73799.48200630667,29251.718357748916,0.19879646283980218,0.19147618905039784,65458.81828946317,341864.01251298125,5,0,3,4,3,5856900.0,0.0,5149.8,5483000.0,2923000.0,0.007320273789404336,True
R425,Client 425,Industrial Manufacturing,Business Banking,5,72090.50033333333,19150.9,2619.4125000000004,5393.851615793666,100857.6965051152,1235329.5546572504,129709.60323901131,100857.6965051152,41194.438953073,29091.51537245918,0.4084412036019853,0.19023117427714956,16756.535377385,88085.11770511519,2,0,2,3,1,1682600.0,0.0,10980.0,1940000.0,844000.0,0.21821002932483577,True
R259,Client 259,Construction,Business Banking,4,154062.8751309524,55379.560000000005,14865.13175,30486.84149185113,387248.7643162756,4957955.547435893,520585.3324807686,387248.7643162756,75032.71821341805,28562.86649546496,0.19375844451278088,0.15603906831516035,59052.480329403275,378446.7631537755,2,0,5,5,1,1086000.0,0.0,13339.199999999999,11312000.0,1516000.0,0.03771937619762053,True
R282,Client 282,Industrial Manufacturing,Business Banking,4,95908.39865952382,36690.162,3770.6442,9646.778192046058,151665.07428350297,1839470.8311998919,193144.43727598863,151665.07428350297,46577.8903427734,28378.08142875304,0.3071101937134633,0.1882407757687545,25302.23624825874,134414.21575600296,7,0,2,5,1,2387200.0,0.0,34608.84,3075000.0,736000.0,0.11886941794470882,True
R115,Client 115,Construction,Business Banking,3,88843.32728571429,28551.54,4138.96125,11510.81013907579,163191.06843294617,2102124.915362896,220723.11611310404,163191.06843294617,47451.11844949086,27868.190237537317,0.29077031546605825,0.21212466629664947,33208.64273338886,156552.4807329462,2,0,3,3,1,752000.0,0.0,8272.8,4653000.0,1464000.0,0.07864564916940878,True
R238,Client 238,Energy,Middle Market,3,82580.57175,34950.0,1298.088,4561.197648435963,84464.94565366174,853186.2002909178,89584.55103054637,84464.94565366174,37684.131959826154,27548.338481386738,0.44615114197013,0.3010834640632207,18215.232727980394,60498.94764116175,3,0,1,1,1,4331000.0,0.0,19890.0,2817000.0,1701000.0,0.14506767790690933,True
R444,Client 444,Healthcare,Business Banking,3,125875.13716666667,50520.289999999986,6667.185000000001,10151.29492749022,272885.48009670345,3626405.726454384,380772.6012777104,272885.48009670345,60187.252394296214,27440.994782691792,0.2205586474332289,0.1651412072119653,43883.69965861671,265734.4002717035,2,0,4,7,2,789600.0,0.0,7669.8,11101000.0,1392000.0,0.0554174402212636,True
R352,Client 352,Technology,Business Banking,4,66578.04141666667,19602.32,2026.7497500000002,1690.2693455869291,75255.809421457,894837.7196026075,93957.96055827379,75255.809421457,36363.2034503385,27332.50631976366,0.48319463613357394,0.12272869969000931,7765.0095705307485,63269.712708957,2,0,2,3,0,1286500.0,0.0,11717.4,3208000.0,0.0,0.3604659364435646,True
R067,Client 067,Energy,Business Banking,3,65165.399833333344,18561.600000000002,916.9612500000001,5768.920133363937,81938.96422604288,868716.2497603559,91215.20622483737,81938.96422604288,37119.53141658736,27286.855709462216,0.45301440855643077,0.16602831052656988,10495.76836504085,63216.73895104286,6,0,2,4,0,3149800.0,0.0,2688.0000000000005,3531000.0,0.0,0.28698609802986086,True
R316,Client 316,Healthcare,Middle Market,5,207420.573,66150.46800000001,32639.406299999995,40915.87936835909,617445.4660001842,8039999.566475909,844199.9544799705,617445.4660001842,100625.78534716538,26532.329427143275,0.16297113006435998,0.15342106908485306,94070.27653005338,613150.9648001842,0,0,8,4,1,0.0,0.0,36341.76,10848000.0,1821000.0,0.009550060979506919,True
R098,Client 098,Technology,Middle Market,6,288532.564,72542.42,65892.06074999999,104954.94413947387,973459.6721501709,12782957.129352223,1342210.4985819834,973459.6721501709,142557.97327711398,25742.812619093507,0.1464446626353128,0.11114622798982825,104863.65405883799,943474.6995501708,3,0,1,5,0,5301500.0,0.0,3839.3999999999996,17851000.0,0.0,0.03529843464548456,True
R056,Client 056,Education,Middle Market,7,440986.25893809524,109914.694,118094.87539999999,349373.3218091626,1500807.012572003,20212888.777178045,2122353.321603695,1500807.012572003,205775.89723680922,25679.055728168867,0.13711016507323048,0.12088120808214231,180074.94781873492,1489685.209767003,1,0,5,2,1,146600.0,0.0,65995.08,8885000.0,9400000.0,0.016228956991088173,True
R043,Client 043,Healthcare,Middle Market,5,94751.67082142858,25804.71,7764.186000000001,16019.293561171122,231792.17748130998,3089950.61792562,324444.8148821901,231792.17748130998,53281.14797738884,25466.08667963165,0.22986603153027044,0.14168165782540962,31190.98576617359,220148.36814380996,2,0,1,1,1,1731500.0,0.0,427.20000000000005,3726000.0,2207000.0,0.08818437370486082,True
R434,Client 434,Energy,Business Banking,4,127746.07646666668,49313.968,7886.580675000001,56947.05102082349,312056.36732739914,4144205.5934278527,435141.58730992454,312056.36732739914,62745.37042966637,25298.60635037847,0.2010706301782845,0.1964347912733142,60830.204137019166,309671.2336073991,2,0,3,2,2,452200.0,0.0,1325.76,5450000.0,6407000.0,0.004635838904970296,True
R485,Client 485,Retail,Business Banking,8,75285.92979285715,9011.662,18738.349200000004,37902.718013607155,124532.71429873414,1601260.8207655465,168132.38618038237,124532.71429873414,39771.12535095239,24827.199635104287,0.3193628724380631,0.1432987355905377,16580.71436000154,115707.33190123414,3,0,2,1,1,943500.0,0.0,3759.84,362000.0,947000.0,0.1760641368475254,True
R400,Client 400,Healthcare,Business Banking,3,110025.25176904762,41881.834,4431.2261499999995,12191.68512841457,271147.112710332,3294726.8888831097,345946.3233327265,271147.112710332,56355.03014838051,23817.37662314067,0.20783931492047608,0.20509531780819046,51403.321023859164,250631.372637832,5,0,4,6,3,4484900.0,0.0,1970.88,4850000.0,3799000.0,0.0027439971122856233,True
R154,Client 154,Commercial Real Estate,Business Banking,3,74560.85775000001,39402.200000000004,636.3584999999999,783.0962961202448,29758.42108230329,289778.20885180717,30426.711929439745,29758.42108230329,27107.6788308682,23536.668300991805,0.9109246339345796,0.11345047326187781,1575.770566173444,13889.501919803293,5,0,3,2,0,1464700.0,0.0,56853.0,1696000.0,0.0,0.7974741606727017,True
R348,Client 348,Technology,Business Banking,3,87470.39395238095,33537.0,3099.5385,5258.003881070165,166422.99696352167,2153133.4185837274,226079.00895129138,166422.99696352167,43503.26703496218,23532.507399339574,0.2614017763692699,0.2344213277295904,37077.49732128517,158166.05801352166,3,0,2,4,2,1586500.0,0.0,4005.0,4854000.0,2659000.0,0.026980448639679522,True
R452,Client 452,Technology,Business Banking,5,89171.8608,23870.786,9304.3626,9064.521162388899,210490.17753079362,2665671.679187355,279895.5263146722,210490.17753079362,48716.44386655102,23457.622562855788,0.23144283708641966,0.18428887611708167,37168.34444181982,201685.23041079362,2,0,4,2,1,1450900.0,0.0,5363.52,2293000.0,2382000.0,0.047153960969337994,True
R129,Client 129,Transportation & Logistics,Business Banking,3,85041.92324999999,32879.7,4136.754375,9685.339871930413,146715.01797892092,1813256.9398617826,190391.97868548718,146715.01797892092,40792.23777106321,23186.43561359271,0.27803723390419366,0.1769434527856558,24185.270864278966,136683.6154914209,3,0,3,1,1,1049000.0,0.0,28584.0,3855000.0,465000.0,0.10109378111853787,True
R091,Client 091,Education,Business Banking,6,102197.13933333334,27829.1,13193.036250000001,41018.46679737171,262813.7536504491,3266493.4274965716,342981.80988713994,262813.7536504491,54182.932775145484,22645.282337091594,0.20616475364227155,0.11900568649821454,28475.792738951473,239280.94175044904,5,0,1,5,1,4225900.0,0.0,8895.0,3697000.0,813000.0,0.08715906714405701,True
R312,Client 312,Construction,Business Banking,5,103493.70216666666,38879.304000000004,7492.225150000001,33747.52419765212,230276.5585476853,3079478.1295564156,323345.2036034236,230276.5585476853,50150.74359577193,22517.5565700497,0.21778484059369332,0.13242666509145656,29271.38796510743,221038.4739726853,2,0,5,3,2,515400.0,0.0,35951.28,3978000.0,980000.0,0.08535817550223676,True
R411,Client 411,Education,Business Banking,7,118827.93663333333,17713.902000000002,34376.608199999995,65278.038823227296,312763.69368551346,3986603.171422455,418593.3329993577,312763.69368551346,59871.90976657145,22340.26652430984,0.19142858002813193,0.09697309850750777,29225.149370967752,301373.78119051346,2,0,3,2,2,1195000.0,0.0,4301.639999999999,2001000.0,1456000.0,0.09445548152062416,True
R081,Client 081,Construction,Middle Market,4,202664.43099999998,104580.24000000002,12712.8195,44121.397608024665,478480.65134020784,6188965.923745208,649841.4219932468,478480.65134020784,78882.58619821447,21464.908037389523,0.1648605559645245,0.06605118650994578,30200.603059760477,457230.2884402079,2,0,3,6,0,1185600.0,0.0,81148.8,16620000.0,0.0,0.09880936945457873,True
R451,Client 451,Education,Business Banking,5,55548.9535,11777.256,3305.2146000000002,9048.535257853515,106233.0243216342,1394334.2321367862,146405.09437436252,106233.0243216342,33862.90529565101,21114.942377054915,0.31876062563301116,0.17272009972379315,17141.22873900452,99242.8140466342,1,0,1,4,1,815000.0,0.0,3445.92,1029000.0,1124000.0,0.146040525909218,True
R469,Client 469,Wholesale Trade,Business Banking,7,192882.76287142857,53652.102,42135.530699999996,110409.5467810049,581823.5272373203,7906407.833125195,830172.8224781454,581823.5272373203,90816.45533724972,20997.632068771287,0.15608934854950707,0.14312523435336608,82099.93370753451,573623.0517173203,2,0,6,4,4,1048500.0,0.0,22070.64,5838000.0,4335000.0,0.012964114196140991,True
R049,Client 049,Technology,Business Banking,4,91118.21635714287,33131.89,6052.097250000001,9003.318198154615,205911.2078250055,2653552.584791885,278623.02140314784,205911.2078250055,45494.97606238823,20785.631123387575,0.2209446321205222,0.16480943312778812,32831.817669496726,199210.79180000548,2,0,5,3,1,691000.0,0.0,15859.8,5351000.0,1032000.0,0.05613519899273409,True
R214,Client 214,Professional Services,Business Banking,3,52500.65494047618,14595.25,1237.1325000000002,2436.5098883115443,79742.21105588035,1016563.2604888316,106739.1423513273,79742.21105588035,30201.144150256965,20632.07882355132,0.3787347221798645,0.19122658312034693,14081.597387093214,73638.28374338035,2,0,1,3,1,677700.0,0.0,1134.0,2030000.0,1300000.0,0.18750813905951755,True
R303,Client 303,Education,Business Banking,4,60627.22301190477,17190.728,2687.9906749999996,5019.779547428611,115220.68509997771,1433518.308318302,150519.42237342172,115220.68509997771,34340.220542072966,20513.73833007564,0.2980386769291967,0.2365012713670118,24638.800939008215,104180.41643747772,4,0,2,3,2,2090600.0,0.0,456.96000000000004,2356000.0,1235000.0,0.06153740556218493,True
R441,Client 441,Healthcare,Business Banking,5,107352.40991666666,33991.409999999996,11435.441625,13378.322236241662,296363.5787644289,3720158.3349539638,390616.62517016614,296363.5787644289,55735.02261631384,20171.39316458239,0.18806299629893472,0.06973988376261851,19567.003957984605,280571.21552692883,3,0,3,5,0,2057300.0,0.0,637.2,8730000.0,0.0,0.11832311253631621,True
R229,Client 229,Food Distribution,Middle Market,4,161701.5083333333,72396.64,12981.590875000002,26321.159883002914,420800.0290369032,5611460.487369582,589203.3511738062,420800.0290369032,70318.29971795311,19822.296233524743,0.1671062140344728,0.1397574070495305,57623.66412649311,412312.05803690315,2,0,4,3,2,667700.0,0.0,38563.8,11105000.0,2515000.0,0.027348806984942298,True
R461,Client 461,Education,Business Banking,5,158386.2635,49310.076,26107.238475,30666.477895417855,483614.0658908641,6265853.451838493,657914.6124430419,483614.0658908641,77206.94882696668,19173.26092006298,0.1596457883927424,0.08285303684577623,38819.36373582018,468532.78061586415,2,0,2,8,0,1619000.0,0.0,9028.32,11976000.0,0.0,0.07679275154696617,True
R157,Client 157,Industrial Manufacturing,Business Banking,3,58245.70925000001,17424.38,2739.8115,5268.186390447182,109378.63248806568,1293578.4066566983,135825.73269895336,109378.63248806568,32142.372276600803,19016.936378032926,0.29386335836762145,0.09297342381110034,8953.60137335255,96302.80360056566,3,0,2,4,1,1967000.0,0.0,3171.6000000000004,3250000.0,301000.0,0.2008899345565211,True
R475,Client 475,Industrial Manufacturing,Business Banking,5,157327.52653571428,48883.22000000001,22237.212,44229.68633875998,514690.5370220772,6589798.874249173,691928.8817961633,514690.5370220772,80577.23696040885,18814.372517759573,0.15655472786932656,0.11098990356495184,54187.10305955809,488216.5072595773,4,0,2,5,2,4780200.0,0.0,2414.3999999999996,9664000.0,1458000.0,0.045564824304374724,True
R064,Client 064,Food Distribution,Business Banking,6,84192.7102,19134.024,11557.55715,24450.360197006717,247973.5427295891,3237751.3143490907,339963.88800665445,247973.5427295891,47916.563938267784,18159.738810717085,0.193232565905307,0.19205306415164913,47493.440608764984,247293.3239495891,1,0,4,3,2,86800.0,0.0,2809.68,1896000.0,2405000.0,0.0011795017536578578,True
R447,Client 447,Energy,Business Banking,4,50917.203238095244,11948.87,3356.2282500000006,11956.29227725859,100038.43767991266,1206265.1022841423,126657.83573983495,100038.43767991266,29992.32447746663,17987.71195587711,0.29980800553314696,0.146093627688935,13073.794559364625,89489.14997991266,4,0,1,2,1,1705300.0,0.0,794.4000000000001,1873000.0,533000.0,0.15371437784421196,True
R156,Client 156,Wholesale Trade,Business Banking,6,69538.04546428572,13803.95,12065.8525,17935.938932411384,170930.39556853267,2217033.7772735474,232788.54661372246,170930.39556853267,38189.28802719241,17677.640558968487,0.22342011144460747,0.1969259994877617,32432.360869691656,164693.13830603266,3,0,0,2,2,1199300.0,0.0,0.0,1261000.0,1687000.0,0.026494111956845756,True
R339,Client 339,Healthcare,Business Banking,6,61112.12556666668,15587.282000000001,8121.921200000001,8190.08236309357,119204.317433228,1491027.408837714,156557.87792795998,119204.317433228,31914.13932676292,17609.62123477556,0.2677263711076534,0.19230986200634537,21174.58473433582,110106.59834822798,2,0,7,3,1,1465900.0,0.0,10056.24,967000.0,994000.0,0.07541650910130804,True
R283,Client 283,Healthcare,Business Banking,6,48637.25066666667,12061.47,3985.2719999999995,6214.046148750189,80094.65702049667,979137.953752977,102809.48514406256,80094.65702049667,27112.356251086403,17500.9974086268,0.3385039309694303,0.17060736968199378,12118.614914480399,71032.18892049667,4,0,5,2,1,1290300.0,0.0,8456.4,924000.0,498000.0,0.16789656128743655,True
R439,Client 439,Industrial Manufacturing,Middle Market,6,187679.05066666665,64165.4,29711.688750000005,29682.558750000026,594422.1878958141,7533288.659302079,790995.3092267183,594422.1878958141,88682.28427449818,17351.62172700049,0.14919073695486237,0.12471036663284617,71323.69769328217,571914.746295814,3,0,3,3,0,4077400.0,0.0,5826.0,15670000.0,0.0,0.024480370322016207,True
R150,Client 150,Food Distribution,Business Banking,5,118331.15972857144,34836.444,17572.4979,25264.897219288585,366332.6205535725,4651750.749840085,488433.8287332089,366332.6205535725,60819.77802711181,16859.863560683123,0.16602337497328476,0.1351877477739656,47706.39879069411,352889.95915857237,6,0,2,2,2,2526200.0,0.0,1012.0799999999999,5883000.0,2200000.0,0.03083562719931915,True
R141,Client 141,Energy,Business Banking,4,52308.444047619065,14467.179999999998,2388.741625,19361.26516301973,113312.09471471846,1400282.9565148912,147029.71043406354,113312.09471471846,30259.428932543145,16661.977566776928,0.26704500529026626,0.12874125017750304,13157.685450629138,102202.56081471845,6,0,1,3,1,1834400.0,0.0,285.6,2459000.0,656000.0,0.13830375511276322,True
R492,Client 492,Construction,Business Banking,4,76193.72095238096,30344.4,4000.5525000000002,16035.315857882953,178113.80119901404,2388749.155642088,250818.6613424192,178113.80119901404,37016.67384689268,15643.017703010995,0.2078259719219197,0.10873258097647556,18497.699616142676,170121.03869901403,1,0,0,4,1,1037600.0,0.0,0.0,7230000.0,774000.0,0.09909339094544414,True
R045,Client 045,Wholesale Trade,Business Banking,7,110601.01811666667,22634.927999999996,31972.282300000006,55142.96823945239,301081.6545981886,3970094.070627774,416859.87741591624,301081.6545981886,51364.94315420966,15235.14460242703,0.17060137132154143,0.1467832924791425,43251.89261889412,294664.95735568873,3,0,4,4,3,1003300.0,0.0,6969.959999999999,2130000.0,2187000.0,0.02381807884239892,True
R122,Client 122,Construction,Business Banking,6,63310.53394047619,14399.75,8525.711249999998,26286.52363540033,171515.9046239293,2196464.595293863,230628.78250585558,171515.9046239293,35711.21061405808,15129.30205918656,0.20820932433268802,0.16089908300972325,26610.64467218833,165387.17421142934,3,0,1,3,2,1008300.0,0.0,1296.0,1492000.0,1545000.0,0.04731024132296477,True
R220,Client 220,Construction,Business Banking,3,53606.68489999999,25020.038000000004,1309.6038,2708.014238756357,61816.8970468986,794792.119472672,83453.17254463056,61816.8970468986,22539.31516359226,15121.287517964422,0.36461414662227976,0.24272517510257102,13917.063292986153,57336.7113118986,2,0,5,4,1,410400.0,0.0,12857.16,4402000.0,428000.0,0.12188897151970873,True
R412,Client 412,Construction,Business Banking,2,54558.70816666667,30724.440000000002,635.3130000000001,1277.534983230488,32528.872573625664,358799.5597040021,37673.953768920226,32528.872573625664,18583.000738170955,14679.536029335877,0.5712771229962027,0.20554485226284305,4588.775651060454,22324.935898625667,3,0,5,3,0,913500.0,0.0,42145.8,1764000.0,0.0,0.3657322707333597,True
R020,Client 020,Healthcare,Business Banking,4,38635.31175,17858.79,144.114,0.0,11145.296762500002,57952.967625000005,6085.061600625,11145.296762500002,16006.741273270753,14669.30566177075,1.4361879826410544,0.0,0.0,0.0,3,0,4,0,0,1337500.0,0.0,28822.8,0.0,0.0,1.4361879826410544,True
R135,Client 135,Wholesale Trade,Business Banking,7,102896.62575,25140.138,24302.8608,51679.4939822701,290469.169763876,3851204.3580428404,404376.4575944982,290469.169763876,49123.884389291015,14267.584017625897,0.169119099384021,0.0861124862247299,23565.838369886762,273663.430276376,5,0,3,3,1,2694600.0,0.0,2483.16,4464000.0,913000.0,0.0830066131592911,True
R489,Client 489,Retail,Business Banking,8,113852.87274285716,18251.014,40738.06740000001,132035.543113634,303068.549456586,4024385.7094816365,422560.49949557177,303068.549456586,50564.26717767115,14196.041242880821,0.1668410241456426,0.1542822011420351,45693.81518752774,296170.360866586,3,0,3,1,3,1384400.0,0.0,1533.48,410000.0,3088000.0,0.0125588230036075,True
R478,Client 478,Retail,Business Banking,7,89826.57016666666,25158.2,18998.474999999995,38001.1413827869,231247.22757361853,2977382.2629526774,312625.1376100311,231247.22757361853,41475.41420547073,13725.74689663652,0.17935529277758308,0.07280535597586851,15963.380456754243,219261.07279861855,4,0,4,5,0,1312800.0,0.0,17700.0,3844000.0,0.0,0.10654993680171457,True
R424,Client 424,Healthcare,Business Banking,6,66883.1445,17630.27,12344.6445,9800.390913239433,173234.35764518345,2338952.995263573,245590.06450267514,173234.35764518345,33119.09210469807,12330.969187276063,0.19118085208323515,0.09236803899077449,15360.245500567571,166293.94397018343,3,0,2,3,0,807000.0,0.0,791.4,4567000.0,0.0,0.09881281309246066,True
R175,Client 175,Food Distribution,Business Banking,9,99478.18166666669,13908.44,43917.564000000006,66631.27561823702,214749.30233513252,2779211.703722766,291817.2288908905,214749.30233513252,37939.21961299266,12169.303332776746,0.17666748716038033,-0.11977306581754187,-22797.992704002358,190343.23408513254,4,0,1,1,0,2971600.0,0.0,52.800000000000004,2692000.0,0.0,0.2964405529779222,True
R180,Client 180,Industrial Manufacturing,Business Banking,2,60565.0535,34547.08,810.4485,2712.5395916546363,78203.79602219946,881685.0963627048,92576.935118084,78203.79602219946,21445.96207160956,12061.506548945625,0.27423172738982854,0.18226324658797544,11229.166668801558,61609.605222199454,2,0,4,2,1,2808700.0,0.0,32994.6,1484000.0,1554000.0,0.0919684808018531,True
R165,Client 165,Food Distribution,Business Banking,5,53375.000166666665,19265.75,3531.9525,6405.560199349699,123468.07439230161,1460344.1475329946,153336.13549096446,123468.07439230161,26851.422083385416,12035.253156309222,0.2174766409498619,0.29628218399786926,31292.664399300917,105617.77281730162,3,0,1,1,2,4099500.0,0.0,120.0,544000.0,2477000.0,-0.07880554304800735,True
R267,Client 267,Professional Services,Business Banking,7,227115.24000000002,60508.58,62546.693,116146.07571875612,740994.2569563419,9933442.450233703,1043011.4572745389,740994.2569563419,100767.06687854255,11847.756043781537,0.1359889984740861,0.12375707300395478,90965.06501981255,735029.2214563419,1,0,5,4,2,316700.0,0.0,32754.6,5398000.0,5139000.0,0.012231925470131327,True
R179,Client 179,Commercial Real Estate,Business Banking,7,168734.38967380952,58443.056000000004,38537.9646,138979.12142312553,474114.6482321662,6022367.783987808,632348.6173187197,474114.6482321662,68405.15510336842,11511.397315508488,0.14427977570073205,0.07161373026860685,31441.065057844073,439036.82910966617,6,0,5,5,2,5550500.0,0.0,39766.92,6004000.0,1607000.0,0.07266604543212521,True
R167,Client 167,Healthcare,Business Banking,8,191186.0314642857,45999.8,56936.009999999995,110621.8228521642,613879.0072320245,8434845.230152711,885658.7491660347,613879.0072320245,85032.26806446619,11366.787196623254,0.13851633149645565,0.11099191450992182,67264.16866099944,606027.6458695245,2,0,1,4,1,733700.0,0.0,15495.0,7759000.0,2049000.0,0.027524416986533823,True
R467,Client 467,Healthcare,Business Banking,4,20979.18425,4940.79,303.05400000000003,650.5520457655589,16337.296009590491,195794.37938066886,20558.409834970225,16337.296009590491,12436.887871240619,10476.412350089759,0.7612574237462421,0.25896116498023963,3264.595576447368,12606.506372090491,1,0,3,0,1,361900.0,0.0,4960.8,0.0,371000.0,0.5022962587660025,True
R194,Client 194,Professional Services,Business Banking,3,77405.74005000001,33831.892,5100.415824999999,7626.373263076075,207966.2605848202,2645154.1664499496,277741.18747724476,207966.2605848202,35324.90127571184,10368.950005533414,0.16985880871433173,0.07677216945627119,15350.570337762389,199949.6750773202,2,0,4,3,1,907100.0,0.0,3460.4399999999996,7682000.0,818000.0,0.09308663925806054,True
R164,Client 164,Technology,Middle Market,5,284538.04806666664,116190.244,29697.4629,70162.37129334765,1047952.1453575785,14436574.681397878,1515840.341546777,1047952.1453575785,136037.3390598294,10283.08161692,0.12981254884822171,0.12958362427276682,135119.5168682948,1042720.6186475785,1,0,3,6,1,1031000.0,0.0,8704.08,24284000.0,5525000.0,0.00022892457545489742,True
R110,Client 110,Healthcare,Business Banking,6,265264.9368452381,103300.3,46425.551250000004,86314.58262182667,858808.3282309327,11275169.414973449,1183892.788572212,858808.3282309327,112938.43673641805,9881.437348706108,0.1315059868702729,0.08984899803661882,75667.56942740429,842163.7534184327,3,0,2,7,1,450200.0,0.0,89880.0,13337000.0,1447000.0,0.04165698883365408,True
R036,Client 036,Retail,Business Banking,3,57620.32430000001,29044.826,2003.6765999999998,6858.796888150677,114854.78829054181,1436392.2620711497,150821.1875174707,114854.78829054181,23555.23559738126,9772.661002516243,0.20508710126908145,0.077263905312695,8283.709404673556,107213.1853955418,3,0,3,6,0,1017900.0,0.0,4456.32,7162000.0,0.0,0.12782319595638644,True
R463,Client 463,Food Distribution,Business Banking,6,151852.90125000002,34502.75,33898.48875,84540.34729537641,594052.9931604642,7659383.906379148,804235.3101698107,594052.9931604642,80805.25407987519,9518.894900619473,0.13602364605550982,0.11029429236685938,64538.94550674893,585152.1789729642,4,0,2,4,2,1330800.0,0.0,1431.0000000000002,5590000.0,2701000.0,0.02572935368865044,True
R233,Client 233,Professional Services,Business Banking,8,127706.95965238095,27230.788,37437.6908,67956.06671527114,429291.2916709937,5728620.379030257,601505.139798177,429291.2916709937,60470.30864210279,8955.353641583548,0.14086078570735805,0.12322725258965712,52468.18208741849,425783.9153659937,1,0,2,5,1,352200.0,0.0,5528.16,3689000.0,2389000.0,0.017633533117700925,True
R347,Client 347,Education,Business Banking,5,53676.56305714286,17715.438000000002,4066.119550000001,15829.927848516014,182669.33076054876,2342836.380665525,245997.81996988007,182669.33076054876,29585.108803482228,7664.789112216383,0.16195991237447369,0.1105439068526618,19536.111678484427,176727.16873054876,4,0,4,1,1,812900.0,0.0,6710.16,2211000.0,1126000.0,0.051416005521811886,True
R307,Client 307,Wholesale Trade,Business Banking,5,144942.85096666665,48925.562,24544.792950000003,45979.45449439347,521699.037898648,6650678.575537945,698321.2504314842,521699.037898648,69584.01082158109,6980.126273743345,0.1333796035006286,0.1366537373563578,70321.6632841079,514597.439078648,2,0,5,7,1,1400300.0,0.0,12843.84,9694000.0,1296000.0,-0.0032741338557291944,True
R123,Client 123,Energy,Business Banking,7,67668.03532142857,15784.01,21101.465999999997,112108.4999392166,206100.5317531214,2812726.495511504,295336.2820287079,206100.5317531214,29425.24664338205,4693.18283300748,0.14277132811393825,0.11533842989627541,23312.434270586302,202122.0012406214,3,0,3,2,1,551100.0,0.0,5605.2,1729000.0,1294000.0,0.027432898217662843,True
R206,Client 206,Healthcare,Middle Market,7,45135.50406666667,11905.453999999998,10538.8539,14190.237970758604,142088.53666500995,1816055.9195183744,190685.87154942934,142088.53666500995,21402.81966948486,4352.195269683667,0.15063016462717513,0.1037879657410795,14218.033385521256,136991.15580500994,1,0,3,2,1,785200.0,0.0,4700.28,1321000.0,782000.0,0.04684219888609563,True
R022,Client 022,Education,Business Banking,7,147088.53699999998,29543.47,49561.0745,85264.89226168745,528973.0985493427,7001262.38056442,735132.549959264,528973.0985493427,67145.58716355378,3668.8153376326363,0.12693573141563158,0.12137185336859234,63727.95276697077,525063.6864993428,3,0,2,3,3,763500.0,0.0,380.4,3824000.0,3290000.0,0.005563878047039242,True
R062,Client 062,Transportation & Logistics,Business Banking,9,233209.0305357143,28638.35,134228.625,201951.75120541657,560497.1927354834,7583277.88476682,796244.177900516,560497.1927354834,69860.1100665831,2600.4469383250835,0.12463953606196264,0.04042602516360144,21912.87378164685,542048.6850479834,1,0,0,1,1,2151900.0,0.0,0.0,847000.0,4988000.0,0.0842135108983612,True
R350,Client 350,Education,Business Banking,8,41637.92605,12757.568000000001,11291.638799999999,11319.936513629398,120207.43147038348,1530638.3453889359,160717.02626583827,120207.43147038348,16884.696074823423,2459.804298377405,0.14046299690700445,0.050461711242111955,5443.290054993971,107869.70796288349,4,0,2,3,0,2223000.0,0.0,2693.7599999999998,2269000.0,0.0,0.09000128566489249,True
R232,Client 232,Food Distribution,Business Banking,6,182072.4865,44688.42,45677.723249999995,92152.86461407988,742876.6866629863,9777954.914731134,1026685.266046769,742876.6866629863,91433.39272175897,2288.1903222006026,0.12308017516672815,0.11999101109557206,88838.32197415546,740374.8094379863,2,0,2,5,3,446700.0,0.0,1403.4,9849000.0,1950000.0,0.0030891640711560864,True
R395,Client 395,Industrial Manufacturing,Business Banking,7,161724.97,34573.78,56821.84799999999,108478.0710083802,564546.6685096874,7400523.271820308,777054.9435411321,564546.6685096874,69968.93544059346,2223.3352194309687,0.12393826647724308,0.06831163203367366,37625.75912790345,550795.7870096874,3,0,3,4,0,1671800.0,0.0,4605.6,8438000.0,0.0,0.055626634443569425,True
R301,Client 301,Construction,Business Banking,4,81508.39300000001,30379.33,8248.471249999999,43528.543039205695,334910.3150795001,4362481.557727977,458060.5635614374,334910.3150795001,42388.72554922618,2199.48773968616,0.12656739324127436,0.1232219116544486,40992.72431294418,332673.98437950015,2,0,2,5,1,380600.0,0.0,4392.6,7226000.0,467000.0,0.003345481586825766,True
R209,Client 209,Commercial Real Estate,Business Banking,4,54904.95166666666,28656.0,3527.3955000000005,22577.685224800876,167191.40693122378,2159630.928975668,226761.2475424451,167191.40693122378,22160.40325347427,2097.4344217274192,0.13254510898751046,0.10278180679367832,16939.060961524272,164806.02443122378,0,0,4,4,0,0.0,0.0,16440.0,5604000.0,0.0,0.029763302193832136,True
R396,Client 396,Healthcare,Business Banking,8,378814.2326666666,59503.23,192841.30800000002,235135.56924483902,1041197.2924241213,14271119.748315537,1498467.5735731316,1041197.2924241213,126582.40072299648,1638.7256321019208,0.12157388579861424,0.11909629213744996,123275.31850587248,1035089.4750241215,3,0,1,3,3,1289200.0,0.0,522.5999999999999,3810000.0,9766000.0,0.0024775936611642763,True
R027,Client 027,Energy,Business Banking,7,79386.9286,19860.426,25695.0441,51075.77492398323,277465.6479011467,3557360.5719846706,373522.8600583904,277465.6479011467,33830.55331758755,534.6755694499565,0.12192699735442725,0.08039357493464133,21733.708556835154,270341.36216114665,4,0,6,4,0,974200.0,0.0,7069.32,4146000.0,0.0,0.041533422419785915,True
R298,Client 298,Energy,Business Banking,5,10051.580666666667,4322.96,1375.9485000000002,4318.8091005105025,31088.223894223254,398011.3457470201,41791.19130343711,31088.223894223254,4217.672277811638,487.0854105048486,0.13566784298009887,0.11231738328997545,3443.3780734756388,30657.570294223253,0,0,3,1,0,0.0,0.0,3367.2000000000003,706000.0,0.0,0.02335045969012342,True
R016,Client 016,Wholesale Trade,Middle Market,6,438840.81793333334,148228.528,109275.0798,153138.75290218004,1528313.146327516,19787284.34795345,2077664.8565351125,1528313.146327516,182534.72236287646,-862.8551964254766,0.11943541989513153,0.11106479735262083,165380.60969117703,1489046.1571375162,2,0,6,8,0,7501400.0,0.0,53028.96,30803000.0,0.0,0.008370622542510697,False
R117,Client 117,Construction,Business Banking,4,74859.01095238095,43472.95,6343.730749999999,22924.671588925914,219726.84468651368,2952989.5595097267,310063.9037485213,219726.84468651368,25461.37842933691,-905.8429330447266,0.11587741345698062,0.09721898741667871,21177.709468056913,217835.11668651368,0,0,2,5,1,0.0,0.0,12699.0,9281000.0,890000.0,0.018658426040301906,False
R015,Client 015,Food Distribution,Business Banking,5,50131.973000000005,30189.100000000002,3814.291875000001,7581.45972587343,156948.89565388023,1887914.2437915253,198230.99559811014,156948.89565388023,16850.046341832534,-1983.8211366330934,0.10736008222059734,0.07007105202278788,9803.700443919033,139910.84992888023,6,0,4,3,0,3309600.0,0.0,13644.0,5063000.0,0.0,0.037289030197809464,False
R362,Client 362,Industrial Manufacturing,Business Banking,6,87345.5497,29858.638,19589.81955,26241.379941704105,339753.1125375859,4274874.560052903,448861.8288055548,339753.1125375859,38742.96610684976,-2027.4073976605484,0.114032703975784,0.12140283892248739,39432.77025828146,324809.29283258587,1,0,1,4,1,3572700.0,0.0,860.1600000000001,5705000.0,902000.0,-0.007370134946703397,False
R266,Client 266,Healthcare,Business Banking,6,85251.04633333336,25302.77,25618.368249999996,35803.92837845509,319011.83616043645,4361756.834409116,457984.46761295706,319011.83616043645,35425.016469387716,-2856.403869864668,0.11104608811935077,0.10174899930172056,32224.00198915571,316700.9229604365,1,0,2,2,2,379200.0,0.0,1085.4,5824000.0,834000.0,0.009297088817630209,False
R151,Client 151,Education,Business Banking,9,129244.12755714284,22559.464,77561.8674,296104.73392887646,279059.02673439734,3494449.4442965216,366917.1916511348,279059.02673439734,30298.59220167705,-3188.4910064506284,0.10857413414013885,-0.11637140302605281,-28684.950401996262,246494.84027939732,7,0,6,1,1,4694200.0,0.0,15348.48,794000.0,955000.0,0.22494553716619164,False
R107,Client 107,Transportation & Logistics,Business Banking,8,280167.7757428572,50898.928,131610.6648,397001.2386209585,853281.9497976372,11481993.306785278,1205609.2972124543,853281.9497976372,99187.24888765028,-3206.5850880661856,0.11624205681506956,0.08711363409639257,72547.72967440987,832794.2052576373,2,0,5,3,3,3517200.0,0.0,5862.959999999999,2615000.0,7388000.0,0.029128422718676994,False
R374,Client 374,Wholesale Trade,Business Banking,6,108539.82708333332,38697.15,24503.913749999996,50508.56202565516,450808.12009855814,5810048.638362155,610055.1070280264,450808.12009855814,47648.10572741715,-6448.868684409832,0.10569487017447703,0.07772220499570041,34540.976360633395,444415.80578605813,2,0,1,3,1,581700.0,0.0,16632.0,6981000.0,943000.0,0.027972665178776612,False
R256,Client 256,Healthcare,Business Banking,6,282445.1721666667,114899.95,60909.10874999999,78519.5588022855,965075.9645112996,13122616.285177588,1377874.7099436468,965075.9645112996,109281.5689182673,-6527.54682308865,0.1132362352155417,0.08776602965034079,83383.68611527281,950067.8844362996,2,0,3,7,0,1165300.0,0.0,60780.0,22778000.0,0.0,0.02547020556520091,False
R208,Client 208,Healthcare,Business Banking,6,361330.244245238,86448.446,97708.67485,190855.63037006336,1580805.4520976609,20422672.33015143,2144380.594665901,1580805.4520976609,180905.94130875848,-8790.712942960792,0.11443909246941429,0.09770740047863652,153380.42081688115,1569793.2814251608,2,0,3,5,5,1277700.0,0.0,2940.72,17566000.0,4763000.0,0.016731691990777772,False
R337,Client 337,Transportation & Logistics,Business Banking,7,135380.39925,28241.97,59266.947,125430.25798391215,503850.7281937165,6498094.53869919,682299.926563415,503850.7281937165,51124.998816948166,-9337.088566297827,0.10146854208235269,0.05148710013357858,25055.6328169499,486639.03680621646,4,0,3,7,0,2853900.0,0.0,1298.3999999999999,6642000.0,0.0,0.04998144194877411,False
R390,Client 390,Technology,Business Banking,9,151746.35058333332,24425.839999999997,98786.3115,221656.45202455437,368016.9608339481,4613390.537254358,484406.00641170744,368016.9608339481,32454.167577334643,-11707.867722739114,0.08818660831226798,-0.0490174239515583,-16675.305154321602,340191.3811464481,4,0,3,1,2,3992300.0,0.0,15319.8,235000.0,2042000.0,0.13720403226382627,False
R370,Client 370,Professional Services,Business Banking,8,132491.7557,22277.728,70335.9198,126419.94157545194,467057.7392909904,6124350.8578612255,643056.8400754286,467057.7392909904,43973.47145565438,-12073.45725926447,0.09414996852938913,0.06230409647259331,28734.50016431707,461197.6064359904,3,0,4,5,1,614200.0,0.0,3498.9599999999996,2429000.0,2429000.0,0.03184587205679582,False
R405,Client 405,Professional Services,Business Banking,7,58968.63199999999,18753.7,28022.37,40570.445349679496,236227.07518156833,3186562.2646603114,334589.0377893327,236227.07518156833,16178.35133981269,-12168.897681975512,0.06848643969950406,0.0587974606163287,13467.805678724691,229054.20638156837,2,0,2,3,0,1497200.0,0.0,4248.0,4049000.0,0.0,0.009688979083175363,False
R332,Client 332,Healthcare,Business Banking,6,155782.1885,46896.340000000004,38761.37775000001,100915.05961969552,739894.1205232162,9704822.291491684,1019006.3406066268,739894.1205232162,74943.89973650932,-13843.394726276632,0.10129003280025085,0.07269730975104949,53005.38426202281,729124.4262482162,3,0,4,6,0,1505600.0,0.0,1690.8000000000002,12488000.0,0.0,0.028592723049201366,False
R101,Client 101,Food Distribution,Middle Market,6,179361.05599999995,70435.66,37976.661,70433.28120648793,748026.0156336837,9617984.623897072,1009888.3855091925,748026.0156336837,75808.2798174416,-13954.842058600469,0.10134444288441129,0.09336749423076594,69182.63803468758,740971.3477336838,1,0,4,4,2,720500.0,0.0,32956.2,11726000.0,2264000.0,0.007976948653645344,False
R308,Client 308,Food Distribution,Business Banking,7,244000.76407619048,46723.792,100560.5322,241587.67019300853,975274.0443288144,12872027.285373064,1351562.8649641715,975274.0443288144,102041.01284296588,-14991.872476491822,0.104628041150414,0.10450618618302339,101915.96078081548,975214.6212888143,0,0,1,4,2,0.0,0.0,421.43999999999994,8984000.0,3344000.0,0.00012185496739061663,False
R378,Client 378,Technology,Business Banking,8,338227.4713095238,70718.52,166873.68949999998,301519.38598645304,1015437.9160290123,13677278.127163187,1436114.2033521342,1015437.9160290123,106194.51239824698,-15658.037525234507,0.1045800149097573,0.08615585661925355,86736.48455698448,1006739.2741540123,2,0,3,5,4,301400.0,0.0,43664.4,3339000.0,7681000.0,0.018424158290503742,False
R432,Client 432,Professional Services,Middle Market,7,299599.6729238095,89141.96799999998,107354.00380000002,167875.3054065708,1043770.6607928997,13457908.581159078,1413080.4010217031,1043770.6607928997,108899.54238889557,-16352.936906252426,0.10433282566705804,0.09159478429834739,90749.5498759279,990772.0245328997,1,0,6,6,2,11219600.0,0.0,27863.76,12416000.0,3007000.0,0.01273804136871065,False
R060,Client 060,Construction,Business Banking,7,104445.01,30122.72,43327.343250000005,124314.77170003981,474905.96256536024,6282644.10431408,659677.6309529784,474905.96256536024,37451.90799466244,-19536.80751318079,0.07886173463132297,0.055237344255850904,25965.054031007436,470063.40331536013,2,0,2,5,0,486800.0,0.0,6566.4,7366000.0,0.0,0.023624390375472065,False
R293,Client 293,Professional Services,Business Banking,9,107924.26873333335,24137.854,76688.1639,127477.15773470241,308162.4505620875,3696872.1520935115,388171.57596981875,308162.4505620875,14411.503936780027,-22567.990130670456,0.04676593112007475,-0.11584524964079695,-30544.388458040583,263665.4377520875,7,0,3,3,0,8410300.0,0.0,4175.28,2636000.0,0.0,0.16261118076087172,False
R263,Client 263,Transportation & Logistics,Middle Market,6,300187.25125,73621.57,96537.61200000001,226252.4882354278,1352631.9696943485,17366077.88440166,1823438.1778621743,1352631.9696943485,138399.3440632566,-23916.492300065183,0.10231855165639063,0.08858527586261558,119077.68542213587,1344215.3254318484,2,0,1,4,1,1054200.0,0.0,2111.3999999999996,17609000.0,2055000.0,0.013733275793775049,False
R237,Client 237,Construction,Business Banking,5,46456.013666666666,30182.266,13752.39435,34325.851664983405,286390.85417596804,3842307.6655772133,403442.3048856074,286390.85417596804,10296.024913855488,-24070.87758726067,0.03595095570869476,0.03722873247112641,10606.685157363489,284905.889975968,1,0,3,4,0,298400.0,0.0,2772.12,8060000.0,0.0,-0.001277776762431647,False
R309,Client 309,Technology,Business Banking,9,169561.35604523806,27843.562,112460.02920000002,136404.57315953524,527141.4901507408,7018396.974166899,736931.6822875245,527141.4901507408,37660.06128419162,-25596.917533897282,0.07144203593881861,0.0038239308844273128,1957.9798654390725,512033.27795824094,3,0,6,4,2,1804900.0,0.0,6285.84,3125000.0,2387000.0,0.0676181050543913,False
R183,Client 183,Construction,Middle Market,6,664264.4405,224966.55000000002,134244.10124999998,672867.4911631178,2848404.2935656207,36667864.36864927,3850125.758708174,2848404.2935656207,315185.1894597301,-26623.32576814445,0.11065324896880513,0.053320072764496865,147716.68648208556,2770376.6859906204,4,0,3,7,1,8190900.0,0.0,129954.0,35964000.0,3407000.0,0.057333176204308264,False
R297,Client 297,Healthcare,Business Banking,6,63588.38616666667,31640.46,23752.1835,32295.86407091444,368302.8154071087,4593400.944989044,482307.0992238496,368302.8154071087,17005.304805478674,-27191.03304337437,0.04617207388621676,0.02467555251754135,8639.990492606168,350143.7500321087,6,0,5,6,0,3761000.0,0.0,7027.200000000001,6324000.0,0.0,0.02149652136867541,False
R277,Client 277,Food Distribution,Business Banking,7,99736.03433333333,37222.198000000004,43312.16429999999,100568.33228356828,492237.9249261921,6605000.856293225,693525.0899107886,492237.9249261921,28996.152428673715,-30072.398562469323,0.0589067825950662,0.04812315969957725,23560.255174629714,489582.46552619204,1,0,3,5,1,69100.0,0.0,15687.36,6821000.0,1026000.0,0.010783622895488953,False
R453,Client 453,Healthcare,Business Banking,8,260926.68333333335,53393.57,128171.742,372722.4840320134,1000698.081833331,13698877.281468794,1438382.1145542236,1000698.081833331,89595.0680877766,-30488.701732223133,0.08953256702924199,0.08182790792220378,81556.02891562658,996677.4293333311,2,0,5,5,4,363300.0,0.0,11078.4,7438000.0,4605000.0,0.007704659107038214,False
R058,Client 058,Wholesale Trade,Business Banking,8,191911.39573333337,40799.10599999999,110708.56710000001,178780.18949810695,692300.474673304,9464242.293908818,993745.4408604258,692300.474673304,50963.541090274215,-32112.51587052228,0.07361477126579158,0.06989095444067073,48146.681157254614,688882.8682133041,2,0,7,2,2,520900.0,0.0,8125.92,5019000.0,3996000.0,0.0037238168251208514,False
R142,Client 142,Energy,Business Banking,8,112031.41941904763,26155.008,73998.51780000002,417912.9776875904,471869.7935772993,6186602.857430468,649593.3000301989,471869.7935772993,22834.10931054796,-33790.26591872794,0.04839069934407105,0.04180467591711722,19571.20680609276,468158.3190572993,1,0,7,4,1,454900.0,0.0,14017.56,2712000.0,1838000.0,0.00658602342695383,False
R195,Client 195,Food Distribution,Business Banking,7,148560.98608333335,52962.12,54705.04575,100846.89536526817,715581.3493867839,9338778.930389343,980571.7876908812,715581.3493867839,52017.21373639064,-33852.54819002343,0.0726922435596829,0.04293418942406018,29991.17773043088,698538.347474284,5,0,5,8,0,2809800.0,0.0,11084.400000000001,12186000.0,0.0,0.02975805413562272,False
R086,Client 086,Food Distribution,Middle Market,8,601572.7001833334,123297.498,250827.30180000002,686246.9527649693,2289903.3649334,30886528.699824043,3243085.5134815243,2289903.3649334,239862.97674928463,-34925.42704272338,0.10474807820384195,0.09040625218138,205875.35634716498,2277224.7646558997,1,0,1,7,3,1394700.0,0.0,1815.3600000000001,18636000.0,12218000.0,0.014341826022461951,False
R228,Client 228,Healthcare,Middle Market,8,343875.6019333334,84783.27200000001,156159.9927,151293.77975790013,1281092.5722704437,16649978.328430898,1748247.7244852444,1281092.5722704437,115713.34496196655,-38017.76371048674,0.0903239527467489,0.06254320398019166,78753.29148006612,1259182.2367304438,5,0,4,4,0,3012300.0,0.0,24206.04,19129000.0,0.0,0.027780748766557242,False
R011,Client 011,Healthcare,Business Banking,7,121181.69799999997,42066.66,37541.784750000006,107836.9544457279,785208.6563268387,10072872.033469032,1057651.5635142485,785208.6563268387,54570.877754123285,-39654.16100509735,0.06949856871089875,0.04752169200140484,36961.62287712629,777784.2353768386,2,0,5,3,0,743500.0,0.0,10216.2,10095000.0,0.0,0.021976876709493914,False
R215,Client 215,Food Distribution,Middle Market,6,465286.6286666667,136067.148,150918.2493,182136.09828587202,1963579.2727298364,25426416.088065967,2669773.6892469265,1963579.2727298364,192963.26535874166,-42666.247368838725,0.09827118672447453,0.0830577717186265,161928.33747142865,1949586.8251798367,2,0,5,8,1,1174000.0,0.0,35889.36,29955000.0,2161000.0,0.015213415005848038,False
R442,Client 442,Professional Services,Business Banking,8,368737.5834285714,62908.850000000006,196016.91,622021.6751775348,1431387.3958372178,18193357.18117555,1910302.5040234327,1431387.3958372178,125339.3810079113,-46427.10649255484,0.08756496066154079,0.020781418875580184,28828.183236673292,1387209.5745372176,7,0,1,5,2,5757100.0,0.0,12744.0,7618000.0,4578000.0,0.0667835417859606,False
R030,Client 030,Food Distribution,Business Banking,8,150720.37071666666,48845.606,92404.2771,236466.95917966677,595208.0077860004,7850488.8229167815,824301.326406262,595208.0077860004,24613.356896485027,-46811.604037835015,0.04135252982909204,0.014180853989103712,8303.584087959582,585548.9446785004,2,0,7,5,2,637800.0,0.0,45658.92,4165000.0,1822000.0,0.027171675839988325,False
R153,Client 153,Technology,Business Banking,8,343146.9041666667,57329.164000000004,194678.62740000003,345680.98873432475,1313288.5448366057,17063618.73026351,1791679.9666776687,1313288.5448366057,107692.54852458573,-49902.07685580697,0.0820021989440138,0.06054275759518048,78486.01013876822,1296373.228711606,4,0,3,6,3,2607100.0,0.0,2805.48,7997000.0,5308000.0,0.02145944134883332,False
R438,Client 438,Construction,Business Banking,9,86166.53730714285,18533.196,86787.8736,241057.85091195418,407993.7501886122,5346939.790522908,561428.6780049053,407993.7501886122,-2619.5474120526455,-51578.797434686116,-0.00642055769442951,-0.02708420167759366,-10950.014725343695,404295.2735211122,1,0,4,2,1,343900.0,0.0,7479.72,1770000.0,1713000.0,0.02066364398316415,False
R085,Client 085,Professional Services,Business Banking,8,233916.19659999997,74898.88799999999,146824.4358,140772.53767623074,887160.6058020596,11716939.455594039,1230278.642837374,887160.6058020596,35224.902653768266,-71234.3700424789,0.039705215068609044,0.0009079147863283393,792.0842225208573,872421.3268120596,2,0,4,7,0,726800.0,0.0,59552.16,11730000.0,0.0,0.038797300282280706,False
R285,Client 285,Food Distribution,Business Banking,7,105129.91173333333,28006.116,88811.8806,195873.899410195,729592.4420650917,9398484.697807424,986840.8932697796,729592.4420650917,12464.930356157916,-75086.1626916531,0.017084785474032964,0.016936722697607272,12353.476766360316,729390.0353050918,0,0,4,3,0,0.0,0.0,2181.12,7659000.0,0.0,0.000148062776425692,False
R170,Client 170,Construction,Business Banking,9,290706.7093333333,49012.799999999996,262086.6,338615.816317046,980283.4591379082,12715933.475076107,1335173.014882991,980283.4591379082,13184.649107708497,-104449.36598884048,0.013449833295466894,-0.08339083153156852,-78514.57923966402,941525.3187629081,5,0,2,6,1,4586700.0,0.0,17895.0,7584000.0,1277000.0,0.09684066482703542,False
R476,Client 476,Education,Business Banking,9,219171.72508333332,54039.67999999999,222035.96550000002,223907.63035428023,847779.982328698,11133651.582443818,1169033.416156601,847779.982328698,-18440.937233728957,-120174.53511317275,-0.02175203191643549,-0.09017871783862454,-74444.2213054797,825518.737566198,4,0,4,4,1,2076400.0,0.0,30795.6,7282000.0,1889000.0,0.06842668592218905,False
R212,Client 212,Wholesale Trade,Business Banking,9,225956.59666666662,40655.97000000001,263176.43700000003,355261.3919664731,1006859.3722574784,13054100.934330555,1370680.5981047081,1006859.3722574784,-29724.91062107951,-150548.03529197694,-0.029522405452147023,-0.05389303377460269,-53258.78157540952,988231.2767574785,3,0,2,4,1,3319100.0,0.0,812.4000000000001,6480000.0,2789000.0,0.024370628322455665,False
R222,Client 222,Professional Services,Business Banking,9,340574.8633928572,58738.1,387073.0625,842340.5411096368,1440060.3832118325,19043607.940191507,1999578.833720109,1440060.3832118325,-37843.42050865034,-210650.6664940703,-0.026279051177178023,-0.03338957558667647,-47932.865409396596,1435563.7820243326,1,0,2,6,3,339900.0,0.0,13155.0,7012000.0,5878000.0,0.007110524409498446,False
R306,Client 306,Energy,Business Banking,9,161308.6604833333,41729.784,270803.6094000001,617898.6462820348,1110796.2504777533,14255582.587618014,1496836.171699892,1110796.2504777533,-82428.89872768763,-215724.44878501797,-0.07420703724218998,-0.12065325660500041,-131031.51213891902,1086017.2019052529,8,0,6,4,1,3598500.0,0.0,1511.88,9342000.0,623000.0,0.04644621936281043,False
R147,Client 147,Retail,Middle Market,8,453361.0134,97449.978,417993.75479999994,1284751.643357826,2173031.2625531047,29703797.878672507,3118898.7772606136,2173031.2625531047,16400.027998303827,-244363.7235080687,0.007547074117578666,-0.010749535490845662,-23053.06444714379,2144563.7782931044,2,0,1,5,0,4901100.0,0.0,1656.96,25482000.0,0.0,0.01829660960842433,False
R433,Client 433,Construction,Middle Market,9,812847.5051666666,116758.4,776364.54,2496827.617447145,2992969.4645906226,40462256.71216326,4248536.954777142,2992969.4645906226,26564.95606058828,-332591.37969028647,0.00887578586246012,-0.03040080773689157,-89307.18114963172,2937658.167590623,3,0,1,2,3,7588500.0,0.0,1053.0,12181000.0,13814000.0,0.03927659359935169,False
R388,Client 388,Professional Services,Business Banking,9,420968.4550833333,65427.73000000001,593297.8230000001,1292122.829315127,1937883.0523735976,25533010.3603698,2680966.087838829,1937883.0523735976,-123992.93630421521,-356538.90258904686,-0.0639837043583944,-0.07078573943156508,-136726.39853360096,1931552.8753610977,2,0,3,4,5,591800.0,0.0,16254.6,1433000.0,11241000.0,0.006802035073170676,False
R364,Client 364,Food Distribution,Business Banking,9,519588.2859166667,93606.90000000001,627247.7000000001,988830.0194180275,2410283.484202268,32161255.024741556,3376931.777597864,2410283.484202268,-82437.503955575,-371671.52205984714,-0.034202410005252704,-0.03247857734054396,-77557.80699333725,2387968.111414768,2,0,2,6,3,5001100.0,0.0,2415.0,13908000.0,8022000.0,-0.001723832664708741,False
