account_id,relationship_id,product,sub_type,monthly_volume,unit_price,monthly_card_spend,monthly_revenue,ecr_offset_pct
PM00001,R316,Payments,Remote Deposit Capture,191,0.2,0.0,38.2,0.26
PM00002,R008,Payments,RTP / Instant,294,0.45,0.0,132.3,0.27
PM00003,R377,Payments,Wire Transfer,12,18.0,0.0,216.0,0.31
PM00004,R001,Payments,Commercial Card,0,0.0,1714500.0,21431.25,0.0
PM00005,R020,Payments,Wire Transfer,130,18.0,0.0,2340.0,0.34
PM00006,R212,Payments,Account Reconciliation,652,0.05,0.0,32.6,0.36
PM00007,R242,Payments,Account Reconciliation,570,0.05,0.0,28.5,0.06
PM00008,R012,Payments,Lockbox,450,0.65,0.0,292.5,0.35
PM00009,R056,Payments,Remote Deposit Capture,319,0.2,0.0,63.8,0.28
PM00010,R002,Payments,Positive Pay,27348,0.08,0.0,2187.84,0.2
PM00011,R381,Payments,Lockbox,128,0.65,0.0,83.2,0.35
PM00012,R367,Payments,Remote Deposit Capture,145,0.2,0.0,29.0,0.06
PM00013,R040,Payments,Positive Pay,1968,0.08,0.0,157.44,0.16
PM00014,R002,Payments,Wire Transfer,82,18.0,0.0,1476.0,0.4
PM00015,R003,Payments,Account Reconciliation,3045,0.05,0.0,152.25,0.06
PM00016,R276,Payments,Lockbox,591,0.65,0.0,384.15,0.42
PM00017,R003,Payments,RTP / Instant,541,0.45,0.0,243.45,0.28
PM00018,R140,Payments,Account Reconciliation,1698,0.05,0.0,84.9,0.0
PM00019,R004,Payments,Account Reconciliation,1256,0.05,0.0,62.8,0.07
PM00020,R496,Payments,Lockbox,1030,0.65,0.0,669.5,0.02
PM00021,R008,Payments,Remote Deposit Capture,1362,0.2,0.0,272.4,0.35
PM00022,R188,Payments,Remote Deposit Capture,227,0.2,0.0,45.4,0.11
PM00023,R049,Payments,Wire Transfer,14,18.0,0.0,252.0,0.26
PM00024,R285,Payments,Positive Pay,712,0.08,0.0,56.96,0.38
PM00025,R051,Payments,Commercial Card,0,0.0,82700.0,1033.75,0.0
PM00026,R003,Payments,Lockbox,620,0.65,0.0,403.0,0.38
PM00027,R009,Payments,Positive Pay,1940,0.08,0.0,155.2,0.23
PM00028,R178,Payments,Remote Deposit Capture,546,0.2,0.0,109.2,0.06
PM00029,R099,Payments,Positive Pay,965,0.08,0.0,77.2,0.16
PM00030,R169,Payments,Wire Transfer,54,18.0,0.0,972.0,0.15
PM00031,R185,Payments,Account Reconciliation,1879,0.05,0.0,93.95,0.45
PM00032,R177,Payments,RTP / Instant,282,0.45,0.0,126.9,0.36
PM00033,R500,Payments,Wire Transfer,119,18.0,0.0,2142.0,0.15
PM00034,R002,Payments,Wire Transfer,130,18.0,0.0,2340.0,0.19
PM00035,R371,Payments,Account Reconciliation,191,0.05,0.0,9.55,0.12
PM00036,R453,Payments,Remote Deposit Capture,328,0.2,0.0,65.6,0.18
PM00037,R103,Payments,Wire Transfer,88,18.0,0.0,1584.0,0.04
PM00038,R015,Payments,Wire Transfer,12,18.0,0.0,216.0,0.38
PM00039,R322,Payments,Remote Deposit Capture,269,0.2,0.0,53.8,0.24
PM00040,R180,Payments,ACH Origination,2245,0.12,0.0,269.4,0.27
PM00041,R010,Payments,Positive Pay,2244,0.08,0.0,179.52,0.09
PM00042,R320,Payments,RTP / Instant,454,0.45,0.0,204.3,0.2
PM00043,R004,Payments,Wire Transfer,121,18.0,0.0,2178.0,0.21
PM00044,R086,Payments,Positive Pay,1891,0.08,0.0,151.28,0.04
PM00045,R008,Payments,Wire Transfer,33,18.0,0.0,594.0,0.01
PM00046,R006,Payments,RTP / Instant,535,0.45,0.0,240.75,0.28
PM00047,R023,Payments,Commercial Card,0,0.0,193700.0,2421.25,0.0
PM00048,R314,Payments,RTP / Instant,253,0.45,0.0,113.85,0.29
PM00049,R360,Payments,Remote Deposit Capture,110,0.2,0.0,22.0,0.4
PM00050,R171,Payments,Positive Pay,899,0.08,0.0,71.92,0.45
PM00051,R273,Payments,ACH Origination,1568,0.12,0.0,188.16,0.38
PM00052,R449,Payments,Commercial Card,0,0.0,192400.0,2405.0,0.0
PM00053,R446,Payments,Positive Pay,660,0.08,0.0,52.8,0.14
PM00054,R491,Payments,Positive Pay,519,0.08,0.0,41.52,0.35
PM00055,R267,Payments,Remote Deposit Capture,206,0.2,0.0,41.2,0.41
PM00056,R025,Payments,Positive Pay,453,0.08,0.0,36.24,0.41
PM00057,R096,Payments,Account Reconciliation,830,0.05,0.0,41.5,0.3
PM00058,R140,Payments,Commercial Card,0,0.0,228300.0,2853.75,0.0
PM00059,R125,Payments,RTP / Instant,83,0.45,0.0,37.35,0.07
PM00060,R205,Payments,Remote Deposit Capture,64,0.2,0.0,12.8,0.18
PM00061,R105,Payments,Commercial Card,0,0.0,493300.0,6166.25,0.0
PM00062,R312,Payments,Commercial Card,0,0.0,92100.0,1151.25,0.0
PM00063,R003,Payments,ACH Origination,33166,0.12,0.0,3979.92,0.35
PM00064,R110,Payments,Commercial Card,0,0.0,81800.0,1022.5,0.0
PM00065,R474,Payments,ACH Origination,3590,0.12,0.0,430.8,0.33
PM00066,R160,Payments,Lockbox,1869,0.65,0.0,1214.85,0.35
PM00067,R265,Payments,Positive Pay,2163,0.08,0.0,173.04,0.4
PM00068,R058,Payments,Remote Deposit Capture,114,0.2,0.0,22.8,0.44
PM00069,R121,Payments,Wire Transfer,35,18.0,0.0,630.0,0.34
PM00070,R137,Payments,Account Reconciliation,566,0.05,0.0,28.3,0.3
PM00071,R087,Payments,Positive Pay,1154,0.08,0.0,92.32,0.35
PM00072,R479,Payments,Positive Pay,752,0.08,0.0,60.16,0.09
PM00073,R114,Payments,Remote Deposit Capture,66,0.2,0.0,13.2,0.33
PM00074,R396,Payments,Lockbox,67,0.65,0.0,43.55,0.41
PM00075,R228,Payments,Wire Transfer,70,18.0,0.0,1260.0,0.2
PM00076,R488,Payments,ACH Origination,2187,0.12,0.0,262.44,0.01
PM00077,R340,Payments,RTP / Instant,53,0.45,0.0,23.85,0.15
PM00078,R111,Payments,Remote Deposit Capture,110,0.2,0.0,22.0,0.04
PM00079,R008,Payments,Wire Transfer,60,18.0,0.0,1080.0,0.28
PM00080,R478,Payments,Wire Transfer,12,18.0,0.0,216.0,0.38
PM00081,R485,Payments,ACH Origination,1086,0.12,0.0,130.32,0.04
PM00082,R064,Payments,Positive Pay,911,0.08,0.0,72.88,0.19
PM00083,R074,Payments,RTP / Instant,85,0.45,0.0,38.25,0.3
PM00084,R157,Payments,RTP / Instant,50,0.45,0.0,22.5,0.41
PM00085,R161,Payments,Positive Pay,1803,0.08,0.0,144.24,0.1
PM00086,R361,Payments,RTP / Instant,171,0.45,0.0,76.95,0.24
PM00087,R275,Payments,ACH Origination,8282,0.12,0.0,993.84,0.01
PM00088,R004,Payments,Lockbox,2545,0.65,0.0,1654.25,0.18
PM00089,R379,Payments,Commercial Card,0,0.0,271700.0,3396.25,0.0
PM00090,R009,Payments,Positive Pay,6136,0.08,0.0,490.88,0.08
PM00091,R187,Payments,Remote Deposit Capture,168,0.2,0.0,33.6,0.06
PM00092,R497,Payments,ACH Origination,4836,0.12,0.0,580.32,0.17
PM00093,R133,Payments,ACH Origination,1084,0.12,0.0,130.08,0.03
PM00094,R272,Payments,Wire Transfer,30,18.0,0.0,540.0,0.41
PM00095,R287,Payments,ACH Origination,1225,0.12,0.0,147.0,0.43
PM00096,R443,Payments,Positive Pay,589,0.08,0.0,47.12,0.39
PM00097,R008,Payments,Positive Pay,5857,0.08,0.0,468.56,0.0
PM00098,R049,Payments,Commercial Card,0,0.0,71800.0,897.5,0.0
PM00099,R089,Payments,Wire Transfer,8,18.0,0.0,144.0,0.2
PM00100,R255,Payments,Commercial Card,0,0.0,652000.0,8150.0,0.0
PM00101,R248,Payments,Wire Transfer,24,18.0,0.0,432.0,0.36
PM00102,R400,Payments,Remote Deposit Capture,137,0.2,0.0,27.4,0.3
PM00103,R135,Payments,RTP / Instant,209,0.45,0.0,94.05,0.09
PM00104,R322,Payments,ACH Origination,15592,0.12,0.0,1871.04,0.04
PM00105,R010,Payments,Wire Transfer,205,18.0,0.0,3690.0,0.27
PM00106,R319,Payments,Positive Pay,993,0.08,0.0,79.44,0.38
PM00107,R087,Payments,Commercial Card,0,0.0,670200.0,8377.5,0.0
PM00108,R195,Payments,Lockbox,291,0.65,0.0,189.15,0.11
PM00109,R116,Payments,RTP / Instant,166,0.45,0.0,74.7,0.25
PM00110,R378,Payments,Wire Transfer,38,18.0,0.0,684.0,0.24
PM00111,R438,Payments,ACH Origination,699,0.12,0.0,83.88,0.35
PM00112,R257,Payments,Remote Deposit Capture,61,0.2,0.0,12.2,0.19
PM00113,R328,Payments,Commercial Card,0,0.0,503500.0,6293.75,0.0
PM00114,R126,Payments,Wire Transfer,159,18.0,0.0,2862.0,0.12
PM00115,R105,Payments,Wire Transfer,103,18.0,0.0,1854.0,0.01
PM00116,R325,Payments,Positive Pay,1270,0.08,0.0,101.6,0.35
PM00117,R181,Payments,RTP / Instant,61,0.45,0.0,27.45,0.44
PM00118,R008,Payments,Wire Transfer,101,18.0,0.0,1818.0,0.44
PM00119,R001,Payments,Lockbox,1816,0.65,0.0,1180.4,0.34
PM00120,R143,Payments,Lockbox,189,0.65,0.0,122.85,0.3
PM00121,R010,Payments,Positive Pay,2200,0.08,0.0,176.0,0.17
PM00122,R200,Payments,Account Reconciliation,2428,0.05,0.0,121.4,0.42
PM00123,R265,Payments,RTP / Instant,302,0.45,0.0,135.9,0.22
PM00124,R330,Payments,Commercial Card,0,0.0,213900.0,2673.75,0.0
PM00125,R008,Payments,Commercial Card,0,0.0,1998600.0,24982.5,0.0
PM00126,R349,Payments,Commercial Card,0,0.0,474500.0,5931.25,0.0
PM00127,R159,Payments,Remote Deposit Capture,144,0.2,0.0,28.8,0.31
PM00128,R134,Payments,Wire Transfer,16,18.0,0.0,288.0,0.14
PM00129,R357,Payments,Commercial Card,0,0.0,227300.0,2841.25,0.0
PM00130,R047,Payments,ACH Origination,810,0.12,0.0,97.2,0.08
PM00131,R002,Payments,RTP / Instant,502,0.45,0.0,225.9,0.1
PM00132,R008,Payments,Commercial Card,0,0.0,1222000.0,15275.0,0.0
PM00133,R073,Payments,Remote Deposit Capture,134,0.2,0.0,26.8,0.17
PM00134,R001,Payments,ACH Origination,4130,0.12,0.0,495.6,0.37
PM00135,R412,Payments,Commercial Card,0,0.0,128400.0,1605.0,0.0
PM00136,R237,Payments,Lockbox,228,0.65,0.0,148.2,0.39
PM00137,R368,Payments,Positive Pay,1344,0.08,0.0,107.52,0.15
PM00138,R220,Payments,Account Reconciliation,439,0.05,0.0,21.95,0.17
PM00139,R020,Payments,Account Reconciliation,201,0.05,0.0,10.05,0.34
PM00140,R102,Payments,Lockbox,212,0.65,0.0,137.8,0.11
PM00141,R325,Payments,Remote Deposit Capture,385,0.2,0.0,77.0,0.06
PM00142,R495,Payments,Lockbox,1803,0.65,0.0,1171.95,0.06
PM00143,R390,Payments,Wire Transfer,57,18.0,0.0,1026.0,0.1
PM00144,R102,Payments,Remote Deposit Capture,109,0.2,0.0,21.8,0.27
PM00145,R380,Payments,RTP / Instant,661,0.45,0.0,297.45,0.02
PM00146,R225,Payments,Remote Deposit Capture,136,0.2,0.0,27.2,0.3
PM00147,R417,Payments,Remote Deposit Capture,208,0.2,0.0,41.6,0.34
PM00148,R006,Payments,ACH Origination,16086,0.12,0.0,1930.32,0.34
PM00149,R008,Payments,Commercial Card,0,0.0,1813400.0,22667.5,0.0
PM00150,R370,Payments,Account Reconciliation,598,0.05,0.0,29.9,0.2
PM00151,R185,Payments,Wire Transfer,66,18.0,0.0,1188.0,0.44
PM00152,R459,Payments,Lockbox,659,0.65,0.0,428.35,0.04
PM00153,R113,Payments,Remote Deposit Capture,251,0.2,0.0,50.2,0.34
PM00154,R020,Payments,Account Reconciliation,299,0.05,0.0,14.95,0.17
PM00155,R205,Payments,RTP / Instant,81,0.45,0.0,36.45,0.37
PM00156,R339,Payments,RTP / Instant,41,0.45,0.0,18.45,0.28
PM00157,R007,Payments,ACH Origination,16548,0.12,0.0,1985.76,0.06
PM00158,R145,Payments,Remote Deposit Capture,589,0.2,0.0,117.8,0.38
PM00159,R309,Payments,Remote Deposit Capture,36,0.2,0.0,7.2,0.03
PM00160,R114,Payments,Account Reconciliation,214,0.05,0.0,10.7,0.36
PM00161,R199,Payments,Lockbox,338,0.65,0.0,219.7,0.26
PM00162,R437,Payments,Lockbox,180,0.65,0.0,117.0,0.07
PM00163,R217,Payments,Lockbox,207,0.65,0.0,134.55,0.27
PM00164,R369,Payments,RTP / Instant,688,0.45,0.0,309.6,0.25
PM00165,R002,Payments,ACH Origination,11391,0.12,0.0,1366.92,0.14
PM00166,R089,Payments,Wire Transfer,21,18.0,0.0,378.0,0.37
PM00167,R337,Payments,Positive Pay,255,0.08,0.0,20.4,0.06
PM00168,R001,Payments,RTP / Instant,1290,0.45,0.0,580.5,0.06
PM00169,R151,Payments,Wire Transfer,6,18.0,0.0,108.0,0.11
PM00170,R216,Payments,Lockbox,242,0.65,0.0,157.3,0.39
PM00171,R402,Payments,Account Reconciliation,231,0.05,0.0,11.55,0.07
PM00172,R181,Payments,RTP / Instant,178,0.45,0.0,80.1,0.36
PM00173,R008,Payments,Account Reconciliation,2844,0.05,0.0,142.2,0.35
PM00174,R032,Payments,Commercial Card,0,0.0,71700.0,896.25,0.0
PM00175,R126,Payments,RTP / Instant,671,0.45,0.0,301.95,0.21
PM00176,R286,Payments,Commercial Card,0,0.0,361000.0,4512.5,0.0
PM00177,R113,Payments,Positive Pay,1127,0.08,0.0,90.16,0.1
PM00178,R058,Payments,Wire Transfer,9,18.0,0.0,162.0,0.31
PM00179,R307,Payments,Lockbox,545,0.65,0.0,354.25,0.21
PM00180,R009,Payments,RTP / Instant,3052,0.45,0.0,1373.4,0.12
PM00181,R190,Payments,Positive Pay,1027,0.08,0.0,82.16,0.15
PM00182,R283,Payments,ACH Origination,2075,0.12,0.0,249.0,0.06
PM00183,R059,Payments,ACH Origination,2087,0.12,0.0,250.44,0.02
PM00184,R258,Payments,Lockbox,252,0.65,0.0,163.8,0.2
PM00185,R004,Payments,Positive Pay,1729,0.08,0.0,138.32,0.44
PM00186,R004,Payments,Lockbox,1094,0.65,0.0,711.1,0.42
PM00187,R391,Payments,ACH Origination,4113,0.12,0.0,493.56,0.06
PM00188,R279,Payments,ACH Origination,2150,0.12,0.0,258.0,0.25
PM00189,R417,Payments,ACH Origination,4026,0.12,0.0,483.12,0.16
PM00190,R356,Payments,ACH Origination,6278,0.12,0.0,753.36,0.29
PM00191,R030,Payments,Account Reconciliation,1146,0.05,0.0,57.3,0.01
PM00192,R148,Payments,RTP / Instant,210,0.45,0.0,94.5,0.24
PM00193,R002,Payments,Account Reconciliation,1031,0.05,0.0,51.55,0.21
PM00194,R010,Payments,Lockbox,4151,0.65,0.0,2698.15,0.25
PM00195,R382,Payments,Remote Deposit Capture,265,0.2,0.0,53.0,0.07
PM00196,R197,Payments,Remote Deposit Capture,315,0.2,0.0,63.0,0.28
PM00197,R003,Payments,Positive Pay,12990,0.08,0.0,1039.2,0.13
PM00198,R047,Payments,Remote Deposit Capture,312,0.2,0.0,62.4,0.23
PM00199,R359,Payments,Lockbox,423,0.65,0.0,274.95,0.39
PM00200,R272,Payments,Lockbox,270,0.65,0.0,175.5,0.04
PM00201,R002,Payments,ACH Origination,12198,0.12,0.0,1463.76,0.18
PM00202,R359,Payments,Positive Pay,2030,0.08,0.0,162.4,0.25
PM00203,R244,Payments,Commercial Card,0,0.0,92200.0,1152.5,0.0
PM00204,R100,Payments,Positive Pay,414,0.08,0.0,33.12,0.22
PM00205,R497,Payments,Wire Transfer,67,18.0,0.0,1206.0,0.32
PM00206,R359,Payments,RTP / Instant,270,0.45,0.0,121.5,0.3
PM00207,R288,Payments,RTP / Instant,264,0.45,0.0,118.8,0.21
PM00208,R306,Payments,Account Reconciliation,154,0.05,0.0,7.7,0.12
PM00209,R126,Payments,Wire Transfer,105,18.0,0.0,1890.0,0.12
PM00210,R007,Payments,RTP / Instant,1634,0.45,0.0,735.3,0.34
PM00211,R011,Payments,RTP / Instant,95,0.45,0.0,42.75,0.2
PM00212,R031,Payments,Lockbox,336,0.65,0.0,218.4,0.15
PM00213,R094,Payments,RTP / Instant,329,0.45,0.0,148.05,0.31
PM00214,R008,Payments,Remote Deposit Capture,2941,0.2,0.0,588.2,0.23
PM00215,R199,Payments,Positive Pay,1628,0.08,0.0,130.24,0.2
PM00216,R228,Payments,RTP / Instant,145,0.45,0.0,65.25,0.06
PM00217,R178,Payments,RTP / Instant,314,0.45,0.0,141.3,0.41
PM00218,R309,Payments,Positive Pay,564,0.08,0.0,45.12,0.37
PM00219,R236,Payments,RTP / Instant,346,0.45,0.0,155.7,0.38
PM00220,R001,Payments,Account Reconciliation,4825,0.05,0.0,241.25,0.08
PM00221,R304,Payments,ACH Origination,1261,0.12,0.0,151.32,0.23
PM00222,R006,Payments,RTP / Instant,1130,0.45,0.0,508.5,0.43
PM00223,R079,Payments,Lockbox,329,0.65,0.0,213.85,0.42
PM00224,R283,Payments,Remote Deposit Capture,204,0.2,0.0,40.8,0.02
PM00225,R465,Payments,RTP / Instant,392,0.45,0.0,176.4,0.0
PM00226,R229,Payments,Wire Transfer,136,18.0,0.0,2448.0,0.23
PM00227,R264,Payments,Lockbox,478,0.65,0.0,310.7,0.1
PM00228,R002,Payments,Commercial Card,0,0.0,1904500.0,23806.25,0.0
PM00229,R183,Payments,Remote Deposit Capture,222,0.2,0.0,44.4,0.21
PM00230,R377,Payments,ACH Origination,737,0.12,0.0,88.44,0.02
PM00231,R099,Payments,Commercial Card,0,0.0,414400.0,5180.0,0.0
PM00232,R344,Payments,Positive Pay,1171,0.08,0.0,93.68,0.16
PM00233,R184,Payments,RTP / Instant,551,0.45,0.0,247.95,0.03
PM00234,R065,Payments,Wire Transfer,27,18.0,0.0,486.0,0.38
PM00235,R487,Payments,Commercial Card,0,0.0,326500.0,4081.25,0.0
PM00236,R335,Payments,Commercial Card,0,0.0,278400.0,3480.0,0.0
PM00237,R395,Payments,Wire Transfer,11,18.0,0.0,198.0,0.0
PM00238,R030,Payments,Positive Pay,197,0.08,0.0,15.76,0.26
PM00239,R457,Payments,Positive Pay,1014,0.08,0.0,81.12,0.21
PM00240,R297,Payments,Lockbox,366,0.65,0.0,237.9,0.42
PM00241,R001,Payments,Positive Pay,16744,0.08,0.0,1339.52,0.08
PM00242,R051,Payments,Remote Deposit Capture,348,0.2,0.0,69.6,0.25
PM00243,R089,Payments,Lockbox,178,0.65,0.0,115.7,0.08
PM00244,R006,Payments,Remote Deposit Capture,2023,0.2,0.0,404.6,0.39
PM00245,R287,Payments,ACH Origination,572,0.12,0.0,68.64,0.15
PM00246,R117,Payments,Commercial Card,0,0.0,82500.0,1031.25,0.0
PM00247,R176,Payments,Commercial Card,0,0.0,175900.0,2198.75,0.0
PM00248,R178,Payments,Commercial Card,0,0.0,702300.0,8778.75,0.0
PM00249,R055,Payments,RTP / Instant,33,0.45,0.0,14.85,0.05
PM00250,R333,Payments,ACH Origination,6298,0.12,0.0,755.76,0.2
PM00251,R083,Payments,ACH Origination,16586,0.12,0.0,1990.32,0.17
PM00252,R018,Payments,RTP / Instant,154,0.45,0.0,69.3,0.16
PM00253,R208,Payments,ACH Origination,1429,0.12,0.0,171.48,0.0
PM00254,R006,Payments,Wire Transfer,118,18.0,0.0,2124.0,0.35
PM00255,R469,Payments,ACH Origination,921,0.12,0.0,110.52,0.33
PM00256,R491,Payments,Lockbox,220,0.65,0.0,143.0,0.32
PM00257,R486,Payments,Remote Deposit Capture,53,0.2,0.0,10.6,0.19
PM00258,R325,Payments,ACH Origination,6276,0.12,0.0,753.12,0.22
PM00259,R253,Payments,RTP / Instant,273,0.45,0.0,122.85,0.3
PM00260,R315,Payments,RTP / Instant,278,0.45,0.0,125.1,0.43
PM00261,R316,Payments,Lockbox,811,0.65,0.0,527.15,0.13
PM00262,R347,Payments,Positive Pay,537,0.08,0.0,42.96,0.34
PM00263,R328,Payments,Remote Deposit Capture,496,0.2,0.0,99.2,0.28
PM00264,R249,Payments,Wire Transfer,32,18.0,0.0,576.0,0.29
PM00265,R339,Payments,RTP / Instant,168,0.45,0.0,75.6,0.04
PM00266,R031,Payments,ACH Origination,8366,0.12,0.0,1003.92,0.34
PM00267,R405,Payments,ACH Origination,2200,0.12,0.0,264.0,0.18
PM00268,R305,Payments,Commercial Card,0,0.0,273200.0,3415.0,0.0
PM00269,R316,Payments,RTP / Instant,469,0.45,0.0,211.05,0.19
PM00270,R192,Payments,Wire Transfer,64,18.0,0.0,1152.0,0.39
PM00271,R142,Payments,Lockbox,335,0.65,0.0,217.75,0.29
PM00272,R313,Payments,Lockbox,196,0.65,0.0,127.4,0.0
PM00273,R352,Payments,Lockbox,283,0.65,0.0,183.95,0.11
PM00274,R034,Payments,Account Reconciliation,548,0.05,0.0,27.4,0.31
PM00275,R318,Payments,Commercial Card,0,0.0,193100.0,2413.75,0.0
PM00276,R331,Payments,Lockbox,220,0.65,0.0,143.0,0.24
PM00277,R302,Payments,Wire Transfer,10,18.0,0.0,180.0,0.27
PM00278,R047,Payments,ACH Origination,5894,0.12,0.0,707.28,0.13
PM00279,R222,Payments,Commercial Card,0,0.0,61700.0,771.25,0.0
PM00280,R073,Payments,Account Reconciliation,1742,0.05,0.0,87.1,0.2
PM00281,R006,Payments,Commercial Card,0,0.0,248200.0,3102.5,0.0
PM00282,R203,Payments,Commercial Card,0,0.0,177900.0,2223.75,0.0
PM00283,R437,Payments,Commercial Card,0,0.0,739500.0,9243.75,0.0
PM00284,R002,Payments,Positive Pay,1999,0.08,0.0,159.92,0.03
PM00285,R332,Payments,Remote Deposit Capture,152,0.2,0.0,30.4,0.15
PM00286,R267,Payments,Positive Pay,424,0.08,0.0,33.92,0.36
PM00287,R444,Payments,Remote Deposit Capture,210,0.2,0.0,42.0,0.12
PM00288,R002,Payments,Account Reconciliation,6770,0.05,0.0,338.5,0.31
PM00289,R021,Payments,Lockbox,67,0.65,0.0,43.55,0.12
PM00290,R192,Payments,RTP / Instant,780,0.45,0.0,351.0,0.11
PM00291,R021,Payments,Wire Transfer,8,18.0,0.0,144.0,0.1
PM00292,R182,Payments,RTP / Instant,96,0.45,0.0,43.2,0.19
PM00293,R046,Payments,Positive Pay,610,0.08,0.0,48.8,0.12
PM00294,R003,Payments,Commercial Card,0,0.0,5766100.0,72076.25,0.0
PM00295,R193,Payments,Account Reconciliation,253,0.05,0.0,12.65,0.26
PM00296,R380,Payments,Wire Transfer,37,18.0,0.0,666.0,0.37
PM00297,R095,Payments,Wire Transfer,51,18.0,0.0,918.0,0.34
PM00298,R171,Payments,Commercial Card,0,0.0,411600.0,5145.0,0.0
PM00299,R008,Payments,ACH Origination,3508,0.12,0.0,420.96,0.14
PM00300,R191,Payments,Account Reconciliation,84,0.05,0.0,4.2,0.3
PM00301,R321,Payments,Wire Transfer,16,18.0,0.0,288.0,0.19
PM00302,R462,Payments,Positive Pay,942,0.08,0.0,75.36,0.34
PM00303,R002,Payments,ACH Origination,14614,0.12,0.0,1753.68,0.39
PM00304,R003,Payments,ACH Origination,45425,0.12,0.0,5451.0,0.13
PM00305,R080,Payments,Remote Deposit Capture,354,0.2,0.0,70.8,0.17
PM00306,R008,Payments,Commercial Card,0,0.0,5060300.0,63253.75,0.0
PM00307,R141,Payments,Remote Deposit Capture,119,0.2,0.0,23.8,0.19
PM00308,R439,Payments,Account Reconciliation,571,0.05,0.0,28.55,0.2
PM00309,R003,Payments,Remote Deposit Capture,899,0.2,0.0,179.8,0.41
PM00310,R060,Payments,Wire Transfer,29,18.0,0.0,522.0,0.18
PM00311,R203,Payments,Commercial Card,0,0.0,289400.0,3617.5,0.0
PM00312,R009,Payments,Positive Pay,5806,0.08,0.0,464.48,0.15
PM00313,R016,Payments,Wire Transfer,149,18.0,0.0,2682.0,0.05
PM00314,R472,Payments,Wire Transfer,68,18.0,0.0,1224.0,0.27
PM00315,R412,Payments,Lockbox,251,0.65,0.0,163.15,0.1
PM00316,R072,Payments,Account Reconciliation,2825,0.05,0.0,141.25,0.23
PM00317,R006,Payments,Lockbox,1008,0.65,0.0,655.2,0.35
PM00318,R065,Payments,RTP / Instant,329,0.45,0.0,148.05,0.33
PM00319,R151,Payments,Positive Pay,274,0.08,0.0,21.92,0.05
PM00320,R274,Payments,Commercial Card,0,0.0,135500.0,1693.75,0.0
PM00321,R276,Payments,Positive Pay,450,0.08,0.0,36.0,0.36
PM00322,R356,Payments,Positive Pay,1940,0.08,0.0,155.2,0.0
PM00323,R239,Payments,Lockbox,1514,0.65,0.0,984.1,0.07
PM00324,R306,Payments,RTP / Instant,63,0.45,0.0,28.35,0.19
PM00325,R008,Payments,Lockbox,1364,0.65,0.0,886.6,0.23
PM00326,R427,Payments,Remote Deposit Capture,104,0.2,0.0,20.8,0.24
PM00327,R320,Payments,Lockbox,515,0.65,0.0,334.75,0.4
PM00328,R022,Payments,Remote Deposit Capture,58,0.2,0.0,11.6,0.34
PM00329,R358,Payments,RTP / Instant,124,0.45,0.0,55.8,0.43
PM00330,R185,Payments,RTP / Instant,1090,0.45,0.0,490.5,0.43
PM00331,R153,Payments,RTP / Instant,85,0.45,0.0,38.25,0.02
PM00332,R213,Payments,RTP / Instant,427,0.45,0.0,192.15,0.05
PM00333,R421,Payments,RTP / Instant,141,0.45,0.0,63.45,0.36
PM00334,R338,Payments,Commercial Card,0,0.0,371000.0,4637.5,0.0
PM00335,R379,Payments,Remote Deposit Capture,147,0.2,0.0,29.4,0.31
PM00336,R134,Payments,RTP / Instant,93,0.45,0.0,41.85,0.0
PM00337,R001,Payments,RTP / Instant,1351,0.45,0.0,607.95,0.04
PM00338,R103,Payments,RTP / Instant,346,0.45,0.0,155.7,0.43
PM00339,R163,Payments,Wire Transfer,18,18.0,0.0,324.0,0.04
PM00340,R134,Payments,ACH Origination,419,0.12,0.0,50.28,0.41
PM00341,R008,Payments,ACH Origination,2751,0.12,0.0,330.12,0.17
PM00342,R312,Payments,ACH Origination,1106,0.12,0.0,132.72,0.42
PM00343,R006,Payments,Wire Transfer,244,18.0,0.0,4392.0,0.09
PM00344,R006,Payments,Commercial Card,0,0.0,655400.0,8192.5,0.0
PM00345,R112,Payments,Wire Transfer,14,18.0,0.0,252.0,0.23
PM00346,R390,Payments,RTP / Instant,77,0.45,0.0,34.65,0.35
PM00347,R012,Payments,Lockbox,334,0.65,0.0,217.1,0.09
PM00348,R026,Payments,ACH Origination,20670,0.12,0.0,2480.4,0.06
PM00349,R150,Payments,Lockbox,114,0.65,0.0,74.1,0.1
PM00350,R024,Payments,Remote Deposit Capture,47,0.2,0.0,9.4,0.34
PM00351,R121,Payments,ACH Origination,788,0.12,0.0,94.56,0.0
PM00352,R063,Payments,RTP / Instant,128,0.45,0.0,57.6,0.31
PM00353,R071,Payments,ACH Origination,987,0.12,0.0,118.44,0.05
PM00354,R452,Payments,Wire Transfer,20,18.0,0.0,360.0,0.3
PM00355,R004,Payments,Account Reconciliation,1644,0.05,0.0,82.2,0.14
PM00356,R102,Payments,Positive Pay,359,0.08,0.0,28.72,0.41
PM00357,R003,Payments,RTP / Instant,615,0.45,0.0,276.75,0.14
PM00358,R027,Payments,Account Reconciliation,309,0.05,0.0,15.45,0.41
PM00359,R003,Payments,Remote Deposit Capture,1662,0.2,0.0,332.4,0.26
PM00360,R453,Payments,Account Reconciliation,584,0.05,0.0,29.2,0.1
PM00361,R054,Payments,Positive Pay,1453,0.08,0.0,116.24,0.38
PM00362,R004,Payments,RTP / Instant,402,0.45,0.0,180.9,0.14
PM00363,R064,Payments,Positive Pay,262,0.08,0.0,20.96,0.27
PM00364,R416,Payments,Commercial Card,0,0.0,209700.0,2621.25,0.0
PM00365,R262,Payments,Lockbox,199,0.65,0.0,129.35,0.35
PM00366,R093,Payments,Positive Pay,255,0.08,0.0,20.4,0.12
PM00367,R320,Payments,Account Reconciliation,609,0.05,0.0,30.45,0.06
PM00368,R309,Payments,Positive Pay,876,0.08,0.0,70.08,0.41
PM00369,R049,Payments,Account Reconciliation,696,0.05,0.0,34.8,0.14
PM00370,R127,Payments,Lockbox,972,0.65,0.0,631.8,0.28
PM00371,R494,Payments,Account Reconciliation,412,0.05,0.0,20.6,0.39
PM00372,R154,Payments,Wire Transfer,10,18.0,0.0,180.0,0.04
PM00373,R152,Payments,Commercial Card,0,0.0,255300.0,3191.25,0.0
PM00374,R259,Payments,Account Reconciliation,731,0.05,0.0,36.55,0.04
PM00375,R067,Payments,Lockbox,317,0.65,0.0,206.05,0.41
PM00376,R293,Payments,Positive Pay,1008,0.08,0.0,80.64,0.42
PM00377,R394,Payments,Positive Pay,3166,0.08,0.0,253.28,0.41
PM00378,R003,Payments,Lockbox,1322,0.65,0.0,859.3,0.16
PM00379,R016,Payments,Lockbox,933,0.65,0.0,606.45,0.22
PM00380,R173,Payments,Commercial Card,0,0.0,807300.0,10091.25,0.0
PM00381,R315,Payments,Commercial Card,0,0.0,593500.0,7418.75,0.0
PM00382,R329,Payments,Lockbox,1413,0.65,0.0,918.45,0.01
PM00383,R143,Payments,Remote Deposit Capture,359,0.2,0.0,71.8,0.08
PM00384,R457,Payments,Account Reconciliation,1497,0.05,0.0,74.85,0.18
PM00385,R401,Payments,Commercial Card,0,0.0,79300.0,991.25,0.0
PM00386,R225,Payments,Wire Transfer,43,18.0,0.0,774.0,0.17
PM00387,R002,Payments,Lockbox,908,0.65,0.0,590.2,0.09
PM00388,R001,Payments,ACH Origination,33805,0.12,0.0,4056.6,0.37
PM00389,R142,Payments,Remote Deposit Capture,133,0.2,0.0,26.6,0.15
PM00390,R246,Payments,Positive Pay,1792,0.08,0.0,143.36,0.05
PM00391,R320,Payments,RTP / Instant,265,0.45,0.0,119.25,0.29
PM00392,R463,Payments,RTP / Instant,53,0.45,0.0,23.85,0.39
PM00393,R007,Payments,Commercial Card,0,0.0,2621400.0,32767.5,0.0
PM00394,R347,Payments,ACH Origination,1956,0.12,0.0,234.72,0.45
PM00395,R092,Payments,RTP / Instant,93,0.45,0.0,41.85,0.39
PM00396,R220,Payments,ACH Origination,1884,0.12,0.0,226.08,0.11
PM00397,R030,Payments,Commercial Card,0,0.0,250200.0,3127.5,0.0
PM00398,R388,Payments,Account Reconciliation,100,0.05,0.0,5.0,0.09
PM00399,R133,Payments,Commercial Card,0,0.0,258900.0,3236.25,0.0
PM00400,R337,Payments,Remote Deposit Capture,45,0.2,0.0,9.0,0.29
PM00401,R493,Payments,Lockbox,236,0.65,0.0,153.4,0.34
PM00402,R092,Payments,Positive Pay,1646,0.08,0.0,131.68,0.24
PM00403,R002,Payments,Account Reconciliation,1750,0.05,0.0,87.5,0.06
PM00404,R225,Payments,Account Reconciliation,572,0.05,0.0,28.6,0.11
PM00405,R010,Payments,Lockbox,1062,0.65,0.0,690.3,0.21
PM00406,R232,Payments,Account Reconciliation,324,0.05,0.0,16.2,0.12
PM00407,R184,Payments,Account Reconciliation,534,0.05,0.0,26.7,0.02
PM00408,R373,Payments,Account Reconciliation,508,0.05,0.0,25.4,0.4
PM00409,R329,Payments,Lockbox,1536,0.65,0.0,998.4,0.23
PM00410,R224,Payments,RTP / Instant,138,0.45,0.0,62.1,0.27
PM00411,R009,Payments,Account Reconciliation,3988,0.05,0.0,199.4,0.05
PM00412,R445,Payments,ACH Origination,6427,0.12,0.0,771.24,0.41
PM00413,R351,Payments,Remote Deposit Capture,102,0.2,0.0,20.4,0.39
PM00414,R264,Payments,Commercial Card,0,0.0,21000.0,262.5,0.0
PM00415,R120,Payments,Account Reconciliation,687,0.05,0.0,34.35,0.09
PM00416,R162,Payments,Remote Deposit Capture,40,0.2,0.0,8.0,0.36
PM00417,R404,Payments,Commercial Card,0,0.0,439200.0,5490.0,0.0
PM00418,R481,Payments,Remote Deposit Capture,559,0.2,0.0,111.8,0.37
PM00419,R295,Payments,Commercial Card,0,0.0,97200.0,1215.0,0.0
PM00420,R482,Payments,ACH Origination,1573,0.12,0.0,188.76,0.4
PM00421,R493,Payments,Lockbox,169,0.65,0.0,109.85,0.32
PM00422,R072,Payments,Remote Deposit Capture,412,0.2,0.0,82.4,0.16
PM00423,R115,Payments,Wire Transfer,35,18.0,0.0,630.0,0.34
PM00424,R077,Payments,ACH Origination,4289,0.12,0.0,514.68,0.14
PM00425,R286,Payments,Lockbox,101,0.65,0.0,65.65,0.19
PM00426,R155,Payments,Positive Pay,1042,0.08,0.0,83.36,0.18
PM00427,R003,Payments,Lockbox,1908,0.65,0.0,1240.2,0.19
PM00428,R317,Payments,Account Reconciliation,140,0.05,0.0,7.0,0.33
PM00429,R002,Payments,Wire Transfer,193,18.0,0.0,3474.0,0.11
PM00430,R316,Payments,Lockbox,2183,0.65,0.0,1418.95,0.15
PM00431,R099,Payments,Positive Pay,324,0.08,0.0,25.92,0.23
PM00432,R312,Payments,Commercial Card,0,0.0,124900.0,1561.25,0.0
PM00433,R218,Payments,Account Reconciliation,321,0.05,0.0,16.05,0.06
PM00434,R054,Payments,Wire Transfer,15,18.0,0.0,270.0,0.32
PM00435,R117,Payments,Remote Deposit Capture,135,0.2,0.0,27.0,0.27
PM00436,R406,Payments,Remote Deposit Capture,482,0.2,0.0,96.4,0.43
PM00437,R070,Payments,Remote Deposit Capture,189,0.2,0.0,37.8,0.33
PM00438,R484,Payments,ACH Origination,8685,0.12,0.0,1042.2,0.26
PM00439,R033,Payments,RTP / Instant,149,0.45,0.0,67.05,0.12
PM00440,R078,Payments,Commercial Card,0,0.0,169200.0,2115.0,0.0
PM00441,R133,Payments,RTP / Instant,137,0.45,0.0,61.65,0.24
PM00442,R466,Payments,ACH Origination,1422,0.12,0.0,170.64,0.21
PM00443,R361,Payments,RTP / Instant,219,0.45,0.0,98.55,0.18
PM00444,R450,Payments,ACH Origination,2076,0.12,0.0,249.12,0.2
PM00445,R435,Payments,Commercial Card,0,0.0,136700.0,1708.75,0.0
PM00446,R100,Payments,RTP / Instant,179,0.45,0.0,80.55,0.19
PM00447,R490,Payments,Commercial Card,0,0.0,258000.0,3225.0,0.0
PM00448,R132,Payments,ACH Origination,2125,0.12,0.0,255.0,0.25
PM00449,R255,Payments,Account Reconciliation,1399,0.05,0.0,69.95,0.25
PM00450,R365,Payments,Wire Transfer,10,18.0,0.0,180.0,0.3
PM00451,R002,Payments,Wire Transfer,167,18.0,0.0,3006.0,0.32
PM00452,R128,Payments,Wire Transfer,5,18.0,0.0,90.0,0.3
PM00453,R100,Payments,ACH Origination,1763,0.12,0.0,211.56,0.36
PM00454,R210,Payments,Remote Deposit Capture,195,0.2,0.0,39.0,0.06
PM00455,R029,Payments,Remote Deposit Capture,237,0.2,0.0,47.4,0.4
PM00456,R119,Payments,ACH Origination,2408,0.12,0.0,288.96,0.17
PM00457,R009,Payments,RTP / Instant,542,0.45,0.0,243.9,0.3
PM00458,R243,Payments,Positive Pay,583,0.08,0.0,46.64,0.05
PM00459,R008,Payments,Positive Pay,8735,0.08,0.0,698.8,0.1
PM00460,R448,Payments,Commercial Card,0,0.0,2030200.0,25377.5,0.0
PM00461,R329,Payments,Remote Deposit Capture,513,0.2,0.0,102.6,0.06
PM00462,R010,Payments,Account Reconciliation,8894,0.05,0.0,444.7,0.21
PM00463,R388,Payments,RTP / Instant,39,0.45,0.0,17.55,0.04
PM00464,R475,Payments,RTP / Instant,428,0.45,0.0,192.6,0.04
PM00465,R020,Payments,RTP / Instant,82,0.45,0.0,36.9,0.45
PM00466,R004,Payments,Wire Transfer,243,18.0,0.0,4374.0,0.29
PM00467,R190,Payments,Positive Pay,537,0.08,0.0,42.96,0.29
PM00468,R107,Payments,ACH Origination,1158,0.12,0.0,138.96,0.12
PM00469,R491,Payments,ACH Origination,513,0.12,0.0,61.56,0.07
PM00470,R339,Payments,Wire Transfer,10,18.0,0.0,180.0,0.28
PM00471,R096,Payments,Commercial Card,0,0.0,113700.0,1421.25,0.0
PM00472,R002,Payments,Positive Pay,5795,0.08,0.0,463.6,0.12
PM00473,R283,Payments,RTP / Instant,236,0.45,0.0,106.2,0.19
PM00474,R473,Payments,Positive Pay,334,0.08,0.0,26.72,0.1
PM00475,R082,Payments,Commercial Card,0,0.0,304800.0,3810.0,0.0
PM00476,R496,Payments,Account Reconciliation,1034,0.05,0.0,51.7,0.26
PM00477,R243,Payments,Lockbox,932,0.65,0.0,605.8,0.03
PM00478,R184,Payments,Account Reconciliation,1414,0.05,0.0,70.7,0.22
PM00479,R073,Payments,RTP / Instant,261,0.45,0.0,117.45,0.25
PM00480,R307,Payments,Account Reconciliation,393,0.05,0.0,19.65,0.16
PM00481,R162,Payments,Wire Transfer,23,18.0,0.0,414.0,0.39
PM00482,R351,Payments,Wire Transfer,28,18.0,0.0,504.0,0.23
PM00483,R313,Payments,Account Reconciliation,944,0.05,0.0,47.2,0.11
PM00484,R478,Payments,Commercial Card,0,0.0,65000.0,812.5,0.0
PM00485,R094,Payments,Remote Deposit Capture,53,0.2,0.0,10.6,0.33
PM00486,R114,Payments,ACH Origination,3629,0.12,0.0,435.48,0.14
PM00487,R003,Payments,Remote Deposit Capture,410,0.2,0.0,82.0,0.39
PM00488,R466,Payments,Remote Deposit Capture,250,0.2,0.0,50.0,0.03
PM00489,R257,Payments,Positive Pay,287,0.08,0.0,22.96,0.13
PM00490,R002,Payments,Positive Pay,2909,0.08,0.0,232.72,0.42
PM00491,R092,Payments,Wire Transfer,15,18.0,0.0,270.0,0.12
PM00492,R007,Payments,Commercial Card,0,0.0,2240900.0,28011.25,0.0
PM00493,R111,Payments,Account Reconciliation,167,0.05,0.0,8.35,0.02
PM00494,R002,Payments,Positive Pay,1401,0.08,0.0,112.08,0.34
PM00495,R195,Payments,Wire Transfer,26,18.0,0.0,468.0,0.15
PM00496,R296,Payments,Positive Pay,538,0.08,0.0,43.04,0.34
PM00497,R010,Payments,Wire Transfer,138,18.0,0.0,2484.0,0.29
PM00498,R008,Payments,Positive Pay,4331,0.08,0.0,346.48,0.34
PM00499,R002,Payments,Remote Deposit Capture,996,0.2,0.0,199.2,0.41
PM00500,R121,Payments,Remote Deposit Capture,86,0.2,0.0,17.2,0.37
PM00501,R376,Payments,Commercial Card,0,0.0,803100.0,10038.75,0.0
PM00502,R015,Payments,RTP / Instant,35,0.45,0.0,15.75,0.41
PM00503,R266,Payments,RTP / Instant,44,0.45,0.0,19.8,0.15
PM00504,R112,Payments,Account Reconciliation,851,0.05,0.0,42.55,0.36
PM00505,R179,Payments,ACH Origination,1778,0.12,0.0,213.36,0.23
PM00506,R004,Payments,RTP / Instant,244,0.45,0.0,109.8,0.08
PM00507,R257,Payments,Positive Pay,678,0.08,0.0,54.24,0.31
PM00508,R006,Payments,ACH Origination,4038,0.12,0.0,484.56,0.3
PM00509,R173,Payments,Account Reconciliation,2453,0.05,0.0,122.65,0.41
PM00510,R132,Payments,Lockbox,380,0.65,0.0,247.0,0.18
PM00511,R450,Payments,Account Reconciliation,1428,0.05,0.0,71.4,0.33
PM00512,R011,Payments,Wire Transfer,13,18.0,0.0,234.0,0.23
PM00513,R008,Payments,ACH Origination,5242,0.12,0.0,629.04,0.25
PM00514,R464,Payments,Lockbox,410,0.65,0.0,266.5,0.15
PM00515,R019,Payments,Remote Deposit Capture,253,0.2,0.0,50.6,0.16
PM00516,R309,Payments,ACH Origination,1931,0.12,0.0,231.72,0.36
PM00517,R419,Payments,Wire Transfer,5,18.0,0.0,90.0,0.29
PM00518,R357,Payments,Account Reconciliation,328,0.05,0.0,16.4,0.31
PM00519,R446,Payments,ACH Origination,725,0.12,0.0,87.0,0.42
PM00520,R282,Payments,Positive Pay,379,0.08,0.0,30.32,0.31
PM00521,R002,Payments,ACH Origination,32350,0.12,0.0,3882.0,0.33
PM00522,R425,Payments,ACH Origination,2975,0.12,0.0,357.0,0.35
PM00523,R215,Payments,Lockbox,998,0.65,0.0,648.7,0.19
PM00524,R460,Payments,Commercial Card,0,0.0,689600.0,8620.0,0.0
PM00525,R136,Payments,Positive Pay,451,0.08,0.0,36.08,0.44
PM00526,R034,Payments,Remote Deposit Capture,351,0.2,0.0,70.2,0.25
PM00527,R029,Payments,ACH Origination,490,0.12,0.0,58.8,0.17
PM00528,R034,Payments,ACH Origination,1865,0.12,0.0,223.8,0.03
PM00529,R330,Payments,Account Reconciliation,1079,0.05,0.0,53.95,0.1
PM00530,R161,Payments,RTP / Instant,55,0.45,0.0,24.75,0.35
PM00531,R361,Payments,Wire Transfer,27,18.0,0.0,486.0,0.42
PM00532,R393,Payments,Remote Deposit Capture,117,0.2,0.0,23.4,0.35
PM00533,R008,Payments,RTP / Instant,819,0.45,0.0,368.55,0.36
PM00534,R368,Payments,ACH Origination,2892,0.12,0.0,347.04,0.39
PM00535,R363,Payments,ACH Origination,2021,0.12,0.0,242.52,0.2
PM00536,R096,Payments,Remote Deposit Capture,584,0.2,0.0,116.8,0.06
PM00537,R330,Payments,Wire Transfer,27,18.0,0.0,486.0,0.28
PM00538,R303,Payments,Remote Deposit Capture,84,0.2,0.0,16.8,0.41
PM00539,R035,Payments,Wire Transfer,14,18.0,0.0,252.0,0.2
PM00540,R344,Payments,Lockbox,749,0.65,0.0,486.85,0.37
PM00541,R180,Payments,ACH Origination,1830,0.12,0.0,219.6,0.39
PM00542,R126,Payments,Lockbox,557,0.65,0.0,362.05,0.04
PM00543,R158,Payments,Remote Deposit Capture,199,0.2,0.0,39.8,0.19
PM00544,R129,Payments,Remote Deposit Capture,110,0.2,0.0,22.0,0.2
PM00545,R002,Payments,RTP / Instant,379,0.45,0.0,170.55,0.19
PM00546,R281,Payments,ACH Origination,3760,0.12,0.0,451.2,0.12
PM00547,R278,Payments,Commercial Card,0,0.0,562900.0,7036.25,0.0
PM00548,R089,Payments,RTP / Instant,46,0.45,0.0,20.7,0.33
PM00549,R345,Payments,Account Reconciliation,373,0.05,0.0,18.65,0.31
PM00550,R001,Payments,ACH Origination,30537,0.12,0.0,3664.44,0.42
PM00551,R473,Payments,ACH Origination,1192,0.12,0.0,143.04,0.33
PM00552,R179,Payments,Commercial Card,0,0.0,155400.0,1942.5,0.0
PM00553,R256,Payments,Commercial Card,0,0.0,124000.0,1550.0,0.0
PM00554,R487,Payments,Commercial Card,0,0.0,163200.0,2040.0,0.0
PM00555,R002,Payments,Positive Pay,20260,0.08,0.0,1620.8,0.23
PM00556,R353,Payments,Account Reconciliation,518,0.05,0.0,25.9,0.35
PM00557,R004,Payments,Commercial Card,0,0.0,3249000.0,40612.5,0.0
PM00558,R283,Payments,Wire Transfer,15,18.0,0.0,270.0,0.37
PM00559,R084,Payments,Account Reconciliation,318,0.05,0.0,15.9,0.28
PM00560,R002,Payments,Positive Pay,3045,0.08,0.0,243.6,0.15
PM00561,R439,Payments,Wire Transfer,23,18.0,0.0,414.0,0.15
PM00562,R408,Payments,Commercial Card,0,0.0,959400.0,11992.5,0.0
PM00563,R406,Payments,Commercial Card,0,0.0,470600.0,5882.5,0.0
PM00564,R463,Payments,RTP / Instant,212,0.45,0.0,95.4,0.03
PM00565,R299,Payments,Wire Transfer,21,18.0,0.0,378.0,0.25
PM00566,R056,Payments,Remote Deposit Capture,409,0.2,0.0,81.8,0.02
PM00567,R032,Payments,Account Reconciliation,1451,0.05,0.0,72.55,0.25
PM00568,R138,Payments,Wire Transfer,53,18.0,0.0,954.0,0.42
PM00569,R430,Payments,Commercial Card,0,0.0,82200.0,1027.5,0.0
PM00570,R397,Payments,ACH Origination,7243,0.12,0.0,869.16,0.22
PM00571,R050,Payments,Remote Deposit Capture,158,0.2,0.0,31.6,0.35
PM00572,R028,Payments,RTP / Instant,438,0.45,0.0,197.1,0.19
PM00573,R040,Payments,Wire Transfer,6,18.0,0.0,108.0,0.16
PM00574,R285,Payments,Account Reconciliation,215,0.05,0.0,10.75,0.26
PM00575,R453,Payments,Remote Deposit Capture,187,0.2,0.0,37.4,0.38
PM00576,R008,Payments,Commercial Card,0,0.0,1157700.0,14471.25,0.0
PM00577,R295,Payments,Remote Deposit Capture,57,0.2,0.0,11.4,0.12
PM00578,R391,Payments,Remote Deposit Capture,224,0.2,0.0,44.8,0.44
PM00579,R111,Payments,RTP / Instant,63,0.45,0.0,28.35,0.07
PM00580,R001,Payments,Positive Pay,6033,0.08,0.0,482.64,0.1
PM00581,R097,Payments,Commercial Card,0,0.0,103400.0,1292.5,0.0
PM00582,R454,Payments,Remote Deposit Capture,316,0.2,0.0,63.2,0.39
PM00583,R484,Payments,Positive Pay,3345,0.08,0.0,267.6,0.08
PM00584,R329,Payments,Positive Pay,1089,0.08,0.0,87.12,0.15
PM00585,R002,Payments,Account Reconciliation,2554,0.05,0.0,127.7,0.03
PM00586,R006,Payments,Remote Deposit Capture,3516,0.2,0.0,703.2,0.21
PM00587,R142,Payments,ACH Origination,1302,0.12,0.0,156.24,0.23
PM00588,R200,Payments,Account Reconciliation,2087,0.05,0.0,104.35,0.27
PM00589,R281,Payments,Lockbox,121,0.65,0.0,78.65,0.08
PM00590,R469,Payments,Lockbox,197,0.65,0.0,128.05,0.12
PM00591,R335,Payments,Lockbox,109,0.65,0.0,70.85,0.34
PM00592,R420,Payments,ACH Origination,1545,0.12,0.0,185.4,0.05
PM00593,R058,Payments,Positive Pay,641,0.08,0.0,51.28,0.0
PM00594,R009,Payments,Remote Deposit Capture,1713,0.2,0.0,342.6,0.18
PM00595,R357,Payments,Commercial Card,0,0.0,297500.0,3718.75,0.0
PM00596,R248,Payments,Lockbox,532,0.65,0.0,345.8,0.4
PM00597,R139,Payments,ACH Origination,3388,0.12,0.0,406.56,0.02
PM00598,R004,Payments,Commercial Card,0,0.0,5290100.0,66126.25,0.0
PM00599,R430,Payments,Commercial Card,0,0.0,292200.0,3652.5,0.0
PM00600,R128,Payments,Lockbox,126,0.65,0.0,81.9,0.32
PM00601,R160,Payments,RTP / Instant,557,0.45,0.0,250.65,0.28
PM00602,R161,Payments,RTP / Instant,128,0.45,0.0,57.6,0.0
PM00603,R382,Payments,Wire Transfer,25,18.0,0.0,450.0,0.21
PM00604,R182,Payments,RTP / Instant,127,0.45,0.0,57.15,0.44
PM00605,R036,Payments,Wire Transfer,13,18.0,0.0,234.0,0.3
PM00606,R292,Payments,RTP / Instant,40,0.45,0.0,18.0,0.37
PM00607,R099,Payments,Remote Deposit Capture,95,0.2,0.0,19.0,0.23
PM00608,R119,Payments,Positive Pay,914,0.08,0.0,73.12,0.16
PM00609,R027,Payments,Positive Pay,447,0.08,0.0,35.76,0.14
PM00610,R429,Payments,Account Reconciliation,342,0.05,0.0,17.1,0.36
PM00611,R196,Payments,Remote Deposit Capture,1215,0.2,0.0,243.0,0.21
PM00612,R277,Payments,Positive Pay,271,0.08,0.0,21.68,0.15
PM00613,R008,Payments,RTP / Instant,1309,0.45,0.0,589.05,0.3
PM00614,R310,Payments,Positive Pay,973,0.08,0.0,77.84,0.45
PM00615,R001,Payments,Account Reconciliation,3683,0.05,0.0,184.15,0.19
PM00616,R118,Payments,RTP / Instant,103,0.45,0.0,46.35,0.07
PM00617,R285,Payments,Remote Deposit Capture,34,0.2,0.0,6.8,0.29
PM00618,R272,Payments,Lockbox,453,0.65,0.0,294.45,0.18
PM00619,R017,Payments,Commercial Card,0,0.0,586400.0,7330.0,0.0
PM00620,R399,Payments,Wire Transfer,97,18.0,0.0,1746.0,0.45
PM00621,R271,Payments,Remote Deposit Capture,263,0.2,0.0,52.6,0.21
PM00622,R393,Payments,Commercial Card,0,0.0,20400.0,255.0,0.0
PM00623,R404,Payments,Remote Deposit Capture,51,0.2,0.0,10.2,0.44
PM00624,R311,Payments,Account Reconciliation,250,0.05,0.0,12.5,0.3
PM00625,R375,Payments,Lockbox,1140,0.65,0.0,741.0,0.14
PM00626,R436,Payments,Wire Transfer,32,18.0,0.0,576.0,0.14
PM00627,R018,Payments,Account Reconciliation,351,0.05,0.0,17.55,0.27
PM00628,R036,Payments,Positive Pay,382,0.08,0.0,30.56,0.16
PM00629,R008,Payments,Wire Transfer,237,18.0,0.0,4266.0,0.35
PM00630,R459,Payments,RTP / Instant,233,0.45,0.0,104.85,0.09
PM00631,R010,Payments,Wire Transfer,82,18.0,0.0,1476.0,0.09
PM00632,R011,Payments,Remote Deposit Capture,59,0.2,0.0,11.8,0.1
PM00633,R006,Payments,Commercial Card,0,0.0,804400.0,10055.0,0.0
PM00634,R289,Payments,RTP / Instant,255,0.45,0.0,114.75,0.04
PM00635,R008,Payments,Wire Transfer,106,18.0,0.0,1908.0,0.27
PM00636,R008,Payments,Account Reconciliation,1409,0.05,0.0,70.45,0.39
PM00637,R497,Payments,Commercial Card,0,0.0,720900.0,9011.25,0.0
PM00638,R254,Payments,Commercial Card,0,0.0,289100.0,3613.75,0.0
PM00639,R051,Payments,ACH Origination,830,0.12,0.0,99.6,0.32
PM00640,R078,Payments,Remote Deposit Capture,60,0.2,0.0,12.0,0.1
PM00641,R010,Payments,Lockbox,967,0.65,0.0,628.55,0.44
PM00642,R113,Payments,Commercial Card,0,0.0,108800.0,1360.0,0.0
PM00643,R340,Payments,Wire Transfer,7,18.0,0.0,126.0,0.03
PM00644,R206,Payments,Positive Pay,1313,0.08,0.0,105.04,0.37
PM00645,R109,Payments,ACH Origination,2741,0.12,0.0,328.92,0.26
PM00646,R016,Payments,Lockbox,406,0.65,0.0,263.9,0.4
PM00647,R105,Payments,Wire Transfer,23,18.0,0.0,414.0,0.27
PM00648,R436,Payments,Lockbox,1253,0.65,0.0,814.45,0.36
PM00649,R003,Payments,Account Reconciliation,2578,0.05,0.0,128.9,0.37
PM00650,R205,Payments,ACH Origination,1305,0.12,0.0,156.6,0.36
PM00651,R066,Payments,Lockbox,862,0.65,0.0,560.3,0.03
PM00652,R460,Payments,Remote Deposit Capture,342,0.2,0.0,68.4,0.3
PM00653,R286,Payments,Remote Deposit Capture,127,0.2,0.0,25.4,0.4
PM00654,R498,Payments,Positive Pay,181,0.08,0.0,14.48,0.42
PM00655,R065,Payments,Commercial Card,0,0.0,246400.0,3080.0,0.0
PM00656,R004,Payments,Positive Pay,16647,0.08,0.0,1331.76,0.14
PM00657,R467,Payments,Lockbox,96,0.65,0.0,62.4,0.39
PM00658,R296,Payments,Wire Transfer,17,18.0,0.0,306.0,0.01
PM00659,R334,Payments,Account Reconciliation,1114,0.05,0.0,55.7,0.35
PM00660,R482,Payments,Lockbox,323,0.65,0.0,209.95,0.22
PM00661,R198,Payments,Account Reconciliation,403,0.05,0.0,20.15,0.4
PM00662,R227,Payments,Wire Transfer,28,18.0,0.0,504.0,0.23
PM00663,R003,Payments,Wire Transfer,88,18.0,0.0,1584.0,0.19
PM00664,R381,Payments,Wire Transfer,13,18.0,0.0,234.0,0.38
PM00665,R430,Payments,Commercial Card,0,0.0,157300.0,1966.25,0.0
PM00666,R455,Payments,Positive Pay,3966,0.08,0.0,317.28,0.22
PM00667,R341,Payments,Commercial Card,0,0.0,57700.0,721.25,0.0
PM00668,R365,Payments,Wire Transfer,11,18.0,0.0,198.0,0.01
PM00669,R421,Payments,RTP / Instant,113,0.45,0.0,50.85,0.16
PM00670,R274,Payments,Commercial Card,0,0.0,287600.0,3595.0,0.0
PM00671,R275,Payments,Positive Pay,2060,0.08,0.0,164.8,0.4
PM00672,R201,Payments,Lockbox,503,0.65,0.0,326.95,0.07
PM00673,R008,Payments,RTP / Instant,460,0.45,0.0,207.0,0.2
PM00674,R404,Payments,Lockbox,424,0.65,0.0,275.6,0.15
PM00675,R361,Payments,RTP / Instant,101,0.45,0.0,45.45,0.44
PM00676,R008,Payments,Commercial Card,0,0.0,520200.0,6502.5,0.0
PM00677,R361,Payments,Wire Transfer,10,18.0,0.0,180.0,0.18
PM00678,R486,Payments,Commercial Card,0,0.0,689500.0,8618.75,0.0
PM00679,R008,Payments,ACH Origination,17404,0.12,0.0,2088.48,0.32
PM00680,R249,Payments,Lockbox,82,0.65,0.0,53.3,0.32
PM00681,R465,Payments,Lockbox,88,0.65,0.0,57.2,0.28
PM00682,R457,Payments,Remote Deposit Capture,1044,0.2,0.0,208.8,0.19
PM00683,R085,Payments,Commercial Card,0,0.0,383400.0,4792.5,0.0
PM00684,R027,Payments,RTP / Instant,162,0.45,0.0,72.9,0.29
PM00685,R106,Payments,RTP / Instant,57,0.45,0.0,25.65,0.19
PM00686,R109,Payments,Commercial Card,0,0.0,42000.0,525.0,0.0
PM00687,R320,Payments,Account Reconciliation,937,0.05,0.0,46.85,0.42
PM00688,R371,Payments,Account Reconciliation,241,0.05,0.0,12.05,0.32
PM00689,R023,Payments,Remote Deposit Capture,114,0.2,0.0,22.8,0.35
PM00690,R408,Payments,Wire Transfer,18,18.0,0.0,324.0,0.34
PM00691,R140,Payments,Lockbox,141,0.65,0.0,91.65,0.19
PM00692,R184,Payments,Lockbox,737,0.65,0.0,479.05,0.25
PM00693,R253,Payments,Lockbox,223,0.65,0.0,144.95,0.24
PM00694,R131,Payments,ACH Origination,1759,0.12,0.0,211.08,0.11
PM00695,R142,Payments,Wire Transfer,28,18.0,0.0,504.0,0.28
PM00696,R299,Payments,RTP / Instant,173,0.45,0.0,77.85,0.17
PM00697,R008,Payments,Lockbox,4701,0.65,0.0,3055.65,0.02
PM00698,R347,Payments,RTP / Instant,276,0.45,0.0,124.2,0.44
PM00699,R319,Payments,RTP / Instant,126,0.45,0.0,56.7,0.19
PM00700,R006,Payments,Account Reconciliation,3063,0.05,0.0,153.15,0.16
PM00701,R217,Payments,RTP / Instant,142,0.45,0.0,63.9,0.28
PM00702,R001,Payments,Wire Transfer,47,18.0,0.0,846.0,0.2
PM00703,R254,Payments,Lockbox,380,0.65,0.0,247.0,0.44
PM00704,R445,Payments,ACH Origination,6663,0.12,0.0,799.56,0.02
PM00705,R486,Payments,Wire Transfer,5,18.0,0.0,90.0,0.37
PM00706,R493,Payments,ACH Origination,4362,0.12,0.0,523.44,0.01
PM00707,R431,Payments,ACH Origination,3278,0.12,0.0,393.36,0.08
PM00708,R184,Payments,Account Reconciliation,905,0.05,0.0,45.25,0.08
PM00709,R194,Payments,ACH Origination,1334,0.12,0.0,160.08,0.15
PM00710,R407,Payments,Wire Transfer,15,18.0,0.0,270.0,0.39
PM00711,R088,Payments,Wire Transfer,88,18.0,0.0,1584.0,0.11
PM00712,R207,Payments,Commercial Card,0,0.0,49400.0,617.5,0.0
PM00713,R001,Payments,RTP / Instant,804,0.45,0.0,361.8,0.22
PM00714,R008,Payments,Wire Transfer,138,18.0,0.0,2484.0,0.11
PM00715,R071,Payments,Commercial Card,0,0.0,573000.0,7162.5,0.0
PM00716,R307,Payments,Wire Transfer,20,18.0,0.0,360.0,0.38
PM00717,R262,Payments,Remote Deposit Capture,68,0.2,0.0,13.6,0.31
PM00718,R344,Payments,Account Reconciliation,1401,0.05,0.0,70.05,0.18
PM00719,R008,Payments,Remote Deposit Capture,486,0.2,0.0,97.2,0.12
PM00720,R010,Payments,Commercial Card,0,0.0,1193500.0,14918.75,0.0
PM00721,R001,Payments,RTP / Instant,499,0.45,0.0,224.55,0.1
PM00722,R437,Payments,Commercial Card,0,0.0,195200.0,2440.0,0.0
PM00723,R058,Payments,Account Reconciliation,94,0.05,0.0,4.7,0.02
PM00724,R175,Payments,Remote Deposit Capture,22,0.2,0.0,4.4,0.0
PM00725,R029,Payments,ACH Origination,1177,0.12,0.0,141.24,0.44
PM00726,R431,Payments,Account Reconciliation,337,0.05,0.0,16.85,0.16
PM00727,R004,Payments,Account Reconciliation,9228,0.05,0.0,461.4,0.02
PM00728,R052,Payments,Account Reconciliation,256,0.05,0.0,12.8,0.26
PM00729,R397,Payments,Wire Transfer,81,18.0,0.0,1458.0,0.21
PM00730,R006,Payments,Wire Transfer,169,18.0,0.0,3042.0,0.26
PM00731,R002,Payments,Commercial Card,0,0.0,1477300.0,18466.25,0.0
PM00732,R001,Payments,Wire Transfer,102,18.0,0.0,1836.0,0.05
PM00733,R361,Payments,Wire Transfer,28,18.0,0.0,504.0,0.34
PM00734,R058,Payments,Remote Deposit Capture,194,0.2,0.0,38.8,0.17
PM00735,R005,Payments,Remote Deposit Capture,1850,0.2,0.0,370.0,0.45
PM00736,R407,Payments,Positive Pay,343,0.08,0.0,27.44,0.27
PM00737,R429,Payments,Commercial Card,0,0.0,320300.0,4003.75,0.0
PM00738,R499,Payments,Positive Pay,355,0.08,0.0,28.4,0.16
PM00739,R001,Payments,Commercial Card,0,0.0,388600.0,4857.5,0.0
PM00740,R258,Payments,Positive Pay,1077,0.08,0.0,86.16,0.21
PM00741,R456,Payments,Positive Pay,207,0.08,0.0,16.56,0.24
PM00742,R427,Payments,Commercial Card,0,0.0,125500.0,1568.75,0.0
PM00743,R444,Payments,Account Reconciliation,153,0.05,0.0,7.65,0.18
PM00744,R215,Payments,Positive Pay,2905,0.08,0.0,232.4,0.13
PM00745,R006,Payments,Commercial Card,0,0.0,267200.0,3340.0,0.0
PM00746,R008,Payments,Wire Transfer,171,18.0,0.0,3078.0,0.02
PM00747,R061,Payments,ACH Origination,2473,0.12,0.0,296.76,0.21
PM00748,R004,Payments,ACH Origination,12879,0.12,0.0,1545.48,0.41
PM00749,R385,Payments,Commercial Card,0,0.0,341400.0,4267.5,0.0
PM00750,R016,Payments,RTP / Instant,446,0.45,0.0,200.7,0.04
PM00751,R371,Payments,Account Reconciliation,985,0.05,0.0,49.25,0.01
PM00752,R457,Payments,Account Reconciliation,456,0.05,0.0,22.8,0.29
PM00753,R003,Payments,Commercial Card,0,0.0,579800.0,7247.5,0.0
PM00754,R269,Payments,Lockbox,156,0.65,0.0,101.4,0.3
PM00755,R372,Payments,ACH Origination,3594,0.12,0.0,431.28,0.29
PM00756,R095,Payments,Account Reconciliation,430,0.05,0.0,21.5,0.37
PM00757,R029,Payments,RTP / Instant,46,0.45,0.0,20.7,0.38
PM00758,R108,Payments,Positive Pay,183,0.08,0.0,14.64,0.15
PM00759,R354,Payments,Commercial Card,0,0.0,185100.0,2313.75,0.0
PM00760,R205,Payments,Remote Deposit Capture,145,0.2,0.0,29.0,0.3
PM00761,R009,Payments,Positive Pay,6316,0.08,0.0,505.28,0.15
PM00762,R003,Payments,Remote Deposit Capture,2034,0.2,0.0,406.8,0.29
PM00763,R329,Payments,Commercial Card,0,0.0,569100.0,7113.75,0.0
PM00764,R019,Payments,Lockbox,272,0.65,0.0,176.8,0.0
PM00765,R299,Payments,RTP / Instant,72,0.45,0.0,32.4,0.04
PM00766,R437,Payments,Positive Pay,621,0.08,0.0,49.68,0.33
PM00767,R476,Payments,Commercial Card,0,0.0,164800.0,2060.0,0.0
PM00768,R004,Payments,Commercial Card,0,0.0,595200.0,7440.0,0.0
PM00769,R104,Payments,Commercial Card,0,0.0,142400.0,1780.0,0.0
PM00770,R041,Payments,ACH Origination,7570,0.12,0.0,908.4,0.37
PM00771,R003,Payments,Lockbox,1505,0.65,0.0,978.25,0.25
PM00772,R002,Payments,Wire Transfer,175,18.0,0.0,3150.0,0.09
PM00773,R002,Payments,ACH Origination,16125,0.12,0.0,1935.0,0.39
PM00774,R478,Payments,Commercial Card,0,0.0,33800.0,422.5,0.0
PM00775,R452,Payments,Remote Deposit Capture,61,0.2,0.0,12.2,0.41
PM00776,R114,Payments,Remote Deposit Capture,147,0.2,0.0,29.4,0.44
PM00777,R225,Payments,Account Reconciliation,516,0.05,0.0,25.8,0.3
PM00778,R263,Payments,RTP / Instant,391,0.45,0.0,175.95,0.38
PM00779,R415,Payments,Wire Transfer,2,18.0,0.0,36.0,0.37
PM00780,R296,Payments,Lockbox,176,0.65,0.0,114.4,0.2
PM00781,R003,Payments,Lockbox,2674,0.65,0.0,1738.1,0.05
PM00782,R073,Payments,Account Reconciliation,497,0.05,0.0,24.85,0.04
PM00783,R241,Payments,RTP / Instant,255,0.45,0.0,114.75,0.05
PM00784,R006,Payments,RTP / Instant,657,0.45,0.0,295.65,0.23
PM00785,R357,Payments,Remote Deposit Capture,97,0.2,0.0,19.4,0.02
PM00786,R315,Payments,Remote Deposit Capture,419,0.2,0.0,83.8,0.22
PM00787,R256,Payments,Commercial Card,0,0.0,280800.0,3510.0,0.0
PM00788,R410,Payments,Wire Transfer,31,18.0,0.0,558.0,0.39
PM00789,R296,Payments,Positive Pay,1314,0.08,0.0,105.12,0.04
PM00790,R328,Payments,RTP / Instant,168,0.45,0.0,75.6,0.31
PM00791,R380,Payments,Wire Transfer,43,18.0,0.0,774.0,0.04
PM00792,R230,Payments,ACH Origination,5549,0.12,0.0,665.88,0.24
PM00793,R229,Payments,RTP / Instant,784,0.45,0.0,352.8,0.15
PM00794,R299,Payments,ACH Origination,477,0.12,0.0,57.24,0.25
PM00795,R367,Payments,ACH Origination,3337,0.12,0.0,400.44,0.03
PM00796,R145,Payments,RTP / Instant,33,0.45,0.0,14.85,0.23
PM00797,R195,Payments,Lockbox,307,0.65,0.0,199.55,0.23
PM00798,R145,Payments,Commercial Card,0,0.0,292400.0,3655.0,0.0
PM00799,R001,Payments,Account Reconciliation,3783,0.05,0.0,189.15,0.03
PM00800,R127,Payments,Wire Transfer,58,18.0,0.0,1044.0,0.06
PM00801,R038,Payments,Account Reconciliation,1084,0.05,0.0,54.2,0.44
PM00802,R005,Payments,Remote Deposit Capture,1520,0.2,0.0,304.0,0.22
PM00803,R368,Payments,Account Reconciliation,697,0.05,0.0,34.85,0.32
PM00804,R120,Payments,RTP / Instant,239,0.45,0.0,107.55,0.13
PM00805,R132,Payments,RTP / Instant,232,0.45,0.0,104.4,0.28
PM00806,R178,Payments,Positive Pay,1634,0.08,0.0,130.72,0.19
PM00807,R281,Payments,Account Reconciliation,221,0.05,0.0,11.05,0.37
PM00808,R148,Payments,Commercial Card,0,0.0,13600.0,170.0,0.0
PM00809,R148,Payments,Lockbox,166,0.65,0.0,107.9,0.3
PM00810,R004,Payments,Wire Transfer,107,18.0,0.0,1926.0,0.15
PM00811,R119,Payments,Commercial Card,0,0.0,223500.0,2793.75,0.0
PM00812,R499,Payments,Commercial Card,0,0.0,180700.0,2258.75,0.0
PM00813,R061,Payments,Positive Pay,1573,0.08,0.0,125.84,0.25
PM00814,R491,Payments,ACH Origination,1725,0.12,0.0,207.0,0.22
PM00815,R040,Payments,Lockbox,55,0.65,0.0,35.75,0.32
PM00816,R432,Payments,Account Reconciliation,1197,0.05,0.0,59.85,0.38
PM00817,R004,Payments,Remote Deposit Capture,526,0.2,0.0,105.2,0.02
PM00818,R008,Payments,Lockbox,1631,0.65,0.0,1060.15,0.36
PM00819,R132,Payments,Account Reconciliation,296,0.05,0.0,14.8,0.39
PM00820,R128,Payments,ACH Origination,2370,0.12,0.0,284.4,0.32
PM00821,R495,Payments,ACH Origination,7052,0.12,0.0,846.24,0.31
PM00822,R335,Payments,Commercial Card,0,0.0,171600.0,2145.0,0.0
PM00823,R271,Payments,Remote Deposit Capture,461,0.2,0.0,92.2,0.4
PM00824,R134,Payments,ACH Origination,888,0.12,0.0,106.56,0.17
PM00825,R154,Payments,Wire Transfer,43,18.0,0.0,774.0,0.29
PM00826,R030,Payments,Remote Deposit Capture,321,0.2,0.0,64.2,0.24
PM00827,R225,Payments,Remote Deposit Capture,153,0.2,0.0,30.6,0.05
PM00828,R003,Payments,Lockbox,2293,0.65,0.0,1490.45,0.1
PM00829,R055,Payments,ACH Origination,2868,0.12,0.0,344.16,0.23
PM00830,R309,Payments,Lockbox,160,0.65,0.0,104.0,0.2
PM00831,R003,Payments,Commercial Card,0,0.0,797600.0,9970.0,0.0
PM00832,R068,Payments,RTP / Instant,88,0.45,0.0,39.6,0.36
PM00833,R017,Payments,RTP / Instant,446,0.45,0.0,200.7,0.36
PM00834,R001,Payments,Lockbox,1197,0.65,0.0,778.05,0.12
PM00835,R006,Payments,Lockbox,1003,0.65,0.0,651.95,0.12
PM00836,R085,Payments,Account Reconciliation,159,0.05,0.0,7.95,0.28
PM00837,R107,Payments,Lockbox,100,0.65,0.0,65.0,0.17
PM00838,R186,Payments,Positive Pay,347,0.08,0.0,27.76,0.43
PM00839,R445,Payments,Lockbox,389,0.65,0.0,252.85,0.29
PM00840,R003,Payments,Commercial Card,0,0.0,694500.0,8681.25,0.0
PM00841,R127,Payments,Commercial Card,0,0.0,1034100.0,12926.25,0.0
PM00842,R203,Payments,ACH Origination,2080,0.12,0.0,249.6,0.33
PM00843,R008,Payments,ACH Origination,48715,0.12,0.0,5845.8,0.14
PM00844,R182,Payments,Account Reconciliation,789,0.05,0.0,39.45,0.09
PM00845,R349,Payments,ACH Origination,702,0.12,0.0,84.24,0.11
PM00846,R004,Payments,Positive Pay,3666,0.08,0.0,293.28,0.31
PM00847,R132,Payments,Account Reconciliation,135,0.05,0.0,6.75,0.3
PM00848,R001,Payments,Positive Pay,5181,0.08,0.0,414.48,0.05
PM00849,R001,Payments,ACH Origination,14668,0.12,0.0,1760.16,0.3
PM00850,R302,Payments,RTP / Instant,137,0.45,0.0,61.65,0.28
PM00851,R387,Payments,Wire Transfer,8,18.0,0.0,144.0,0.36
PM00852,R431,Payments,ACH Origination,2807,0.12,0.0,336.84,0.04
PM00853,R003,Payments,RTP / Instant,1969,0.45,0.0,886.05,0.12
PM00854,R055,Payments,RTP / Instant,160,0.45,0.0,72.0,0.36
PM00855,R079,Payments,Commercial Card,0,0.0,1037000.0,12962.5,0.0
PM00856,R003,Payments,Account Reconciliation,1116,0.05,0.0,55.8,0.41
PM00857,R063,Payments,Positive Pay,515,0.08,0.0,41.2,0.31
PM00858,R202,Payments,Positive Pay,1493,0.08,0.0,119.44,0.02
PM00859,R406,Payments,Account Reconciliation,134,0.05,0.0,6.7,0.2
PM00860,R008,Payments,RTP / Instant,813,0.45,0.0,365.85,0.13
PM00861,R103,Payments,Lockbox,426,0.65,0.0,276.9,0.34
PM00862,R078,Payments,Positive Pay,360,0.08,0.0,28.8,0.07
PM00863,R343,Payments,Account Reconciliation,244,0.05,0.0,12.2,0.4
PM00864,R002,Payments,RTP / Instant,1222,0.45,0.0,549.9,0.33
PM00865,R298,Payments,Positive Pay,578,0.08,0.0,46.24,0.26
PM00866,R163,Payments,Wire Transfer,118,18.0,0.0,2124.0,0.25
PM00867,R001,Payments,RTP / Instant,1158,0.45,0.0,521.1,0.43
PM00868,R162,Payments,Commercial Card,0,0.0,25600.0,320.0,0.0
PM00869,R131,Payments,Account Reconciliation,130,0.05,0.0,6.5,0.41
PM00870,R268,Payments,Wire Transfer,18,18.0,0.0,324.0,0.37
PM00871,R306,Payments,Remote Deposit Capture,93,0.2,0.0,18.6,0.16
PM00872,R003,Payments,Positive Pay,7503,0.08,0.0,600.24,0.08
PM00873,R008,Payments,Remote Deposit Capture,1205,0.2,0.0,241.0,0.13
PM00874,R271,Payments,Commercial Card,0,0.0,120300.0,1503.75,0.0
PM00875,R395,Payments,Wire Transfer,9,18.0,0.0,162.0,0.43
PM00876,R339,Payments,ACH Origination,896,0.12,0.0,107.52,0.09
PM00877,R003,Payments,Remote Deposit Capture,1281,0.2,0.0,256.2,0.1
PM00878,R119,Payments,Commercial Card,0,0.0,108800.0,1360.0,0.0
PM00879,R280,Payments,Account Reconciliation,170,0.05,0.0,8.5,0.25
PM00880,R415,Payments,ACH Origination,1915,0.12,0.0,229.8,0.25
PM00881,R010,Payments,Wire Transfer,97,18.0,0.0,1746.0,0.41
PM00882,R498,Payments,Account Reconciliation,451,0.05,0.0,22.55,0.25
PM00883,R256,Payments,Account Reconciliation,100,0.05,0.0,5.0,0.26
PM00884,R471,Payments,RTP / Instant,296,0.45,0.0,133.2,0.3
PM00885,R467,Payments,Remote Deposit Capture,135,0.2,0.0,27.0,0.23
PM00886,R104,Payments,Wire Transfer,18,18.0,0.0,324.0,0.26
PM00887,R002,Payments,RTP / Instant,1645,0.45,0.0,740.25,0.34
PM00888,R295,Payments,Wire Transfer,14,18.0,0.0,252.0,0.41
PM00889,R003,Payments,Positive Pay,6184,0.08,0.0,494.72,0.42
PM00890,R163,Payments,Lockbox,570,0.65,0.0,370.5,0.3
PM00891,R448,Payments,Positive Pay,2719,0.08,0.0,217.52,0.12
PM00892,R296,Payments,RTP / Instant,41,0.45,0.0,18.45,0.39
PM00893,R287,Payments,Positive Pay,88,0.08,0.0,7.04,0.31
PM00894,R034,Payments,Lockbox,1440,0.65,0.0,936.0,0.17
PM00895,R448,Payments,RTP / Instant,244,0.45,0.0,109.8,0.28
PM00896,R104,Payments,Account Reconciliation,100,0.05,0.0,5.0,0.19
PM00897,R105,Payments,Account Reconciliation,882,0.05,0.0,44.1,0.38
PM00898,R421,Payments,ACH Origination,1026,0.12,0.0,123.12,0.15
PM00899,R266,Payments,RTP / Instant,157,0.45,0.0,70.65,0.2
PM00900,R407,Payments,RTP / Instant,171,0.45,0.0,76.95,0.36
PM00901,R443,Payments,RTP / Instant,90,0.45,0.0,40.5,0.09
PM00902,R096,Payments,ACH Origination,8475,0.12,0.0,1017.0,0.25
PM00903,R004,Payments,Lockbox,712,0.65,0.0,462.8,0.2
PM00904,R003,Payments,Commercial Card,0,0.0,2188500.0,27356.25,0.0
PM00905,R009,Payments,RTP / Instant,1118,0.45,0.0,503.1,0.05
PM00906,R210,Payments,Positive Pay,453,0.08,0.0,36.24,0.01
PM00907,R312,Payments,ACH Origination,391,0.12,0.0,46.92,0.28
PM00908,R060,Payments,Account Reconciliation,504,0.05,0.0,25.2,0.25
PM00909,R339,Payments,Positive Pay,165,0.08,0.0,13.2,0.42
PM00910,R008,Payments,Commercial Card,0,0.0,2185900.0,27323.75,0.0
PM00911,R059,Payments,Lockbox,341,0.65,0.0,221.65,0.02
PM00912,R048,Payments,Commercial Card,0,0.0,198600.0,2482.5,0.0
PM00913,R488,Payments,Positive Pay,624,0.08,0.0,49.92,0.02
PM00914,R390,Payments,Wire Transfer,12,18.0,0.0,216.0,0.12
PM00915,R467,Payments,Wire Transfer,18,18.0,0.0,324.0,0.3
PM00916,R284,Payments,Account Reconciliation,470,0.05,0.0,23.5,0.21
PM00917,R007,Payments,RTP / Instant,642,0.45,0.0,288.9,0.15
PM00918,R464,Payments,ACH Origination,2004,0.12,0.0,240.48,0.36
PM00919,R008,Payments,Positive Pay,7849,0.08,0.0,627.92,0.15
PM00920,R014,Payments,Commercial Card,0,0.0,346200.0,4327.5,0.0
PM00921,R047,Payments,Account Reconciliation,937,0.05,0.0,46.85,0.13
PM00922,R169,Payments,Account Reconciliation,157,0.05,0.0,7.85,0.43
PM00923,R260,Payments,Remote Deposit Capture,872,0.2,0.0,174.4,0.11
PM00924,R373,Payments,Wire Transfer,11,18.0,0.0,198.0,0.16
PM00925,R006,Payments,Commercial Card,0,0.0,2432900.0,30411.25,0.0
PM00926,R115,Payments,RTP / Instant,59,0.45,0.0,26.55,0.29
PM00927,R500,Payments,Remote Deposit Capture,165,0.2,0.0,33.0,0.12
PM00928,R027,Payments,Wire Transfer,16,18.0,0.0,288.0,0.09
PM00929,R007,Payments,Commercial Card,0,0.0,632200.0,7902.5,0.0
PM00930,R255,Payments,Account Reconciliation,771,0.05,0.0,38.55,0.34
PM00931,R400,Payments,Positive Pay,1050,0.08,0.0,84.0,0.27
PM00932,R277,Payments,Lockbox,474,0.65,0.0,308.1,0.22
PM00933,R236,Payments,Lockbox,103,0.65,0.0,66.95,0.44
PM00934,R205,Payments,RTP / Instant,382,0.45,0.0,171.9,0.13
PM00935,R004,Payments,ACH Origination,5192,0.12,0.0,623.04,0.21
PM00936,R494,Payments,Positive Pay,355,0.08,0.0,28.4,0.09
PM00937,R284,Payments,Positive Pay,3195,0.08,0.0,255.6,0.23
PM00938,R419,Payments,Commercial Card,0,0.0,638000.0,7975.0,0.0
PM00939,R107,Payments,ACH Origination,931,0.12,0.0,111.72,0.35
PM00940,R002,Payments,Commercial Card,0,0.0,443400.0,5542.5,0.0
PM00941,R045,Payments,RTP / Instant,198,0.45,0.0,89.1,0.06
PM00942,R210,Payments,Commercial Card,0,0.0,174700.0,2183.75,0.0
PM00943,R014,Payments,Lockbox,489,0.65,0.0,317.85,0.12
PM00944,R449,Payments,Remote Deposit Capture,66,0.2,0.0,13.2,0.11
PM00945,R249,Payments,ACH Origination,933,0.12,0.0,111.96,0.41
PM00946,R433,Payments,RTP / Instant,195,0.45,0.0,87.75,0.3
PM00947,R002,Payments,Commercial Card,0,0.0,3275400.0,40942.5,0.0
PM00948,R230,Payments,Wire Transfer,17,18.0,0.0,306.0,0.13
PM00949,R194,Payments,RTP / Instant,57,0.45,0.0,25.65,0.02
PM00950,R215,Payments,Commercial Card,0,0.0,124000.0,1550.0,0.0
PM00951,R460,Payments,Positive Pay,2534,0.08,0.0,202.72,0.11
PM00952,R063,Payments,Wire Transfer,7,18.0,0.0,126.0,0.33
PM00953,R200,Payments,RTP / Instant,234,0.45,0.0,105.3,0.1
PM00954,R015,Payments,Commercial Card,0,0.0,60900.0,761.25,0.0
PM00955,R180,Payments,ACH Origination,1265,0.12,0.0,151.8,0.21
PM00956,R498,Payments,Remote Deposit Capture,108,0.2,0.0,21.6,0.13
PM00957,R392,Payments,Lockbox,1128,0.65,0.0,733.2,0.11
PM00958,R220,Payments,Lockbox,396,0.65,0.0,257.4,0.14
PM00959,R006,Payments,Commercial Card,0,0.0,3765900.0,47073.75,0.0
PM00960,R443,Payments,Wire Transfer,27,18.0,0.0,486.0,0.2
PM00961,R227,Payments,Positive Pay,4260,0.08,0.0,340.8,0.26
PM00962,R234,Payments,Remote Deposit Capture,282,0.2,0.0,56.4,0.24
PM00963,R035,Payments,Remote Deposit Capture,140,0.2,0.0,28.0,0.27
PM00964,R469,Payments,Lockbox,192,0.65,0.0,124.8,0.06
PM00965,R003,Payments,Remote Deposit Capture,378,0.2,0.0,75.6,0.03
PM00966,R363,Payments,ACH Origination,1104,0.12,0.0,132.48,0.42
PM00967,R475,Payments,Remote Deposit Capture,43,0.2,0.0,8.6,0.1
PM00968,R038,Payments,Lockbox,1330,0.65,0.0,864.5,0.37
PM00969,R142,Payments,RTP / Instant,101,0.45,0.0,45.45,0.03
PM00970,R139,Payments,ACH Origination,1388,0.12,0.0,166.56,0.3
PM00971,R470,Payments,Positive Pay,352,0.08,0.0,28.16,0.27
PM00972,R208,Payments,ACH Origination,549,0.12,0.0,65.88,0.21
PM00973,R282,Payments,Commercial Card,0,0.0,228300.0,2853.75,0.0
PM00974,R211,Payments,ACH Origination,6286,0.12,0.0,754.32,0.39
PM00975,R369,Payments,Positive Pay,3128,0.08,0.0,250.24,0.32
PM00976,R001,Payments,Lockbox,488,0.65,0.0,317.2,0.29
PM00977,R484,Payments,Remote Deposit Capture,914,0.2,0.0,182.8,0.42
PM00978,R004,Payments,Lockbox,1523,0.65,0.0,989.95,0.03
PM00979,R310,Payments,RTP / Instant,209,0.45,0.0,94.05,0.34
PM00980,R004,Payments,Commercial Card,0,0.0,632700.0,7908.75,0.0
PM00981,R103,Payments,Account Reconciliation,1315,0.05,0.0,65.75,0.44
PM00982,R003,Payments,Positive Pay,4293,0.08,0.0,343.44,0.08
PM00983,R416,Payments,Account Reconciliation,282,0.05,0.0,14.1,0.36
PM00984,R006,Payments,Account Reconciliation,2559,0.05,0.0,127.95,0.03
PM00985,R003,Payments,Lockbox,1096,0.65,0.0,712.4,0.31
PM00986,R210,Payments,Account Reconciliation,122,0.05,0.0,6.1,0.29
PM00987,R259,Payments,Account Reconciliation,136,0.05,0.0,6.8,0.21
PM00988,R006,Payments,Wire Transfer,139,18.0,0.0,2502.0,0.16
PM00989,R222,Payments,Lockbox,500,0.65,0.0,325.0,0.11
PM00990,R006,Payments,ACH Origination,26665,0.12,0.0,3199.8,0.16
PM00991,R276,Payments,Account Reconciliation,1160,0.05,0.0,58.0,0.04
PM00992,R253,Payments,Commercial Card,0,0.0,235800.0,2947.5,0.0
PM00993,R440,Payments,ACH Origination,18747,0.12,0.0,2249.64,0.23
PM00994,R476,Payments,ACH Origination,2375,0.12,0.0,285.0,0.23
PM00995,R452,Payments,Positive Pay,822,0.08,0.0,65.76,0.26
PM00996,R195,Payments,Lockbox,79,0.65,0.0,51.35,0.33
PM00997,R001,Payments,ACH Origination,14694,0.12,0.0,1763.28,0.05
PM00998,R103,Payments,ACH Origination,1860,0.12,0.0,223.2,0.38
PM00999,R383,Payments,Account Reconciliation,1413,0.05,0.0,70.65,0.16
PM01000,R326,Payments,Lockbox,111,0.65,0.0,72.15,0.09
PM01001,R151,Payments,Account Reconciliation,215,0.05,0.0,10.75,0.08
PM01002,R007,Payments,Lockbox,1056,0.65,0.0,686.4,0.36
PM01003,R003,Payments,Remote Deposit Capture,778,0.2,0.0,155.6,0.22
PM01004,R322,Payments,Account Reconciliation,1578,0.05,0.0,78.9,0.12
PM01005,R140,Payments,Remote Deposit Capture,364,0.2,0.0,72.8,0.42
PM01006,R280,Payments,Commercial Card,0,0.0,231700.0,2896.25,0.0
PM01007,R310,Payments,ACH Origination,2439,0.12,0.0,292.68,0.29
PM01008,R382,Payments,Lockbox,207,0.65,0.0,134.55,0.11
PM01009,R233,Payments,ACH Origination,2489,0.12,0.0,298.68,0.18
PM01010,R275,Payments,Positive Pay,1788,0.08,0.0,143.04,0.14
PM01011,R364,Payments,Lockbox,122,0.65,0.0,79.3,0.11
PM01012,R029,Payments,Positive Pay,595,0.08,0.0,47.6,0.4
PM01013,R215,Payments,Remote Deposit Capture,393,0.2,0.0,78.6,0.06
PM01014,R003,Payments,Wire Transfer,22,18.0,0.0,396.0,0.04
PM01015,R234,Payments,Account Reconciliation,861,0.05,0.0,43.05,0.17
PM01016,R009,Payments,Account Reconciliation,6389,0.05,0.0,319.45,0.3
PM01017,R290,Payments,Lockbox,80,0.65,0.0,52.0,0.14
PM01018,R469,Payments,Lockbox,118,0.65,0.0,76.7,0.09
PM01019,R198,Payments,Lockbox,515,0.65,0.0,334.75,0.02
PM01020,R008,Payments,Commercial Card,0,0.0,173500.0,2168.75,0.0
PM01021,R008,Payments,Account Reconciliation,3599,0.05,0.0,179.95,0.33
PM01022,R359,Payments,ACH Origination,2000,0.12,0.0,240.0,0.29
PM01023,R354,Payments,Remote Deposit Capture,157,0.2,0.0,31.4,0.33
PM01024,R049,Payments,ACH Origination,700,0.12,0.0,84.0,0.38
PM01025,R052,Payments,Wire Transfer,11,18.0,0.0,198.0,0.12
PM01026,R488,Payments,Positive Pay,1090,0.08,0.0,87.2,0.36
PM01027,R144,Payments,ACH Origination,7002,0.12,0.0,840.24,0.05
PM01028,R277,Payments,Commercial Card,0,0.0,78200.0,977.5,0.0
PM01029,R014,Payments,Wire Transfer,10,18.0,0.0,180.0,0.25
PM01030,R014,Payments,RTP / Instant,242,0.45,0.0,108.9,0.34
PM01031,R434,Payments,Positive Pay,276,0.08,0.0,22.08,0.22
PM01032,R093,Payments,Remote Deposit Capture,341,0.2,0.0,68.2,0.18
PM01033,R339,Payments,Wire Transfer,10,18.0,0.0,180.0,0.32
PM01034,R004,Payments,Account Reconciliation,1490,0.05,0.0,74.5,0.15
PM01035,R196,Payments,Commercial Card,0,0.0,569200.0,7115.0,0.0
PM01036,R389,Payments,Positive Pay,629,0.08,0.0,50.32,0.0
PM01037,R130,Payments,Remote Deposit Capture,389,0.2,0.0,77.8,0.38
PM01038,R469,Payments,Commercial Card,0,0.0,104600.0,1307.5,0.0
PM01039,R332,Payments,Account Reconciliation,442,0.05,0.0,22.1,0.28
PM01040,R034,Payments,Positive Pay,3230,0.08,0.0,258.4,0.38
PM01041,R064,Payments,Lockbox,189,0.65,0.0,122.85,0.31
PM01042,R370,Payments,RTP / Instant,41,0.45,0.0,18.45,0.21
PM01043,R189,Payments,RTP / Instant,104,0.45,0.0,46.8,0.23
PM01044,R402,Payments,ACH Origination,667,0.12,0.0,80.04,0.2
PM01045,R001,Payments,RTP / Instant,261,0.45,0.0,117.45,0.02
PM01046,R003,Payments,Account Reconciliation,1868,0.05,0.0,93.4,0.35
PM01047,R302,Payments,RTP / Instant,377,0.45,0.0,169.65,0.43
PM01048,R120,Payments,Lockbox,565,0.65,0.0,367.25,0.32
PM01049,R285,Payments,Lockbox,165,0.65,0.0,107.25,0.4
PM01050,R210,Payments,Account Reconciliation,541,0.05,0.0,27.05,0.39
PM01051,R397,Payments,Positive Pay,2496,0.08,0.0,199.68,0.16
PM01052,R159,Payments,RTP / Instant,43,0.45,0.0,19.35,0.16
PM01053,R213,Payments,Remote Deposit Capture,1343,0.2,0.0,268.6,0.21
PM01054,R184,Payments,ACH Origination,5080,0.12,0.0,609.6,0.04
PM01055,R250,Payments,Wire Transfer,31,18.0,0.0,558.0,0.02
PM01056,R415,Payments,Wire Transfer,11,18.0,0.0,198.0,0.0
PM01057,R151,Payments,ACH Origination,375,0.12,0.0,45.0,0.24
PM01058,R225,Payments,Wire Transfer,15,18.0,0.0,270.0,0.24
PM01059,R281,Payments,Commercial Card,0,0.0,346300.0,4328.75,0.0
PM01060,R436,Payments,Commercial Card,0,0.0,1836800.0,22960.0,0.0
PM01061,R021,Payments,ACH Origination,547,0.12,0.0,65.64,0.33
PM01062,R387,Payments,ACH Origination,1502,0.12,0.0,180.24,0.24
PM01063,R001,Payments,Remote Deposit Capture,1534,0.2,0.0,306.8,0.35
PM01064,R250,Payments,Account Reconciliation,443,0.05,0.0,22.15,0.09
PM01065,R134,Payments,Account Reconciliation,232,0.05,0.0,11.6,0.26
PM01066,R278,Payments,Commercial Card,0,0.0,703900.0,8798.75,0.0
PM01067,R497,Payments,Lockbox,208,0.65,0.0,135.2,0.43
PM01068,R424,Payments,RTP / Instant,71,0.45,0.0,31.95,0.42
PM01069,R224,Payments,RTP / Instant,45,0.45,0.0,20.25,0.15
PM01070,R002,Payments,Positive Pay,4288,0.08,0.0,343.04,0.07
PM01071,R312,Payments,ACH Origination,865,0.12,0.0,103.8,0.07
PM01072,R413,Payments,Remote Deposit Capture,49,0.2,0.0,9.8,0.08
PM01073,R452,Payments,Remote Deposit Capture,45,0.2,0.0,9.0,0.28
PM01074,R298,Payments,ACH Origination,484,0.12,0.0,58.08,0.08
PM01075,R063,Payments,Positive Pay,521,0.08,0.0,41.68,0.08
PM01076,R428,Payments,RTP / Instant,217,0.45,0.0,97.65,0.18
PM01077,R054,Payments,Lockbox,203,0.65,0.0,131.95,0.36
PM01078,R002,Payments,Lockbox,1575,0.65,0.0,1023.75,0.06
PM01079,R158,Payments,Positive Pay,470,0.08,0.0,37.6,0.07
PM01080,R002,Payments,Remote Deposit Capture,1587,0.2,0.0,317.4,0.03
PM01081,R170,Payments,Commercial Card,0,0.0,84900.0,1061.25,0.0
PM01082,R290,Payments,Remote Deposit Capture,191,0.2,0.0,38.2,0.07
PM01083,R489,Payments,RTP / Instant,159,0.45,0.0,71.55,0.36
PM01084,R439,Payments,Account Reconciliation,859,0.05,0.0,42.95,0.44
PM01085,R471,Payments,Lockbox,340,0.65,0.0,221.0,0.09
PM01086,R261,Payments,Lockbox,205,0.65,0.0,133.25,0.08
PM01087,R169,Payments,ACH Origination,6055,0.12,0.0,726.6,0.07
PM01088,R280,Payments,Remote Deposit Capture,45,0.2,0.0,9.0,0.02
PM01089,R003,Payments,ACH Origination,18829,0.12,0.0,2259.48,0.38
PM01090,R101,Payments,Lockbox,2022,0.65,0.0,1314.3,0.23
PM01091,R321,Payments,Remote Deposit Capture,116,0.2,0.0,23.2,0.15
PM01092,R209,Payments,Commercial Card,0,0.0,96300.0,1203.75,0.0
PM01093,R307,Payments,ACH Origination,2056,0.12,0.0,246.72,0.08
PM01094,R112,Payments,Remote Deposit Capture,146,0.2,0.0,29.2,0.05
PM01095,R237,Payments,Positive Pay,332,0.08,0.0,26.56,0.3
PM01096,R376,Payments,Wire Transfer,39,18.0,0.0,702.0,0.3
PM01097,R427,Payments,RTP / Instant,61,0.45,0.0,27.45,0.06
PM01098,R006,Payments,Account Reconciliation,5306,0.05,0.0,265.3,0.1
PM01099,R024,Payments,Positive Pay,322,0.08,0.0,25.76,0.37
PM01100,R004,Payments,Lockbox,5708,0.65,0.0,3710.2,0.24
PM01101,R199,Payments,RTP / Instant,164,0.45,0.0,73.8,0.08
PM01102,R322,Payments,Account Reconciliation,1300,0.05,0.0,65.0,0.29
PM01103,R217,Payments,RTP / Instant,48,0.45,0.0,21.6,0.38
PM01104,R182,Payments,Positive Pay,864,0.08,0.0,69.12,0.15
PM01105,R002,Payments,ACH Origination,10531,0.12,0.0,1263.72,0.34
PM01106,R101,Payments,Wire Transfer,33,18.0,0.0,594.0,0.38
PM01107,R316,Payments,Account Reconciliation,624,0.05,0.0,31.2,0.16
PM01108,R185,Payments,Account Reconciliation,414,0.05,0.0,20.7,0.42
PM01109,R139,Payments,Remote Deposit Capture,122,0.2,0.0,24.4,0.18
PM01110,R416,Payments,ACH Origination,1312,0.12,0.0,157.44,0.05
PM01111,R085,Payments,Positive Pay,216,0.08,0.0,17.28,0.34
PM01112,R095,Payments,Wire Transfer,70,18.0,0.0,1260.0,0.08
PM01113,R457,Payments,Commercial Card,0,0.0,818800.0,10235.0,0.0
PM01114,R209,Payments,Wire Transfer,6,18.0,0.0,108.0,0.29
PM01115,R017,Payments,ACH Origination,4086,0.12,0.0,490.32,0.23
PM01116,R139,Payments,Account Reconciliation,1050,0.05,0.0,52.5,0.04
PM01117,R006,Payments,Wire Transfer,79,18.0,0.0,1422.0,0.36
PM01118,R003,Payments,Account Reconciliation,3730,0.05,0.0,186.5,0.01
PM01119,R052,Payments,Commercial Card,0,0.0,198500.0,2481.25,0.0
PM01120,R369,Payments,Positive Pay,2580,0.08,0.0,206.4,0.28
PM01121,R267,Payments,Wire Transfer,59,18.0,0.0,1062.0,0.35
PM01122,R382,Payments,RTP / Instant,104,0.45,0.0,46.8,0.21
PM01123,R301,Payments,Wire Transfer,19,18.0,0.0,342.0,0.2
PM01124,R001,Payments,Lockbox,1171,0.65,0.0,761.15,0.42
PM01125,R292,Payments,Wire Transfer,16,18.0,0.0,288.0,0.14
PM01126,R002,Payments,Wire Transfer,141,18.0,0.0,2538.0,0.25
PM01127,R209,Payments,RTP / Instant,99,0.45,0.0,44.55,0.29
PM01128,R005,Payments,ACH Origination,5740,0.12,0.0,688.8,0.42
PM01129,R288,Payments,Remote Deposit Capture,59,0.2,0.0,11.8,0.34
PM01130,R003,Payments,Account Reconciliation,12139,0.05,0.0,606.95,0.05
PM01131,R002,Payments,RTP / Instant,383,0.45,0.0,172.35,0.34
PM01132,R249,Payments,Wire Transfer,39,18.0,0.0,702.0,0.28
PM01133,R391,Payments,Account Reconciliation,478,0.05,0.0,23.9,0.35
PM01134,R382,Payments,ACH Origination,4729,0.12,0.0,567.48,0.04
PM01135,R166,Payments,Account Reconciliation,1305,0.05,0.0,65.25,0.41
PM01136,R149,Payments,Wire Transfer,29,18.0,0.0,522.0,0.36
PM01137,R438,Payments,ACH Origination,539,0.12,0.0,64.68,0.38
PM01138,R004,Payments,Remote Deposit Capture,797,0.2,0.0,159.4,0.4
PM01139,R349,Payments,Positive Pay,533,0.08,0.0,42.64,0.04
PM01140,R437,Payments,RTP / Instant,249,0.45,0.0,112.05,0.36
PM01141,R004,Payments,ACH Origination,12700,0.12,0.0,1524.0,0.32
PM01142,R408,Payments,Commercial Card,0,0.0,528100.0,6601.25,0.0
PM01143,R358,Payments,Positive Pay,1808,0.08,0.0,144.64,0.17
PM01144,R005,Payments,ACH Origination,37143,0.12,0.0,4457.16,0.12
PM01145,R448,Payments,Commercial Card,0,0.0,520900.0,6511.25,0.0
PM01146,R008,Payments,Positive Pay,2916,0.08,0.0,233.28,0.13
PM01147,R427,Payments,Account Reconciliation,51,0.05,0.0,2.55,0.41
PM01148,R092,Payments,Commercial Card,0,0.0,122300.0,1528.75,0.0
PM01149,R104,Payments,Positive Pay,184,0.08,0.0,14.72,0.16
PM01150,R397,Payments,ACH Origination,4238,0.12,0.0,508.56,0.01
PM01151,R204,Payments,Wire Transfer,32,18.0,0.0,576.0,0.07
PM01152,R190,Payments,RTP / Instant,483,0.45,0.0,217.35,0.13
PM01153,R162,Payments,Remote Deposit Capture,295,0.2,0.0,59.0,0.07
PM01154,R435,Payments,RTP / Instant,74,0.45,0.0,33.3,0.25
PM01155,R306,Payments,Positive Pay,648,0.08,0.0,51.84,0.32
PM01156,R008,Payments,Remote Deposit Capture,1337,0.2,0.0,267.4,0.4
PM01157,R010,Payments,ACH Origination,4124,0.12,0.0,494.88,0.29
PM01158,R183,Payments,Commercial Card,0,0.0,844700.0,10558.75,0.0
PM01159,R297,Payments,Remote Deposit Capture,90,0.2,0.0,18.0,0.11
PM01160,R161,Payments,Account Reconciliation,1461,0.05,0.0,73.05,0.39
PM01161,R456,Payments,Positive Pay,711,0.08,0.0,56.88,0.14
PM01162,R431,Payments,Lockbox,239,0.65,0.0,155.35,0.32
PM01163,R105,Payments,Wire Transfer,36,18.0,0.0,648.0,0.34
PM01164,R420,Payments,Positive Pay,743,0.08,0.0,59.44,0.02
PM01165,R338,Payments,Remote Deposit Capture,305,0.2,0.0,61.0,0.29
PM01166,R006,Payments,Positive Pay,3523,0.08,0.0,281.84,0.42
PM01167,R056,Payments,Commercial Card,0,0.0,361300.0,4516.25,0.0
PM01168,R006,Payments,RTP / Instant,2690,0.45,0.0,1210.5,0.21
PM01169,R444,Payments,Commercial Card,0,0.0,45800.0,572.5,0.0
PM01170,R247,Payments,Lockbox,485,0.65,0.0,315.25,0.07
PM01171,R259,Payments,RTP / Instant,108,0.45,0.0,48.6,0.1
PM01172,R002,Payments,Wire Transfer,110,18.0,0.0,1980.0,0.4
PM01173,R006,Payments,Commercial Card,0,0.0,326200.0,4077.5,0.0
PM01174,R204,Payments,ACH Origination,1123,0.12,0.0,134.76,0.07
PM01175,R187,Payments,Remote Deposit Capture,31,0.2,0.0,6.2,0.18
PM01176,R162,Payments,Remote Deposit Capture,170,0.2,0.0,34.0,0.2
PM01177,R421,Payments,Remote Deposit Capture,175,0.2,0.0,35.0,0.15
PM01178,R005,Payments,Remote Deposit Capture,759,0.2,0.0,151.8,0.01
PM01179,R021,Payments,Account Reconciliation,1204,0.05,0.0,60.2,0.17
PM01180,R129,Payments,Account Reconciliation,225,0.05,0.0,11.25,0.4
PM01181,R087,Payments,Lockbox,1615,0.65,0.0,1049.75,0.12
PM01182,R178,Payments,Wire Transfer,19,18.0,0.0,342.0,0.16
PM01183,R164,Payments,ACH Origination,5367,0.12,0.0,644.04,0.32
PM01184,R252,Payments,ACH Origination,837,0.12,0.0,100.44,0.07
PM01185,R006,Payments,Commercial Card,0,0.0,437200.0,5465.0,0.0
PM01186,R002,Payments,Wire Transfer,233,18.0,0.0,4194.0,0.25
PM01187,R341,Payments,Wire Transfer,11,18.0,0.0,198.0,0.24
PM01188,R004,Payments,Account Reconciliation,1682,0.05,0.0,84.1,0.06
PM01189,R009,Payments,Wire Transfer,117,18.0,0.0,2106.0,0.03
PM01190,R078,Payments,Wire Transfer,228,18.0,0.0,4104.0,0.38
PM01191,R420,Payments,Lockbox,230,0.65,0.0,149.5,0.1
PM01192,R358,Payments,Wire Transfer,18,18.0,0.0,324.0,0.2
PM01193,R045,Payments,ACH Origination,1999,0.12,0.0,239.88,0.23
PM01194,R484,Payments,Commercial Card,0,0.0,2959700.0,36996.25,0.0
PM01195,R004,Payments,Positive Pay,8612,0.08,0.0,688.96,0.32
PM01196,R095,Payments,Lockbox,985,0.65,0.0,640.25,0.24
PM01197,R007,Payments,Wire Transfer,39,18.0,0.0,702.0,0.41
PM01198,R291,Payments,Commercial Card,0,0.0,343100.0,4288.75,0.0
PM01199,R014,Payments,Positive Pay,544,0.08,0.0,43.52,0.08
PM01200,R137,Payments,Positive Pay,248,0.08,0.0,19.84,0.12
PM01201,R005,Payments,Remote Deposit Capture,1256,0.2,0.0,251.2,0.14
PM01202,R004,Payments,Positive Pay,2393,0.08,0.0,191.44,0.42
PM01203,R011,Payments,Remote Deposit Capture,39,0.2,0.0,7.8,0.26
PM01204,R316,Payments,Account Reconciliation,816,0.05,0.0,40.8,0.12
PM01205,R161,Payments,ACH Origination,1257,0.12,0.0,150.84,0.1
PM01206,R246,Payments,Wire Transfer,16,18.0,0.0,288.0,0.23
PM01207,R006,Payments,Commercial Card,0,0.0,217300.0,2716.25,0.0
PM01208,R166,Payments,Wire Transfer,8,18.0,0.0,144.0,0.04
PM01209,R004,Payments,Commercial Card,0,0.0,780900.0,9761.25,0.0
PM01210,R476,Payments,Lockbox,314,0.65,0.0,204.1,0.3
PM01211,R118,Payments,RTP / Instant,134,0.45,0.0,60.3,0.03
PM01212,R340,Payments,Positive Pay,530,0.08,0.0,42.4,0.23
PM01213,R465,Payments,RTP / Instant,34,0.45,0.0,15.3,0.26
PM01214,R344,Payments,Lockbox,587,0.65,0.0,381.55,0.29
PM01215,R306,Payments,Account Reconciliation,154,0.05,0.0,7.7,0.0
PM01216,R275,Payments,Positive Pay,489,0.08,0.0,39.12,0.36
PM01217,R262,Payments,Remote Deposit Capture,224,0.2,0.0,44.8,0.24
PM01218,R349,Payments,Lockbox,79,0.65,0.0,51.35,0.19
PM01219,R003,Payments,Account Reconciliation,2928,0.05,0.0,146.4,0.2
PM01220,R005,Payments,Positive Pay,3214,0.08,0.0,257.12,0.2
PM01221,R328,Payments,Account Reconciliation,506,0.05,0.0,25.3,0.38
PM01222,R127,Payments,Remote Deposit Capture,853,0.2,0.0,170.6,0.31
PM01223,R004,Payments,Remote Deposit Capture,662,0.2,0.0,132.4,0.13
PM01224,R450,Payments,ACH Origination,1016,0.12,0.0,121.92,0.01
PM01225,R177,Payments,Wire Transfer,29,18.0,0.0,522.0,0.17
PM01226,R046,Payments,Remote Deposit Capture,411,0.2,0.0,82.2,0.09
PM01227,R023,Payments,Account Reconciliation,294,0.05,0.0,14.7,0.27
PM01228,R495,Payments,Positive Pay,996,0.08,0.0,79.68,0.29
PM01229,R003,Payments,Commercial Card,0,0.0,572800.0,7160.0,0.0
PM01230,R421,Payments,ACH Origination,1432,0.12,0.0,171.84,0.39
PM01231,R210,Payments,Positive Pay,344,0.08,0.0,27.52,0.44
PM01232,R002,Payments,ACH Origination,41087,0.12,0.0,4930.44,0.21
PM01233,R001,Payments,Commercial Card,0,0.0,560500.0,7006.25,0.0
PM01234,R205,Payments,Positive Pay,685,0.08,0.0,54.8,0.04
PM01235,R034,Payments,Commercial Card,0,0.0,991000.0,12387.5,0.0
PM01236,R241,Payments,Commercial Card,0,0.0,835500.0,10443.75,0.0
PM01237,R431,Payments,Remote Deposit Capture,681,0.2,0.0,136.2,0.28
PM01238,R002,Payments,Positive Pay,6785,0.08,0.0,542.8,0.29
PM01239,R191,Payments,Account Reconciliation,487,0.05,0.0,24.35,0.16
PM01240,R410,Payments,Lockbox,293,0.65,0.0,190.45,0.04
PM01241,R170,Payments,Commercial Card,0,0.0,34400.0,430.0,0.0
PM01242,R198,Payments,RTP / Instant,165,0.45,0.0,74.25,0.15
PM01243,R089,Payments,Lockbox,168,0.65,0.0,109.2,0.07
PM01244,R356,Payments,Positive Pay,1136,0.08,0.0,90.88,0.41
PM01245,R190,Payments,Remote Deposit Capture,1364,0.2,0.0,272.8,0.22
PM01246,R278,Payments,Remote Deposit Capture,129,0.2,0.0,25.8,0.32
PM01247,R479,Payments,RTP / Instant,114,0.45,0.0,51.3,0.14
PM01248,R287,Payments,Lockbox,177,0.65,0.0,115.05,0.07
PM01249,R482,Payments,ACH Origination,1392,0.12,0.0,167.04,0.02
PM01250,R106,Payments,Commercial Card,0,0.0,221100.0,2763.75,0.0
PM01251,R151,Payments,ACH Origination,1726,0.12,0.0,207.12,0.02
PM01252,R002,Payments,ACH Origination,5595,0.12,0.0,671.4,0.45
PM01253,R491,Payments,Commercial Card,0,0.0,133200.0,1665.0,0.0
PM01254,R085,Payments,Lockbox,223,0.65,0.0,144.95,0.06
PM01255,R071,Payments,Wire Transfer,14,18.0,0.0,252.0,0.37
PM01256,R195,Payments,Account Reconciliation,313,0.05,0.0,15.65,0.36
PM01257,R210,Payments,Account Reconciliation,997,0.05,0.0,49.85,0.45
PM01258,R280,Payments,Account Reconciliation,493,0.05,0.0,24.65,0.11
PM01259,R008,Payments,Account Reconciliation,3095,0.05,0.0,154.75,0.02
PM01260,R257,Payments,Positive Pay,730,0.08,0.0,58.4,0.33
PM01261,R328,Payments,Remote Deposit Capture,373,0.2,0.0,74.6,0.36
PM01262,R131,Payments,Positive Pay,798,0.08,0.0,63.84,0.16
PM01263,R409,Payments,Commercial Card,0,0.0,46600.0,582.5,0.0
PM01264,R374,Payments,Wire Transfer,77,18.0,0.0,1386.0,0.35
PM01265,R254,Payments,Positive Pay,619,0.08,0.0,49.52,0.18
PM01266,R474,Payments,RTP / Instant,2626,0.45,0.0,1181.7,0.32
PM01267,R009,Payments,Account Reconciliation,12939,0.05,0.0,646.95,0.0
PM01268,R493,Payments,Commercial Card,0,0.0,74100.0,926.25,0.0
PM01269,R409,Payments,Commercial Card,0,0.0,449300.0,5616.25,0.0
PM01270,R004,Payments,Account Reconciliation,3541,0.05,0.0,177.05,0.14
PM01271,R311,Payments,Commercial Card,0,0.0,463400.0,5792.5,0.0
PM01272,R350,Payments,ACH Origination,1616,0.12,0.0,193.92,0.32
PM01273,R023,Payments,Wire Transfer,38,18.0,0.0,684.0,0.37
PM01274,R013,Payments,Remote Deposit Capture,35,0.2,0.0,7.0,0.08
PM01275,R159,Payments,Commercial Card,0,0.0,173600.0,2170.0,0.0
PM01276,R251,Payments,Remote Deposit Capture,106,0.2,0.0,21.2,0.27
PM01277,R345,Payments,ACH Origination,925,0.12,0.0,111.0,0.07
PM01278,R405,Payments,Wire Transfer,5,18.0,0.0,90.0,0.16
PM01279,R004,Payments,Commercial Card,0,0.0,1567200.0,19590.0,0.0
PM01280,R311,Payments,ACH Origination,679,0.12,0.0,81.48,0.25
PM01281,R118,Payments,ACH Origination,920,0.12,0.0,110.4,0.41
PM01282,R281,Payments,RTP / Instant,205,0.45,0.0,92.25,0.21
PM01283,R245,Payments,Commercial Card,0,0.0,554600.0,6932.5,0.0
PM01284,R021,Payments,Remote Deposit Capture,81,0.2,0.0,16.2,0.32
PM01285,R406,Payments,Remote Deposit Capture,59,0.2,0.0,11.8,0.45
PM01286,R008,Payments,Lockbox,941,0.65,0.0,611.65,0.28
PM01287,R005,Payments,Commercial Card,0,0.0,799700.0,9996.25,0.0
PM01288,R320,Payments,RTP / Instant,824,0.45,0.0,370.8,0.0
PM01289,R075,Payments,Commercial Card,0,0.0,111400.0,1392.5,0.0
PM01290,R409,Payments,Remote Deposit Capture,144,0.2,0.0,28.8,0.06
PM01291,R021,Payments,Commercial Card,0,0.0,705300.0,8816.25,0.0
PM01292,R006,Payments,Wire Transfer,189,18.0,0.0,3402.0,0.2
PM01293,R214,Payments,RTP / Instant,210,0.45,0.0,94.5,0.28
PM01294,R008,Payments,Remote Deposit Capture,1132,0.2,0.0,226.4,0.03
PM01295,R305,Payments,Account Reconciliation,379,0.05,0.0,18.95,0.37
PM01296,R332,Payments,Account Reconciliation,160,0.05,0.0,8.0,0.05
PM01297,R226,Payments,ACH Origination,3341,0.12,0.0,400.92,0.31
PM01298,R393,Payments,Lockbox,77,0.65,0.0,50.05,0.31
PM01299,R399,Payments,Positive Pay,1608,0.08,0.0,128.64,0.26
PM01300,R387,Payments,Account Reconciliation,453,0.05,0.0,22.65,0.08
PM01301,R002,Payments,ACH Origination,27310,0.12,0.0,3277.2,0.28
PM01302,R008,Payments,Account Reconciliation,5732,0.05,0.0,286.6,0.42
PM01303,R172,Payments,Positive Pay,3612,0.08,0.0,288.96,0.36
PM01304,R308,Payments,Positive Pay,439,0.08,0.0,35.12,0.06
PM01305,R010,Payments,Account Reconciliation,13947,0.05,0.0,697.35,0.15
PM01306,R002,Payments,Account Reconciliation,5871,0.05,0.0,293.55,0.36
PM01307,R110,Payments,Commercial Card,0,0.0,517400.0,6467.5,0.0
PM01308,R075,Payments,Positive Pay,443,0.08,0.0,35.44,0.32
PM01309,R003,Payments,Remote Deposit Capture,1717,0.2,0.0,343.4,0.41
PM01310,R043,Payments,Account Reconciliation,712,0.05,0.0,35.6,0.13
PM01311,R003,Payments,RTP / Instant,412,0.45,0.0,185.4,0.04
PM01312,R441,Payments,Account Reconciliation,349,0.05,0.0,17.45,0.21
PM01313,R068,Payments,Positive Pay,111,0.08,0.0,8.88,0.14
PM01314,R001,Payments,Remote Deposit Capture,1296,0.2,0.0,259.2,0.23
PM01315,R142,Payments,RTP / Instant,189,0.45,0.0,85.05,0.14
PM01316,R088,Payments,Account Reconciliation,273,0.05,0.0,13.65,0.23
PM01317,R004,Payments,RTP / Instant,2256,0.45,0.0,1015.2,0.07
PM01318,R220,Payments,Remote Deposit Capture,220,0.2,0.0,44.0,0.08
PM01319,R015,Payments,Wire Transfer,8,18.0,0.0,144.0,0.17
PM01320,R002,Payments,Wire Transfer,141,18.0,0.0,2538.0,0.04
PM01321,R441,Payments,Remote Deposit Capture,84,0.2,0.0,16.8,0.44
PM01322,R368,Payments,RTP / Instant,290,0.45,0.0,130.5,0.15
PM01323,R097,Payments,Positive Pay,1210,0.08,0.0,96.8,0.09
PM01324,R008,Payments,Lockbox,2576,0.65,0.0,1674.4,0.32
PM01325,R152,Payments,Account Reconciliation,199,0.05,0.0,9.95,0.19
PM01326,R248,Payments,Wire Transfer,57,18.0,0.0,1026.0,0.43
PM01327,R385,Payments,RTP / Instant,214,0.45,0.0,96.3,0.02
PM01328,R476,Payments,Remote Deposit Capture,86,0.2,0.0,17.2,0.22
PM01329,R453,Payments,Remote Deposit Capture,355,0.2,0.0,71.0,0.11
PM01330,R006,Payments,Wire Transfer,812,18.0,0.0,14616.0,0.32
PM01331,R242,Payments,Lockbox,693,0.65,0.0,450.45,0.25
PM01332,R347,Payments,Lockbox,242,0.65,0.0,157.3,0.11
PM01333,R490,Payments,Positive Pay,1851,0.08,0.0,148.08,0.24
PM01334,R106,Payments,Positive Pay,1107,0.08,0.0,88.56,0.35
PM01335,R016,Payments,ACH Origination,4749,0.12,0.0,569.88,0.44
PM01336,R377,Payments,Account Reconciliation,121,0.05,0.0,6.05,0.1
PM01337,R442,Payments,Wire Transfer,59,18.0,0.0,1062.0,0.02
PM01338,R003,Payments,RTP / Instant,439,0.45,0.0,197.55,0.25
PM01339,R278,Payments,Account Reconciliation,2299,0.05,0.0,114.95,0.14
PM01340,R394,Payments,Remote Deposit Capture,618,0.2,0.0,123.6,0.34
PM01341,R174,Payments,Remote Deposit Capture,1335,0.2,0.0,267.0,0.35
PM01342,R001,Payments,RTP / Instant,1845,0.45,0.0,830.25,0.09
PM01343,R378,Payments,Commercial Card,0,0.0,235400.0,2942.5,0.0
PM01344,R377,Payments,Wire Transfer,35,18.0,0.0,630.0,0.01
PM01345,R050,Payments,Lockbox,464,0.65,0.0,301.6,0.33
PM01346,R459,Payments,RTP / Instant,183,0.45,0.0,82.35,0.25
PM01347,R324,Payments,Wire Transfer,5,18.0,0.0,90.0,0.44
PM01348,R361,Payments,Remote Deposit Capture,111,0.2,0.0,22.2,0.15
PM01349,R229,Payments,Remote Deposit Capture,111,0.2,0.0,22.2,0.3
PM01350,R039,Payments,Wire Transfer,134,18.0,0.0,2412.0,0.26
PM01351,R382,Payments,RTP / Instant,121,0.45,0.0,54.45,0.25
PM01352,R160,Payments,ACH Origination,3390,0.12,0.0,406.8,0.19
PM01353,R003,Payments,Account Reconciliation,2165,0.05,0.0,108.25,0.17
PM01354,R411,Payments,RTP / Instant,136,0.45,0.0,61.2,0.1
PM01355,R267,Payments,Positive Pay,296,0.08,0.0,23.68,0.31
PM01356,R138,Payments,Positive Pay,1200,0.08,0.0,96.0,0.32
PM01357,R052,Payments,Wire Transfer,18,18.0,0.0,324.0,0.3
PM01358,R134,Payments,RTP / Instant,120,0.45,0.0,54.0,0.44
PM01359,R004,Payments,ACH Origination,7794,0.12,0.0,935.28,0.15
PM01360,R082,Payments,Wire Transfer,24,18.0,0.0,432.0,0.07
PM01361,R217,Payments,Account Reconciliation,875,0.05,0.0,43.75,0.03
PM01362,R179,Payments,RTP / Instant,798,0.45,0.0,359.1,0.06
PM01363,R371,Payments,Lockbox,103,0.65,0.0,66.95,0.12
PM01364,R391,Payments,Commercial Card,0,0.0,2040300.0,25503.75,0.0
PM01365,R228,Payments,Remote Deposit Capture,96,0.2,0.0,19.2,0.42
PM01366,R006,Payments,Lockbox,2676,0.65,0.0,1739.4,0.15
PM01367,R311,Payments,Account Reconciliation,127,0.05,0.0,6.35,0.42
PM01368,R019,Payments,Positive Pay,1973,0.08,0.0,157.84,0.17
PM01369,R140,Payments,ACH Origination,10499,0.12,0.0,1259.88,0.24
PM01370,R357,Payments,Remote Deposit Capture,91,0.2,0.0,18.2,0.27
PM01371,R003,Payments,RTP / Instant,525,0.45,0.0,236.25,0.18
PM01372,R013,Payments,Commercial Card,0,0.0,71800.0,897.5,0.0
PM01373,R148,Payments,Account Reconciliation,541,0.05,0.0,27.05,0.3
PM01374,R030,Payments,Account Reconciliation,149,0.05,0.0,7.45,0.41
PM01375,R025,Payments,Positive Pay,598,0.08,0.0,47.84,0.34
PM01376,R343,Payments,RTP / Instant,67,0.45,0.0,30.15,0.2
PM01377,R468,Payments,Commercial Card,0,0.0,55100.0,688.75,0.0
PM01378,R027,Payments,Positive Pay,591,0.08,0.0,47.28,0.28
PM01379,R465,Payments,Commercial Card,0,0.0,134000.0,1675.0,0.0
PM01380,R053,Payments,RTP / Instant,189,0.45,0.0,85.05,0.4
PM01381,R081,Payments,Commercial Card,0,0.0,396900.0,4961.25,0.0
PM01382,R090,Payments,Lockbox,594,0.65,0.0,386.1,0.2
PM01383,R025,Payments,Remote Deposit Capture,145,0.2,0.0,29.0,0.3
PM01384,R317,Payments,ACH Origination,992,0.12,0.0,119.04,0.2
PM01385,R004,Payments,Commercial Card,0,0.0,1277200.0,15965.0,0.0
PM01386,R329,Payments,Positive Pay,2618,0.08,0.0,209.44,0.23
PM01387,R325,Payments,Positive Pay,1689,0.08,0.0,135.12,0.42
PM01388,R459,Payments,Positive Pay,909,0.08,0.0,72.72,0.23
PM01389,R003,Payments,Wire Transfer,96,18.0,0.0,1728.0,0.45
PM01390,R159,Payments,Positive Pay,239,0.08,0.0,19.12,0.37
PM01391,R432,Payments,Lockbox,163,0.65,0.0,105.95,0.22
PM01392,R382,Payments,Wire Transfer,102,18.0,0.0,1836.0,0.15
PM01393,R375,Payments,Remote Deposit Capture,542,0.2,0.0,108.4,0.29
PM01394,R122,Payments,Wire Transfer,6,18.0,0.0,108.0,0.43
PM01395,R319,Payments,Lockbox,1168,0.65,0.0,759.2,0.19
PM01396,R411,Payments,RTP / Instant,55,0.45,0.0,24.75,0.1
PM01397,R295,Payments,Lockbox,329,0.65,0.0,213.85,0.06
PM01398,R128,Payments,Positive Pay,544,0.08,0.0,43.52,0.23
PM01399,R129,Payments,Commercial Card,0,0.0,187900.0,2348.75,0.0
PM01400,R009,Payments,RTP / Instant,1288,0.45,0.0,579.6,0.23
PM01401,R153,Payments,RTP / Instant,106,0.45,0.0,47.7,0.22
PM01402,R054,Payments,Commercial Card,0,0.0,409200.0,5115.0,0.0
PM01403,R074,Payments,Commercial Card,0,0.0,88600.0,1107.5,0.0
PM01404,R056,Payments,Positive Pay,2518,0.08,0.0,201.44,0.21
PM01405,R318,Payments,Positive Pay,897,0.08,0.0,71.76,0.19
PM01406,R483,Payments,ACH Origination,1268,0.12,0.0,152.16,0.24
PM01407,R371,Payments,Positive Pay,694,0.08,0.0,55.52,0.2
PM01408,R235,Payments,Wire Transfer,16,18.0,0.0,288.0,0.29
PM01409,R094,Payments,ACH Origination,2091,0.12,0.0,250.92,0.32
PM01410,R383,Payments,Positive Pay,275,0.08,0.0,22.0,0.18
PM01411,R489,Payments,Positive Pay,103,0.08,0.0,8.24,0.33
PM01412,R106,Payments,Positive Pay,1402,0.08,0.0,112.16,0.41
PM01413,R294,Payments,Commercial Card,0,0.0,471800.0,5897.5,0.0
PM01414,R171,Payments,RTP / Instant,181,0.45,0.0,81.45,0.35
PM01415,R397,Payments,RTP / Instant,225,0.45,0.0,101.25,0.33
PM01416,R205,Payments,Wire Transfer,14,18.0,0.0,252.0,0.18
PM01417,R493,Payments,ACH Origination,4274,0.12,0.0,512.88,0.43
PM01418,R053,Payments,Remote Deposit Capture,468,0.2,0.0,93.6,0.09
PM01419,R416,Payments,RTP / Instant,566,0.45,0.0,254.7,0.13
PM01420,R157,Payments,Lockbox,372,0.65,0.0,241.8,0.09
PM01421,R321,Payments,Remote Deposit Capture,76,0.2,0.0,15.2,0.22
PM01422,R010,Payments,Wire Transfer,186,18.0,0.0,3348.0,0.34
PM01423,R070,Payments,Wire Transfer,160,18.0,0.0,2880.0,0.12
PM01424,R427,Payments,Commercial Card,0,0.0,112400.0,1405.0,0.0
PM01425,R409,Payments,RTP / Instant,190,0.45,0.0,85.5,0.3
PM01426,R218,Payments,RTP / Instant,976,0.45,0.0,439.2,0.42
PM01427,R001,Payments,Account Reconciliation,531,0.05,0.0,26.55,0.27
PM01428,R006,Payments,RTP / Instant,1648,0.45,0.0,741.6,0.26
PM01429,R008,Payments,ACH Origination,31542,0.12,0.0,3785.04,0.43
PM01430,R445,Payments,Account Reconciliation,577,0.05,0.0,28.85,0.43
PM01431,R344,Payments,Remote Deposit Capture,755,0.2,0.0,151.0,0.31
PM01432,R366,Payments,Remote Deposit Capture,362,0.2,0.0,72.4,0.05
PM01433,R109,Payments,ACH Origination,451,0.12,0.0,54.12,0.05
PM01434,R004,Payments,Lockbox,2892,0.65,0.0,1879.8,0.02
PM01435,R246,Payments,Remote Deposit Capture,361,0.2,0.0,72.2,0.07
PM01436,R002,Payments,Commercial Card,0,0.0,1533400.0,19167.5,0.0
PM01437,R412,Payments,RTP / Instant,190,0.45,0.0,85.5,0.2
PM01438,R002,Payments,RTP / Instant,519,0.45,0.0,233.55,0.31
PM01439,R288,Payments,RTP / Instant,208,0.45,0.0,93.6,0.4
PM01440,R227,Payments,Commercial Card,0,0.0,602900.0,7536.25,0.0
PM01441,R120,Payments,Commercial Card,0,0.0,1536300.0,19203.75,0.0
PM01442,R001,Payments,Commercial Card,0,0.0,2295500.0,28693.75,0.0
PM01443,R348,Payments,RTP / Instant,355,0.45,0.0,159.75,0.31
PM01444,R004,Payments,Commercial Card,0,0.0,1440700.0,18008.75,0.0
PM01445,R006,Payments,Lockbox,1236,0.65,0.0,803.4,0.42
PM01446,R036,Payments,ACH Origination,890,0.12,0.0,106.8,0.21
PM01447,R119,Payments,Account Reconciliation,190,0.05,0.0,9.5,0.23
PM01448,R101,Payments,ACH Origination,3920,0.12,0.0,470.4,0.23
PM01449,R006,Payments,ACH Origination,7600,0.12,0.0,912.0,0.21
PM01450,R001,Payments,Commercial Card,0,0.0,1019000.0,12737.5,0.0
PM01451,R249,Payments,ACH Origination,839,0.12,0.0,100.68,0.04
PM01452,R046,Payments,Positive Pay,1053,0.08,0.0,84.24,0.16
PM01453,R287,Payments,RTP / Instant,93,0.45,0.0,41.85,0.41
PM01454,R121,Payments,Remote Deposit Capture,70,0.2,0.0,14.0,0.35
PM01455,R008,Payments,RTP / Instant,794,0.45,0.0,357.3,0.13
PM01456,R003,Payments,ACH Origination,18490,0.12,0.0,2218.8,0.3
PM01457,R325,Payments,Wire Transfer,26,18.0,0.0,468.0,0.0
PM01458,R490,Payments,Remote Deposit Capture,156,0.2,0.0,31.2,0.24
PM01459,R143,Payments,Remote Deposit Capture,107,0.2,0.0,21.4,0.41
PM01460,R479,Payments,Wire Transfer,7,18.0,0.0,126.0,0.28
PM01461,R327,Payments,RTP / Instant,925,0.45,0.0,416.25,0.41
PM01462,R454,Payments,ACH Origination,2712,0.12,0.0,325.44,0.03
PM01463,R420,Payments,Account Reconciliation,340,0.05,0.0,17.0,0.24
PM01464,R497,Payments,Remote Deposit Capture,499,0.2,0.0,99.8,0.31
PM01465,R154,Payments,Commercial Card,0,0.0,302700.0,3783.75,0.0
PM01466,R003,Payments,Positive Pay,2502,0.08,0.0,200.16,0.39
PM01467,R212,Payments,RTP / Instant,78,0.45,0.0,35.1,0.12
PM01468,R065,Payments,RTP / Instant,209,0.45,0.0,94.05,0.39
PM01469,R415,Payments,Commercial Card,0,0.0,157100.0,1963.75,0.0
PM01470,R240,Payments,Positive Pay,1989,0.08,0.0,159.12,0.44
PM01471,R128,Payments,Lockbox,487,0.65,0.0,316.55,0.4
PM01472,R319,Payments,Lockbox,84,0.65,0.0,54.6,0.39
PM01473,R167,Payments,Commercial Card,0,0.0,103300.0,1291.25,0.0
PM01474,R291,Payments,Remote Deposit Capture,959,0.2,0.0,191.8,0.18
PM01475,R070,Payments,ACH Origination,12868,0.12,0.0,1544.16,0.21
PM01476,R030,Payments,Account Reconciliation,574,0.05,0.0,28.7,0.26
PM01477,R008,Payments,Lockbox,2923,0.65,0.0,1899.95,0.12
PM01478,R161,Payments,Commercial Card,0,0.0,176300.0,2203.75,0.0
PM01479,R333,Payments,Account Reconciliation,3281,0.05,0.0,164.05,0.22
PM01480,R115,Payments,RTP / Instant,73,0.45,0.0,32.85,0.24
PM01481,R001,Payments,Wire Transfer,44,18.0,0.0,792.0,0.36
PM01482,R001,Payments,ACH Origination,21530,0.12,0.0,2583.6,0.34
PM01483,R421,Payments,Remote Deposit Capture,80,0.2,0.0,16.0,0.28
PM01484,R005,Payments,Account Reconciliation,1105,0.05,0.0,55.25,0.29
PM01485,R236,Payments,Commercial Card,0,0.0,164000.0,2050.0,0.0
PM01486,R002,Payments,ACH Origination,3417,0.12,0.0,410.04,0.03
PM01487,R004,Payments,Remote Deposit Capture,1386,0.2,0.0,277.2,0.26
PM01488,R370,Payments,ACH Origination,1079,0.12,0.0,129.48,0.03
PM01489,R247,Payments,RTP / Instant,1114,0.45,0.0,501.3,0.05
PM01490,R375,Payments,Positive Pay,2241,0.08,0.0,179.28,0.21
PM01491,R001,Payments,ACH Origination,26055,0.12,0.0,3126.6,0.18
PM01492,R479,Payments,Account Reconciliation,154,0.05,0.0,7.7,0.33
PM01493,R201,Payments,Remote Deposit Capture,111,0.2,0.0,22.2,0.37
PM01494,R232,Payments,Lockbox,155,0.65,0.0,100.75,0.36
PM01495,R078,Payments,ACH Origination,2263,0.12,0.0,271.56,0.26
PM01496,R443,Payments,Positive Pay,570,0.08,0.0,45.6,0.0
PM01497,R135,Payments,Account Reconciliation,736,0.05,0.0,36.8,0.01
PM01498,R459,Payments,Remote Deposit Capture,532,0.2,0.0,106.4,0.09
PM01499,R090,Payments,RTP / Instant,174,0.45,0.0,78.3,0.12
PM01500,R183,Payments,RTP / Instant,503,0.45,0.0,226.35,0.21
PM01501,R127,Payments,ACH Origination,4989,0.12,0.0,598.68,0.17
PM01502,R336,Payments,ACH Origination,3589,0.12,0.0,430.68,0.07
PM01503,R053,Payments,Commercial Card,0,0.0,658300.0,8228.75,0.0
PM01504,R338,Payments,Wire Transfer,31,18.0,0.0,558.0,0.01
PM01505,R434,Payments,RTP / Instant,160,0.45,0.0,72.0,0.03
PM01506,R146,Payments,Lockbox,537,0.65,0.0,349.05,0.0
PM01507,R450,Payments,ACH Origination,1282,0.12,0.0,153.84,0.01
PM01508,R140,Payments,Account Reconciliation,1498,0.05,0.0,74.9,0.2
PM01509,R499,Payments,Positive Pay,556,0.08,0.0,44.48,0.3
PM01510,R315,Payments,Lockbox,581,0.65,0.0,377.65,0.19
PM01511,R243,Payments,Wire Transfer,110,18.0,0.0,1980.0,0.12
PM01512,R342,Payments,Positive Pay,586,0.08,0.0,46.88,0.28
PM01513,R002,Payments,Commercial Card,0,0.0,2445100.0,30563.75,0.0
PM01514,R350,Payments,Positive Pay,382,0.08,0.0,30.56,0.32
PM01515,R006,Payments,Account Reconciliation,2211,0.05,0.0,110.55,0.13
PM01516,R008,Payments,Lockbox,1024,0.65,0.0,665.6,0.43
PM01517,R216,Payments,ACH Origination,3745,0.12,0.0,449.4,0.08
PM01518,R111,Payments,Wire Transfer,17,18.0,0.0,306.0,0.43
PM01519,R022,Payments,Account Reconciliation,402,0.05,0.0,20.1,0.28
PM01520,R006,Payments,ACH Origination,6165,0.12,0.0,739.8,0.12
PM01521,R317,Payments,Lockbox,149,0.65,0.0,96.85,0.09
PM01522,R010,Payments,Wire Transfer,105,18.0,0.0,1890.0,0.1
PM01523,R164,Payments,Account Reconciliation,578,0.05,0.0,28.9,0.29
PM01524,R009,Payments,RTP / Instant,672,0.45,0.0,302.4,0.43
PM01525,R029,Payments,Account Reconciliation,618,0.05,0.0,30.9,0.39
PM01526,R008,Payments,Wire Transfer,355,18.0,0.0,6390.0,0.44
PM01527,R006,Payments,Positive Pay,3631,0.08,0.0,290.48,0.14
PM01528,R254,Payments,Wire Transfer,10,18.0,0.0,180.0,0.17
PM01529,R107,Payments,Lockbox,189,0.65,0.0,122.85,0.34
PM01530,R147,Payments,Positive Pay,1726,0.08,0.0,138.08,0.11
PM01531,R443,Payments,Wire Transfer,27,18.0,0.0,486.0,0.15
PM01532,R158,Payments,Lockbox,151,0.65,0.0,98.15,0.13
PM01533,R021,Payments,Commercial Card,0,0.0,93800.0,1172.5,0.0
PM01534,R235,Payments,RTP / Instant,673,0.45,0.0,302.85,0.35
PM01535,R002,Payments,ACH Origination,4968,0.12,0.0,596.16,0.0
PM01536,R425,Payments,Wire Transfer,31,18.0,0.0,558.0,0.01
PM01537,R003,Payments,Lockbox,4718,0.65,0.0,3066.7,0.0
PM01538,R397,Payments,Wire Transfer,41,18.0,0.0,738.0,0.29
PM01539,R242,Payments,Account Reconciliation,448,0.05,0.0,22.4,0.16
PM01540,R360,Payments,Commercial Card,0,0.0,62000.0,775.0,0.0
PM01541,R051,Payments,Positive Pay,552,0.08,0.0,44.16,0.21
PM01542,R335,Payments,Lockbox,449,0.65,0.0,291.85,0.09
PM01543,R377,Payments,Account Reconciliation,358,0.05,0.0,17.9,0.36
PM01544,R361,Payments,Commercial Card,0,0.0,2644600.0,33057.5,0.0
PM01545,R008,Payments,Commercial Card,0,0.0,1443700.0,18046.25,0.0
PM01546,R241,Payments,Lockbox,354,0.65,0.0,230.1,0.33
PM01547,R100,Payments,ACH Origination,2421,0.12,0.0,290.52,0.11
PM01548,R278,Payments,ACH Origination,2508,0.12,0.0,300.96,0.32
PM01549,R072,Payments,Commercial Card,0,0.0,1143800.0,14297.5,0.0
PM01550,R496,Payments,Account Reconciliation,1281,0.05,0.0,64.05,0.24
PM01551,R047,Payments,ACH Origination,1480,0.12,0.0,177.6,0.32
PM01552,R004,Payments,ACH Origination,20954,0.12,0.0,2514.48,0.07
PM01553,R280,Payments,Wire Transfer,18,18.0,0.0,324.0,0.3
PM01554,R237,Payments,RTP / Instant,125,0.45,0.0,56.25,0.06
PM01555,R035,Payments,Wire Transfer,17,18.0,0.0,306.0,0.03
PM01556,R268,Payments,Positive Pay,249,0.08,0.0,19.92,0.16
PM01557,R010,Payments,Remote Deposit Capture,277,0.2,0.0,55.4,0.1
PM01558,R044,Payments,Commercial Card,0,0.0,2154400.0,26930.0,0.0
PM01559,R252,Payments,RTP / Instant,56,0.45,0.0,25.2,0.12
PM01560,R002,Payments,Lockbox,1610,0.65,0.0,1046.5,0.34
PM01561,R241,Payments,Remote Deposit Capture,39,0.2,0.0,7.8,0.39
PM01562,R306,Payments,Account Reconciliation,236,0.05,0.0,11.8,0.42
PM01563,R234,Payments,Wire Transfer,63,18.0,0.0,1134.0,0.43
PM01564,R494,Payments,Lockbox,189,0.65,0.0,122.85,0.28
PM01565,R485,Payments,ACH Origination,1525,0.12,0.0,183.0,0.31
PM01566,R026,Payments,Account Reconciliation,998,0.05,0.0,49.9,0.14
PM01567,R292,Payments,Commercial Card,0,0.0,215600.0,2695.0,0.0
PM01568,R435,Payments,Wire Transfer,11,18.0,0.0,198.0,0.16
PM01569,R126,Payments,Commercial Card,0,0.0,230500.0,2881.25,0.0
PM01570,R291,Payments,Lockbox,410,0.65,0.0,266.5,0.35
PM01571,R455,Payments,Account Reconciliation,347,0.05,0.0,17.35,0.44
PM01572,R432,Payments,ACH Origination,10054,0.12,0.0,1206.48,0.01
PM01573,R392,Payments,Lockbox,323,0.65,0.0,209.95,0.11
PM01574,R142,Payments,Positive Pay,1663,0.08,0.0,133.04,0.21
PM01575,R001,Payments,ACH Origination,7194,0.12,0.0,863.28,0.36
PM01576,R038,Payments,Lockbox,231,0.65,0.0,150.15,0.33
PM01577,R462,Payments,Commercial Card,0,0.0,214200.0,2677.5,0.0
PM01578,R407,Payments,Commercial Card,0,0.0,327800.0,4097.5,0.0
PM01579,R002,Payments,ACH Origination,2518,0.12,0.0,302.16,0.19
PM01580,R034,Payments,Commercial Card,0,0.0,1259900.0,15748.75,0.0
PM01581,R050,Payments,Commercial Card,0,0.0,380700.0,4758.75,0.0
PM01582,R112,Payments,Lockbox,78,0.65,0.0,50.7,0.41
PM01583,R007,Payments,Account Reconciliation,1849,0.05,0.0,92.45,0.35
PM01584,R073,Payments,Positive Pay,392,0.08,0.0,31.36,0.34
PM01585,R012,Payments,Remote Deposit Capture,777,0.2,0.0,155.4,0.23
PM01586,R216,Payments,Commercial Card,0,0.0,260700.0,3258.75,0.0
PM01587,R165,Payments,Remote Deposit Capture,50,0.2,0.0,10.0,0.23
PM01588,R004,Payments,Account Reconciliation,542,0.05,0.0,27.1,0.23
PM01589,R146,Payments,RTP / Instant,64,0.45,0.0,28.8,0.09
PM01590,R313,Payments,ACH Origination,2324,0.12,0.0,278.88,0.15
PM01591,R001,Payments,Commercial Card,0,0.0,851900.0,10648.75,0.0
PM01592,R104,Payments,Positive Pay,460,0.08,0.0,36.8,0.32
PM01593,R143,Payments,Remote Deposit Capture,85,0.2,0.0,17.0,0.19
PM01594,R003,Payments,Remote Deposit Capture,673,0.2,0.0,134.6,0.11
PM01595,R379,Payments,ACH Origination,1825,0.12,0.0,219.0,0.36
PM01596,R008,Payments,RTP / Instant,1869,0.45,0.0,841.05,0.4
PM01597,R126,Payments,Positive Pay,1472,0.08,0.0,117.76,0.0
PM01598,R013,Payments,Commercial Card,0,0.0,169900.0,2123.75,0.0
PM01599,R029,Payments,Lockbox,345,0.65,0.0,224.25,0.01
PM01600,R190,Payments,RTP / Instant,344,0.45,0.0,154.8,0.32
PM01601,R200,Payments,Lockbox,490,0.65,0.0,318.5,0.39
PM01602,R064,Payments,Account Reconciliation,349,0.05,0.0,17.45,0.11
PM01603,R155,Payments,Remote Deposit Capture,72,0.2,0.0,14.4,0.42
PM01604,R185,Payments,Commercial Card,0,0.0,1375100.0,17188.75,0.0
PM01605,R233,Payments,Wire Transfer,9,18.0,0.0,162.0,0.44
PM01606,R002,Payments,Remote Deposit Capture,2729,0.2,0.0,545.8,0.09
PM01607,R001,Payments,Positive Pay,8405,0.08,0.0,672.4,0.06
PM01608,R078,Payments,Commercial Card,0,0.0,303200.0,3790.0,0.0
PM01609,R008,Payments,Commercial Card,0,0.0,3456600.0,43207.5,0.0
PM01610,R238,Payments,Lockbox,2550,0.65,0.0,1657.5,0.37
PM01611,R001,Payments,Positive Pay,5364,0.08,0.0,429.12,0.19
PM01612,R289,Payments,Positive Pay,494,0.08,0.0,39.52,0.0
PM01613,R453,Payments,Wire Transfer,40,18.0,0.0,720.0,0.22
PM01614,R239,Payments,Account Reconciliation,483,0.05,0.0,24.15,0.3
PM01615,R193,Payments,RTP / Instant,372,0.45,0.0,167.4,0.14
PM01616,R180,Payments,Commercial Card,0,0.0,168700.0,2108.75,0.0
PM01617,R300,Payments,ACH Origination,1975,0.12,0.0,237.0,0.27
PM01618,R027,Payments,ACH Origination,1081,0.12,0.0,129.72,0.32
PM01619,R250,Payments,RTP / Instant,83,0.45,0.0,37.35,0.11
PM01620,R460,Payments,RTP / Instant,278,0.45,0.0,125.1,0.12
PM01621,R184,Payments,ACH Origination,3609,0.12,0.0,433.08,0.31
PM01622,R187,Payments,Commercial Card,0,0.0,99100.0,1238.75,0.0
PM01623,R327,Payments,ACH Origination,10897,0.12,0.0,1307.64,0.34
PM01624,R023,Payments,ACH Origination,326,0.12,0.0,39.12,0.12
PM01625,R194,Payments,Positive Pay,928,0.08,0.0,74.24,0.34
PM01626,R412,Payments,Commercial Card,0,0.0,86600.0,1082.5,0.0
PM01627,R004,Payments,Commercial Card,0,0.0,1358400.0,16980.0,0.0
PM01628,R001,Payments,Account Reconciliation,1281,0.05,0.0,64.05,0.09
PM01629,R381,Payments,Account Reconciliation,340,0.05,0.0,17.0,0.23
PM01630,R230,Payments,RTP / Instant,92,0.45,0.0,41.4,0.32
PM01631,R323,Payments,Commercial Card,0,0.0,47600.0,595.0,0.0
PM01632,R438,Payments,Wire Transfer,25,18.0,0.0,450.0,0.07
PM01633,R008,Payments,Account Reconciliation,4277,0.05,0.0,213.85,0.41
PM01634,R003,Payments,Account Reconciliation,7408,0.05,0.0,370.4,0.0
PM01635,R173,Payments,Positive Pay,1075,0.08,0.0,86.0,0.33
PM01636,R004,Payments,Lockbox,2681,0.65,0.0,1742.65,0.33
PM01637,R073,Payments,Positive Pay,2535,0.08,0.0,202.8,0.4
PM01638,R462,Payments,Account Reconciliation,350,0.05,0.0,17.5,0.39
PM01639,R337,Payments,Remote Deposit Capture,394,0.2,0.0,78.8,0.07
PM01640,R454,Payments,ACH Origination,2829,0.12,0.0,339.48,0.43
PM01641,R196,Payments,Positive Pay,1809,0.08,0.0,144.72,0.07
PM01642,R028,Payments,Wire Transfer,61,18.0,0.0,1098.0,0.25
PM01643,R006,Payments,ACH Origination,5312,0.12,0.0,637.44,0.07
PM01644,R137,Payments,ACH Origination,3574,0.12,0.0,428.88,0.17
PM01645,R007,Payments,ACH Origination,11403,0.12,0.0,1368.36,0.36
PM01646,R081,Payments,Lockbox,813,0.65,0.0,528.45,0.42
PM01647,R009,Payments,Account Reconciliation,8284,0.05,0.0,414.2,0.14
PM01648,R278,Payments,Remote Deposit Capture,422,0.2,0.0,84.4,0.2
PM01649,R094,Payments,Account Reconciliation,338,0.05,0.0,16.9,0.36
PM01650,R002,Payments,Commercial Card,0,0.0,958400.0,11980.0,0.0
PM01651,R065,Payments,Positive Pay,268,0.08,0.0,21.44,0.4
PM01652,R001,Payments,ACH Origination,9413,0.12,0.0,1129.56,0.15
PM01653,R010,Payments,Account Reconciliation,2466,0.05,0.0,123.3,0.08
PM01654,R003,Payments,ACH Origination,13161,0.12,0.0,1579.32,0.25
PM01655,R002,Payments,Account Reconciliation,7196,0.05,0.0,359.8,0.21
PM01656,R386,Payments,Commercial Card,0,0.0,610600.0,7632.5,0.0
PM01657,R278,Payments,RTP / Instant,241,0.45,0.0,108.45,0.04
PM01658,R348,Payments,ACH Origination,1450,0.12,0.0,174.0,0.02
PM01659,R010,Payments,Remote Deposit Capture,2689,0.2,0.0,537.8,0.08
PM01660,R346,Payments,Wire Transfer,5,18.0,0.0,90.0,0.3
PM01661,R177,Payments,Positive Pay,1388,0.08,0.0,111.04,0.15
PM01662,R002,Payments,Commercial Card,0,0.0,6273500.0,78418.75,0.0
PM01663,R329,Payments,Lockbox,3311,0.65,0.0,2152.15,0.4
PM01664,R030,Payments,Wire Transfer,28,18.0,0.0,504.0,0.34
PM01665,R469,Payments,Lockbox,141,0.65,0.0,91.65,0.4
PM01666,R159,Payments,Lockbox,195,0.65,0.0,126.75,0.05
PM01667,R297,Payments,Lockbox,112,0.65,0.0,72.8,0.14
PM01668,R409,Payments,Lockbox,804,0.65,0.0,522.6,0.28
PM01669,R176,Payments,ACH Origination,296,0.12,0.0,35.52,0.04
PM01670,R432,Payments,RTP / Instant,457,0.45,0.0,205.65,0.45
PM01671,R415,Payments,RTP / Instant,115,0.45,0.0,51.75,0.45
PM01672,R217,Payments,RTP / Instant,59,0.45,0.0,26.55,0.23
PM01673,R486,Payments,ACH Origination,1237,0.12,0.0,148.44,0.45
PM01674,R120,Payments,Lockbox,193,0.65,0.0,125.45,0.42
PM01675,R004,Payments,Remote Deposit Capture,3027,0.2,0.0,605.4,0.27
PM01676,R423,Payments,Wire Transfer,17,18.0,0.0,306.0,0.04
PM01677,R352,Payments,Commercial Card,0,0.0,63400.0,792.5,0.0
PM01678,R003,Payments,Remote Deposit Capture,718,0.2,0.0,143.6,0.13
PM01679,R003,Payments,Remote Deposit Capture,2585,0.2,0.0,517.0,0.37
PM01680,R161,Payments,RTP / Instant,124,0.45,0.0,55.8,0.24
PM01681,R360,Payments,Wire Transfer,35,18.0,0.0,630.0,0.37
PM01682,R091,Payments,Commercial Card,0,0.0,59300.0,741.25,0.0
PM01683,R328,Payments,RTP / Instant,355,0.45,0.0,159.75,0.37
PM01684,R002,Payments,RTP / Instant,2031,0.45,0.0,913.95,0.12
PM01685,R450,Payments,Commercial Card,0,0.0,17300.0,216.25,0.0
PM01686,R438,Payments,RTP / Instant,55,0.45,0.0,24.75,0.03
PM01687,R008,Payments,Positive Pay,4153,0.08,0.0,332.24,0.31
PM01688,R407,Payments,Lockbox,81,0.65,0.0,52.65,0.22
PM01689,R176,Payments,Account Reconciliation,440,0.05,0.0,22.0,0.15
PM01690,R379,Payments,Commercial Card,0,0.0,101100.0,1263.75,0.0
PM01691,R056,Payments,RTP / Instant,1414,0.45,0.0,636.3,0.0
PM01692,R153,Payments,ACH Origination,1232,0.12,0.0,147.84,0.35
PM01693,R007,Payments,Wire Transfer,266,18.0,0.0,4788.0,0.24
PM01694,R155,Payments,Wire Transfer,4,18.0,0.0,72.0,0.19
PM01695,R050,Payments,Account Reconciliation,1098,0.05,0.0,54.9,0.24
PM01696,R426,Payments,Account Reconciliation,537,0.05,0.0,26.85,0.12
PM01697,R004,Payments,ACH Origination,18599,0.12,0.0,2231.88,0.28
PM01698,R364,Payments,RTP / Instant,271,0.45,0.0,121.95,0.1
PM01699,R025,Payments,Wire Transfer,11,18.0,0.0,198.0,0.42
PM01700,R478,Payments,Account Reconciliation,480,0.05,0.0,24.0,0.35
PM01701,R163,Payments,Commercial Card,0,0.0,233900.0,2923.75,0.0
PM01702,R063,Payments,Wire Transfer,17,18.0,0.0,306.0,0.32
PM01703,R446,Payments,Commercial Card,0,0.0,207700.0,2596.25,0.0
PM01704,R013,Payments,Account Reconciliation,163,0.05,0.0,8.15,0.23
PM01705,R429,Payments,ACH Origination,2198,0.12,0.0,263.76,0.32
PM01706,R275,Payments,Positive Pay,2986,0.08,0.0,238.88,0.28
PM01707,R003,Payments,Positive Pay,2813,0.08,0.0,225.04,0.31
PM01708,R381,Payments,Wire Transfer,40,18.0,0.0,720.0,0.24
PM01709,R291,Payments,Remote Deposit Capture,105,0.2,0.0,21.0,0.28
PM01710,R479,Payments,ACH Origination,2838,0.12,0.0,340.56,0.25
PM01711,R264,Payments,Lockbox,201,0.65,0.0,130.65,0.04
PM01712,R400,Payments,Remote Deposit Capture,113,0.2,0.0,22.6,0.26
PM01713,R206,Payments,RTP / Instant,403,0.45,0.0,181.35,0.21
PM01714,R487,Payments,RTP / Instant,44,0.45,0.0,19.8,0.23
PM01715,R004,Payments,Commercial Card,0,0.0,329900.0,4123.75,0.0
PM01716,R166,Payments,Wire Transfer,12,18.0,0.0,216.0,0.41
PM01717,R392,Payments,Positive Pay,907,0.08,0.0,72.56,0.38
PM01718,R008,Payments,Wire Transfer,621,18.0,0.0,11178.0,0.02
PM01719,R322,Payments,ACH Origination,3465,0.12,0.0,415.8,0.4
PM01720,R008,Payments,RTP / Instant,551,0.45,0.0,247.95,0.38
PM01721,R488,Payments,Wire Transfer,29,18.0,0.0,522.0,0.35
PM01722,R003,Payments,Positive Pay,5436,0.08,0.0,434.88,0.42
PM01723,R339,Payments,Lockbox,405,0.65,0.0,263.25,0.3
PM01724,R116,Payments,Lockbox,635,0.65,0.0,412.75,0.06
PM01725,R418,Payments,Remote Deposit Capture,236,0.2,0.0,47.2,0.07
PM01726,R275,Payments,Account Reconciliation,4152,0.05,0.0,207.6,0.03
PM01727,R042,Payments,Lockbox,352,0.65,0.0,228.8,0.19
PM01728,R323,Payments,Wire Transfer,12,18.0,0.0,216.0,0.07
PM01729,R100,Payments,Wire Transfer,5,18.0,0.0,90.0,0.02
PM01730,R034,Payments,Commercial Card,0,0.0,602200.0,7527.5,0.0
PM01731,R067,Payments,Account Reconciliation,359,0.05,0.0,17.95,0.14
PM01732,R375,Payments,Remote Deposit Capture,879,0.2,0.0,175.8,0.09
PM01733,R395,Payments,Remote Deposit Capture,119,0.2,0.0,23.8,0.32
PM01734,R004,Payments,ACH Origination,11584,0.12,0.0,1390.08,0.26
PM01735,R441,Payments,Account Reconciliation,377,0.05,0.0,18.85,0.25
PM01736,R008,Payments,Account Reconciliation,2327,0.05,0.0,116.35,0.16
PM01737,R123,Payments,Wire Transfer,21,18.0,0.0,378.0,0.34
PM01738,R242,Payments,RTP / Instant,142,0.45,0.0,63.9,0.07
PM01739,R006,Payments,Remote Deposit Capture,1471,0.2,0.0,294.2,0.2
PM01740,R311,Payments,Lockbox,170,0.65,0.0,110.5,0.17
PM01741,R013,Payments,Commercial Card,0,0.0,46500.0,581.25,0.0
PM01742,R411,Payments,ACH Origination,2271,0.12,0.0,272.52,0.08
PM01743,R464,Payments,Commercial Card,0,0.0,1439300.0,17991.25,0.0
PM01744,R293,Payments,RTP / Instant,114,0.45,0.0,51.3,0.07
PM01745,R465,Payments,Account Reconciliation,291,0.05,0.0,14.55,0.2
PM01746,R230,Payments,ACH Origination,625,0.12,0.0,75.0,0.27
PM01747,R145,Payments,Remote Deposit Capture,258,0.2,0.0,51.6,0.19
PM01748,R486,Payments,Wire Transfer,28,18.0,0.0,504.0,0.39
PM01749,R432,Payments,Lockbox,1082,0.65,0.0,703.3,0.29
PM01750,R228,Payments,ACH Origination,5606,0.12,0.0,672.72,0.31
PM01751,R480,Payments,ACH Origination,2176,0.12,0.0,261.12,0.4
PM01752,R489,Payments,Remote Deposit Capture,240,0.2,0.0,48.0,0.06
PM01753,R406,Payments,Commercial Card,0,0.0,279900.0,3498.75,0.0
PM01754,R003,Payments,Remote Deposit Capture,1528,0.2,0.0,305.6,0.18
PM01755,R434,Payments,Account Reconciliation,328,0.05,0.0,16.4,0.34
PM01756,R341,Payments,Commercial Card,0,0.0,296100.0,3701.25,0.0
PM01757,R001,Payments,Commercial Card,0,0.0,1509200.0,18865.0,0.0
PM01758,R283,Payments,RTP / Instant,86,0.45,0.0,38.7,0.05
PM01759,R125,Payments,Commercial Card,0,0.0,202000.0,2525.0,0.0
PM01760,R250,Payments,Remote Deposit Capture,298,0.2,0.0,59.6,0.35
PM01761,R288,Payments,Wire Transfer,30,18.0,0.0,540.0,0.12
PM01762,R002,Payments,Remote Deposit Capture,793,0.2,0.0,158.6,0.08
PM01763,R468,Payments,Positive Pay,577,0.08,0.0,46.16,0.06
PM01764,R069,Payments,Account Reconciliation,984,0.05,0.0,49.2,0.05
PM01765,R262,Payments,RTP / Instant,89,0.45,0.0,40.05,0.13
PM01766,R009,Payments,Commercial Card,0,0.0,3676800.0,45960.0,0.0
PM01767,R274,Payments,Positive Pay,968,0.08,0.0,77.44,0.13
PM01768,R498,Payments,RTP / Instant,277,0.45,0.0,124.65,0.38
PM01769,R418,Payments,ACH Origination,964,0.12,0.0,115.68,0.15
PM01770,R493,Payments,Remote Deposit Capture,77,0.2,0.0,15.4,0.32
PM01771,R011,Payments,Commercial Card,0,0.0,44400.0,555.0,0.0
PM01772,R258,Payments,Lockbox,125,0.65,0.0,81.25,0.05
PM01773,R297,Payments,Positive Pay,205,0.08,0.0,16.4,0.11
PM01774,R026,Payments,Commercial Card,0,0.0,1052000.0,13150.0,0.0
PM01775,R108,Payments,ACH Origination,3809,0.12,0.0,457.08,0.3
PM01776,R264,Payments,Wire Transfer,11,18.0,0.0,198.0,0.28
PM01777,R010,Payments,Remote Deposit Capture,641,0.2,0.0,128.2,0.19
PM01778,R008,Payments,ACH Origination,8836,0.12,0.0,1060.32,0.25
PM01779,R454,Payments,ACH Origination,1976,0.12,0.0,237.12,0.42
PM01780,R046,Payments,Remote Deposit Capture,144,0.2,0.0,28.8,0.03
PM01781,R209,Payments,Account Reconciliation,274,0.05,0.0,13.7,0.04
PM01782,R384,Payments,Positive Pay,203,0.08,0.0,16.24,0.22
PM01783,R072,Payments,Remote Deposit Capture,275,0.2,0.0,55.0,0.36
PM01784,R132,Payments,Commercial Card,0,0.0,183200.0,2290.0,0.0
PM01785,R295,Payments,ACH Origination,1919,0.12,0.0,230.28,0.33
PM01786,R215,Payments,ACH Origination,4009,0.12,0.0,481.08,0.1
PM01787,R001,Payments,Remote Deposit Capture,436,0.2,0.0,87.2,0.34
PM01788,R315,Payments,Lockbox,449,0.65,0.0,291.85,0.1
PM01789,R146,Payments,RTP / Instant,154,0.45,0.0,69.3,0.01
PM01790,R045,Payments,RTP / Instant,187,0.45,0.0,84.15,0.07
PM01791,R432,Payments,Account Reconciliation,815,0.05,0.0,40.75,0.44
PM01792,R105,Payments,Account Reconciliation,603,0.05,0.0,30.15,0.32
PM01793,R356,Payments,Positive Pay,1725,0.08,0.0,138.0,0.07
PM01794,R008,Payments,Lockbox,1298,0.65,0.0,843.7,0.14
PM01795,R303,Payments,Positive Pay,266,0.08,0.0,21.28,0.4
PM01796,R368,Payments,Lockbox,742,0.65,0.0,482.3,0.32
PM01797,R010,Payments,RTP / Instant,1022,0.45,0.0,459.9,0.11
PM01798,R071,Payments,Wire Transfer,8,18.0,0.0,144.0,0.44
PM01799,R152,Payments,Lockbox,128,0.65,0.0,83.2,0.26
PM01800,R370,Payments,Lockbox,175,0.65,0.0,113.75,0.25
PM01801,R014,Payments,RTP / Instant,42,0.45,0.0,18.9,0.26
PM01802,R367,Payments,RTP / Instant,73,0.45,0.0,32.85,0.33
PM01803,R392,Payments,Commercial Card,0,0.0,1567700.0,19596.25,0.0
PM01804,R001,Payments,Account Reconciliation,1946,0.05,0.0,97.3,0.01
PM01805,R188,Payments,Account Reconciliation,188,0.05,0.0,9.4,0.29
PM01806,R206,Payments,Account Reconciliation,2106,0.05,0.0,105.3,0.21
PM01807,R330,Payments,Remote Deposit Capture,464,0.2,0.0,92.8,0.37
PM01808,R406,Payments,Lockbox,325,0.65,0.0,211.25,0.42
PM01809,R225,Payments,Remote Deposit Capture,70,0.2,0.0,14.0,0.27
PM01810,R093,Payments,Lockbox,164,0.65,0.0,106.6,0.27
PM01811,R223,Payments,Account Reconciliation,327,0.05,0.0,16.35,0.29
PM01812,R194,Payments,Remote Deposit Capture,142,0.2,0.0,28.4,0.04
PM01813,R496,Payments,Account Reconciliation,4889,0.05,0.0,244.45,0.16
PM01814,R479,Payments,Lockbox,212,0.65,0.0,137.8,0.3
PM01815,R003,Payments,Lockbox,3551,0.65,0.0,2308.15,0.24
PM01816,R466,Payments,Commercial Card,0,0.0,434800.0,5435.0,0.0
PM01817,R332,Payments,Remote Deposit Capture,402,0.2,0.0,80.4,0.05
PM01818,R201,Payments,Wire Transfer,55,18.0,0.0,990.0,0.29
PM01819,R241,Payments,RTP / Instant,270,0.45,0.0,121.5,0.38
PM01820,R121,Payments,Lockbox,218,0.65,0.0,141.7,0.3
PM01821,R010,Payments,Account Reconciliation,2668,0.05,0.0,133.4,0.03
PM01822,R004,Payments,Wire Transfer,246,18.0,0.0,4428.0,0.3
PM01823,R297,Payments,Lockbox,370,0.65,0.0,240.5,0.38
PM01824,R315,Payments,Wire Transfer,70,18.0,0.0,1260.0,0.07
PM01825,R349,Payments,Commercial Card,0,0.0,113500.0,1418.75,0.0
PM01826,R293,Payments,Wire Transfer,12,18.0,0.0,216.0,0.22
PM01827,R135,Payments,ACH Origination,634,0.12,0.0,76.08,0.1
PM01828,R131,Payments,Lockbox,224,0.65,0.0,145.6,0.2
PM01829,R338,Payments,ACH Origination,5220,0.12,0.0,626.4,0.19
PM01830,R357,Payments,RTP / Instant,216,0.45,0.0,97.2,0.26
PM01831,R005,Payments,Remote Deposit Capture,363,0.2,0.0,72.6,0.34
PM01832,R481,Payments,Account Reconciliation,1062,0.05,0.0,53.1,0.04
PM01833,R267,Payments,Commercial Card,0,0.0,125500.0,1568.75,0.0
PM01834,R019,Payments,Lockbox,575,0.65,0.0,373.75,0.29
PM01835,R286,Payments,Account Reconciliation,787,0.05,0.0,39.35,0.06
PM01836,R162,Payments,ACH Origination,3616,0.12,0.0,433.92,0.3
PM01837,R058,Payments,Lockbox,406,0.65,0.0,263.9,0.3
PM01838,R002,Payments,Lockbox,1776,0.65,0.0,1154.4,0.15
PM01839,R008,Payments,ACH Origination,10761,0.12,0.0,1291.32,0.44
PM01840,R108,Payments,ACH Origination,3425,0.12,0.0,411.0,0.21
PM01841,R063,Payments,Lockbox,661,0.65,0.0,429.65,0.43
PM01842,R323,Payments,Wire Transfer,50,18.0,0.0,900.0,0.08
PM01843,R424,Payments,Remote Deposit Capture,170,0.2,0.0,34.0,0.42
PM01844,R488,Payments,Wire Transfer,17,18.0,0.0,306.0,0.26
PM01845,R451,Payments,ACH Origination,2393,0.12,0.0,287.16,0.45
PM01846,R114,Payments,Account Reconciliation,558,0.05,0.0,27.9,0.27
PM01847,R472,Payments,Lockbox,452,0.65,0.0,293.8,0.42
PM01848,R207,Payments,Lockbox,174,0.65,0.0,113.1,0.16
PM01849,R003,Payments,RTP / Instant,8514,0.45,0.0,3831.3,0.28
PM01850,R058,Payments,ACH Origination,1114,0.12,0.0,133.68,0.01
PM01851,R002,Payments,Commercial Card,0,0.0,473000.0,5912.5,0.0
PM01852,R400,Payments,Positive Pay,378,0.08,0.0,30.24,0.17
PM01853,R304,Payments,Lockbox,183,0.65,0.0,118.95,0.37
PM01854,R002,Payments,Wire Transfer,72,18.0,0.0,1296.0,0.22
PM01855,R002,Payments,Wire Transfer,72,18.0,0.0,1296.0,0.24
PM01856,R006,Payments,Commercial Card,0,0.0,2300100.0,28751.25,0.0
PM01857,R316,Payments,ACH Origination,6269,0.12,0.0,752.28,0.4
PM01858,R010,Payments,Remote Deposit Capture,3658,0.2,0.0,731.6,0.42
PM01859,R004,Payments,Positive Pay,4603,0.08,0.0,368.24,0.08
PM01860,R300,Payments,Wire Transfer,18,18.0,0.0,324.0,0.4
PM01861,R477,Payments,Remote Deposit Capture,117,0.2,0.0,23.4,0.19
PM01862,R253,Payments,RTP / Instant,61,0.45,0.0,27.45,0.38
PM01863,R249,Payments,RTP / Instant,183,0.45,0.0,82.35,0.23
PM01864,R074,Payments,Commercial Card,0,0.0,36100.0,451.25,0.0
PM01865,R010,Payments,ACH Origination,4498,0.12,0.0,539.76,0.11
PM01866,R356,Payments,Commercial Card,0,0.0,910400.0,11380.0,0.0
PM01867,R123,Payments,RTP / Instant,81,0.45,0.0,36.45,0.25
PM01868,R207,Payments,Account Reconciliation,415,0.05,0.0,20.75,0.06
PM01869,R045,Payments,Lockbox,258,0.65,0.0,167.7,0.28
PM01870,R410,Payments,Commercial Card,0,0.0,28400.0,355.0,0.0
PM01871,R119,Payments,Lockbox,99,0.65,0.0,64.35,0.09
PM01872,R179,Payments,Wire Transfer,44,18.0,0.0,792.0,0.12
PM01873,R005,Payments,RTP / Instant,606,0.45,0.0,272.7,0.08
PM01874,R316,Payments,Account Reconciliation,177,0.05,0.0,8.85,0.05
PM01875,R003,Payments,Positive Pay,8187,0.08,0.0,654.96,0.34
PM01876,R220,Payments,Wire Transfer,29,18.0,0.0,522.0,0.19
PM01877,R010,Payments,ACH Origination,5324,0.12,0.0,638.88,0.11
PM01878,R298,Payments,ACH Origination,1469,0.12,0.0,176.28,0.14
PM01879,R455,Payments,Account Reconciliation,2102,0.05,0.0,105.1,0.36
PM01880,R004,Payments,Remote Deposit Capture,2710,0.2,0.0,542.0,0.1
PM01881,R372,Payments,Positive Pay,2498,0.08,0.0,199.84,0.34
PM01882,R473,Payments,Positive Pay,968,0.08,0.0,77.44,0.33
PM01883,R362,Payments,Positive Pay,896,0.08,0.0,71.68,0.03
PM01884,R144,Payments,RTP / Instant,330,0.45,0.0,148.5,0.41
PM01885,R208,Payments,Account Reconciliation,154,0.05,0.0,7.7,0.25
PM01886,R010,Payments,RTP / Instant,840,0.45,0.0,378.0,0.38
PM01887,R242,Payments,Commercial Card,0,0.0,121700.0,1521.25,0.0
PM01888,R392,Payments,ACH Origination,9653,0.12,0.0,1158.36,0.31
PM01889,R461,Payments,Positive Pay,625,0.08,0.0,50.0,0.27
PM01890,R061,Payments,Positive Pay,430,0.08,0.0,34.4,0.12
PM01891,R455,Payments,Wire Transfer,165,18.0,0.0,2970.0,0.38
PM01892,R112,Payments,Account Reconciliation,359,0.05,0.0,17.95,0.37
PM01893,R211,Payments,Wire Transfer,77,18.0,0.0,1386.0,0.3
PM01894,R259,Payments,Commercial Card,0,0.0,80500.0,1006.25,0.0
PM01895,R321,Payments,Lockbox,192,0.65,0.0,124.8,0.1
PM01896,R389,Payments,Account Reconciliation,704,0.05,0.0,35.2,0.32
PM01897,R107,Payments,Lockbox,77,0.65,0.0,50.05,0.13
PM01898,R076,Payments,Positive Pay,528,0.08,0.0,42.24,0.42
PM01899,R317,Payments,Commercial Card,0,0.0,81200.0,1015.0,0.0
PM01900,R143,Payments,ACH Origination,4008,0.12,0.0,480.96,0.38
PM01901,R412,Payments,Wire Transfer,32,18.0,0.0,576.0,0.08
PM01902,R081,Payments,Lockbox,1958,0.65,0.0,1272.7,0.14
PM01903,R008,Payments,RTP / Instant,1805,0.45,0.0,812.25,0.34
PM01904,R002,Payments,ACH Origination,22903,0.12,0.0,2748.36,0.16
PM01905,R403,Payments,Commercial Card,0,0.0,503700.0,6296.25,0.0
PM01906,R010,Payments,ACH Origination,6170,0.12,0.0,740.4,0.3
PM01907,R049,Payments,Account Reconciliation,1067,0.05,0.0,53.35,0.05
PM01908,R365,Payments,Wire Transfer,12,18.0,0.0,216.0,0.25
PM01909,R414,Payments,Positive Pay,1114,0.08,0.0,89.12,0.38
PM01910,R006,Payments,Remote Deposit Capture,201,0.2,0.0,40.2,0.26
PM01911,R236,Payments,RTP / Instant,254,0.45,0.0,114.3,0.23
PM01912,R202,Payments,Wire Transfer,22,18.0,0.0,396.0,0.1
PM01913,R414,Payments,Wire Transfer,28,18.0,0.0,504.0,0.07
PM01914,R435,Payments,Lockbox,429,0.65,0.0,278.85,0.01
PM01915,R065,Payments,RTP / Instant,26,0.45,0.0,11.7,0.36
PM01916,R338,Payments,Remote Deposit Capture,940,0.2,0.0,188.0,0.01
PM01917,R315,Payments,Account Reconciliation,552,0.05,0.0,27.6,0.39
PM01918,R360,Payments,Commercial Card,0,0.0,321500.0,4018.75,0.0
PM01919,R038,Payments,RTP / Instant,211,0.45,0.0,94.95,0.41
PM01920,R403,Payments,Wire Transfer,6,18.0,0.0,108.0,0.07
PM01921,R275,Payments,Wire Transfer,29,18.0,0.0,522.0,0.36
PM01922,R004,Payments,Lockbox,932,0.65,0.0,605.8,0.39
PM01923,R179,Payments,Account Reconciliation,139,0.05,0.0,6.95,0.19
PM01924,R006,Payments,Account Reconciliation,8071,0.05,0.0,403.55,0.44
PM01925,R378,Payments,Remote Deposit Capture,61,0.2,0.0,12.2,0.1
PM01926,R008,Payments,Lockbox,444,0.65,0.0,288.6,0.05
PM01927,R150,Payments,Positive Pay,128,0.08,0.0,10.24,0.44
PM01928,R072,Payments,Wire Transfer,67,18.0,0.0,1206.0,0.12
PM01929,R202,Payments,Commercial Card,0,0.0,720300.0,9003.75,0.0
PM01930,R006,Payments,Commercial Card,0,0.0,4813000.0,60162.5,0.0
PM01931,R461,Payments,ACH Origination,5853,0.12,0.0,702.36,0.45
PM01932,R010,Payments,Lockbox,1889,0.65,0.0,1227.85,0.38
PM01933,R383,Payments,Remote Deposit Capture,152,0.2,0.0,30.4,0.04
PM01934,R245,Payments,Positive Pay,1123,0.08,0.0,89.84,0.16
PM01935,R455,Payments,Lockbox,593,0.65,0.0,385.45,0.24
PM01936,R096,Payments,ACH Origination,3803,0.12,0.0,456.36,0.36
PM01937,R074,Payments,Account Reconciliation,408,0.05,0.0,20.4,0.09
PM01938,R437,Payments,Remote Deposit Capture,386,0.2,0.0,77.2,0.04
PM01939,R140,Payments,Remote Deposit Capture,269,0.2,0.0,53.8,0.33
PM01940,R184,Payments,Remote Deposit Capture,209,0.2,0.0,41.8,0.01
PM01941,R449,Payments,Remote Deposit Capture,115,0.2,0.0,23.0,0.23
PM01942,R098,Payments,RTP / Instant,711,0.45,0.0,319.95,0.32
PM01943,R003,Payments,Account Reconciliation,2163,0.05,0.0,108.15,0.3
PM01944,R309,Payments,RTP / Instant,146,0.45,0.0,65.7,0.23
PM01945,R002,Payments,RTP / Instant,1443,0.45,0.0,649.35,0.35
PM01946,R388,Payments,Wire Transfer,74,18.0,0.0,1332.0,0.27
PM01947,R008,Payments,ACH Origination,23437,0.12,0.0,2812.44,0.37
PM01948,R358,Payments,Positive Pay,294,0.08,0.0,23.52,0.26
PM01949,R210,Payments,ACH Origination,318,0.12,0.0,38.16,0.19
PM01950,R144,Payments,Wire Transfer,55,18.0,0.0,990.0,0.27
PM01951,R031,Payments,Wire Transfer,30,18.0,0.0,540.0,0.19
PM01952,R031,Payments,Positive Pay,1158,0.08,0.0,92.64,0.09
PM01953,R001,Payments,Lockbox,828,0.65,0.0,538.2,0.21
PM01954,R444,Payments,Remote Deposit Capture,85,0.2,0.0,17.0,0.43
PM01955,R004,Payments,Commercial Card,0,0.0,1900400.0,23755.0,0.0
PM01956,R068,Payments,Wire Transfer,15,18.0,0.0,270.0,0.33
PM01957,R261,Payments,RTP / Instant,76,0.45,0.0,34.2,0.3
PM01958,R221,Payments,Wire Transfer,30,18.0,0.0,540.0,0.21
PM01959,R032,Payments,Lockbox,289,0.65,0.0,187.85,0.18
PM01960,R116,Payments,ACH Origination,4415,0.12,0.0,529.8,0.09
PM01961,R229,Payments,Lockbox,601,0.65,0.0,390.65,0.01
PM01962,R123,Payments,RTP / Instant,117,0.45,0.0,52.65,0.39
PM01963,R053,Payments,ACH Origination,2364,0.12,0.0,283.68,0.12
PM01964,R447,Payments,Remote Deposit Capture,331,0.2,0.0,66.2,0.27
PM01965,R203,Payments,RTP / Instant,502,0.45,0.0,225.9,0.21
PM01966,R130,Payments,ACH Origination,10526,0.12,0.0,1263.12,0.05
PM01967,R356,Payments,Commercial Card,0,0.0,641600.0,8020.0,0.0
PM01968,R169,Payments,Commercial Card,0,0.0,439900.0,5498.75,0.0
PM01969,R406,Payments,RTP / Instant,199,0.45,0.0,89.55,0.16
PM01970,R457,Payments,Lockbox,354,0.65,0.0,230.1,0.14
PM01971,R003,Payments,Wire Transfer,84,18.0,0.0,1512.0,0.04
PM01972,R010,Payments,RTP / Instant,386,0.45,0.0,173.7,0.0
PM01973,R006,Payments,Wire Transfer,106,18.0,0.0,1908.0,0.33
PM01974,R276,Payments,Wire Transfer,28,18.0,0.0,504.0,0.4
PM01975,R301,Payments,Lockbox,37,0.65,0.0,24.05,0.11
PM01976,R216,Payments,Account Reconciliation,2210,0.05,0.0,110.5,0.2
PM01977,R406,Payments,Wire Transfer,22,18.0,0.0,396.0,0.28
PM01978,R431,Payments,Account Reconciliation,387,0.05,0.0,19.35,0.08
PM01979,R146,Payments,Account Reconciliation,604,0.05,0.0,30.2,0.17
PM01980,R497,Payments,ACH Origination,4834,0.12,0.0,580.08,0.22
PM01981,R101,Payments,RTP / Instant,817,0.45,0.0,367.65,0.29
PM01982,R261,Payments,Positive Pay,907,0.08,0.0,72.56,0.44
PM01983,R319,Payments,Wire Transfer,10,18.0,0.0,180.0,0.22
PM01984,R419,Payments,Lockbox,319,0.65,0.0,207.35,0.12
PM01985,R151,Payments,Commercial Card,0,0.0,70900.0,886.25,0.0
PM01986,R005,Payments,ACH Origination,25724,0.12,0.0,3086.88,0.05
PM01987,R007,Payments,Commercial Card,0,0.0,1244600.0,15557.5,0.0
PM01988,R495,Payments,RTP / Instant,1555,0.45,0.0,699.75,0.17
PM01989,R016,Payments,Account Reconciliation,1923,0.05,0.0,96.15,0.03
PM01990,R477,Payments,Wire Transfer,9,18.0,0.0,162.0,0.21
PM01991,R409,Payments,Commercial Card,0,0.0,146400.0,1830.0,0.0
PM01992,R273,Payments,Account Reconciliation,474,0.05,0.0,23.7,0.4
PM01993,R250,Payments,Lockbox,465,0.65,0.0,302.25,0.08
PM01994,R474,Payments,Lockbox,329,0.65,0.0,213.85,0.31
PM01995,R095,Payments,Lockbox,2854,0.65,0.0,1855.1,0.28
PM01996,R259,Payments,Account Reconciliation,268,0.05,0.0,13.4,0.45
PM01997,R296,Payments,Lockbox,193,0.65,0.0,125.45,0.26
PM01998,R164,Payments,Remote Deposit Capture,262,0.2,0.0,52.4,0.36
PM01999,R295,Payments,Wire Transfer,10,18.0,0.0,180.0,0.16
PM02000,R307,Payments,Lockbox,138,0.65,0.0,89.7,0.03
