account_id,relationship_id,product,sub_type,commitment,utilization,balance,tenor_yrs,rate_type,spread,unused_fee,orig_fee_pct,rating,collateral,remaining_yrs
RV00001,R395,Revolver,ABL Revolver,4635000.0,0.323,1495600.0,1.0,Floating,0.0277,0.002,0.005,7,Unsecured,0.9
RV00002,R220,Revolver,Working Capital Line,698000.0,0.613,427700.0,3.0,Floating,0.0154,0.0035,0.0025,3,Unsecured,0.62
RV00003,R178,Revolver,Working Capital Line,390000.0,0.506,197500.0,1.0,Floating,0.0173,0.0025,0.001,3,Unsecured,0.77
RV00004,R399,Revolver,Working Capital Line,9280000.0,0.352,3268600.0,3.0,Floating,0.0186,0.0025,0.005,5,Unsecured,1.96
RV00005,R242,Revolver,Working Capital Line,1320000.0,0.302,398300.0,5.0,Floating,0.0158,0.0015,0.001,5,Senior Secured,4.35
RV00006,R082,Revolver,Corporate RCF,783000.0,0.176,137700.0,1.0,Floating,0.0215,0.002,0.005,5,Senior Secured,0.36
RV00007,R068,Revolver,Corporate RCF,595000.0,0.321,191200.0,1.0,Floating,0.0199,0.0035,0.001,6,Senior Secured,0.62
RV00008,R201,Revolver,Working Capital Line,1128000.0,0.816,920400.0,3.0,Floating,0.0233,0.0035,0.001,5,Unsecured,0.91
RV00009,R202,Revolver,Working Capital Line,15128000.0,0.799,12080100.0,5.0,Floating,0.014,0.0015,0.005,3,Senior Secured,3.64
RV00010,R072,Revolver,ABL Revolver,2770000.0,0.435,1205700.0,3.0,Floating,0.0158,0.002,0.001,4,Senior Secured,2.43
RV00011,R267,Revolver,Working Capital Line,184000.0,0.423,77900.0,2.0,Floating,0.0289,0.0025,0.005,6,Senior Secured,1.4
RV00012,R425,Revolver,Working Capital Line,1184000.0,0.353,417400.0,3.0,Floating,0.0179,0.002,0.001,4,Unsecured,1.93
RV00013,R176,Revolver,ABL Revolver,2610000.0,0.224,585700.0,1.0,Floating,0.0231,0.0035,0.0025,6,Senior Secured,0.47
RV00014,R230,Revolver,ABL Revolver,1015000.0,0.397,403300.0,5.0,Floating,0.025,0.002,0.005,6,Senior Secured,3.56
RV00015,R164,Revolver,Corporate RCF,1174000.0,0.178,208400.0,5.0,Floating,0.0223,0.002,0.005,5,Senior Secured,4.6
RV00016,R124,Revolver,ABL Revolver,1084000.0,0.582,630700.0,5.0,Floating,0.023,0.0035,0.001,5,Senior Secured,3.89
RV00017,R292,Revolver,Working Capital Line,386000.0,0.436,168300.0,5.0,Floating,0.0264,0.0025,0.005,8,Senior Secured,1.09
RV00018,R395,Revolver,ABL Revolver,3467000.0,0.41,1420900.0,5.0,Floating,0.0302,0.0015,0.0025,8,Senior Secured,3.03
RV00019,R058,Revolver,Working Capital Line,826000.0,0.941,777500.0,1.0,Floating,0.0285,0.0015,0.001,8,Unsecured,0.79
RV00020,R343,Revolver,ABL Revolver,195000.0,0.148,28800.0,5.0,Floating,0.0189,0.0035,0.001,5,Senior Secured,3.02
RV00021,R355,Revolver,Working Capital Line,1245000.0,0.422,525300.0,1.0,Floating,0.0124,0.0025,0.001,2,Unsecured,0.67
RV00022,R037,Revolver,ABL Revolver,3002000.0,0.588,1763700.0,2.0,Floating,0.0171,0.0035,0.0025,5,Senior Secured,1.86
RV00023,R207,Revolver,ABL Revolver,588000.0,0.706,415200.0,2.0,Floating,0.0197,0.0035,0.005,4,Senior Secured,1.8
RV00024,R100,Revolver,ABL Revolver,352000.0,0.24,84600.0,1.0,Floating,0.0145,0.0025,0.0025,3,Unsecured,0.27
RV00025,R148,Revolver,Working Capital Line,338000.0,0.236,79900.0,2.0,Floating,0.0225,0.0035,0.001,6,Unsecured,1.22
RV00026,R272,Revolver,Working Capital Line,2343000.0,0.146,341300.0,3.0,Floating,0.0148,0.0035,0.0025,3,Senior Secured,2.09
RV00027,R138,Revolver,ABL Revolver,1101000.0,0.508,558900.0,1.0,Floating,0.0232,0.002,0.0025,6,Senior Secured,0.88
RV00028,R006,Revolver,Working Capital Line,11299000.0,0.351,3962300.0,2.0,Floating,0.0168,0.0025,0.0025,4,Senior Secured,0.82
RV00029,R220,Revolver,Working Capital Line,1099000.0,0.646,709600.0,2.0,Floating,0.0129,0.0035,0.001,3,Senior Secured,0.62
RV00030,R171,Revolver,ABL Revolver,1184000.0,0.419,496600.0,3.0,Floating,0.0255,0.0035,0.005,7,Senior Secured,2.03
RV00031,R142,Revolver,ABL Revolver,578000.0,0.172,99300.0,3.0,Floating,0.0287,0.0035,0.0025,8,Senior Secured,1.72
RV00032,R332,Revolver,Working Capital Line,732000.0,0.799,584900.0,3.0,Floating,0.0186,0.0035,0.0025,5,Senior Secured,1.22
RV00033,R144,Revolver,Working Capital Line,7544000.0,0.672,5069900.0,3.0,Floating,0.0182,0.002,0.001,4,Senior Secured,2.86
RV00034,R470,Revolver,Working Capital Line,3148000.0,0.631,1987100.0,3.0,Floating,0.0193,0.002,0.001,5,Unsecured,1.36
RV00035,R495,Revolver,Corporate RCF,880000.0,0.713,627700.0,1.0,Floating,0.0179,0.0035,0.001,5,Senior Secured,0.24
RV00036,R439,Revolver,ABL Revolver,2192000.0,0.152,334200.0,3.0,Floating,0.0246,0.0015,0.0025,6,Unsecured,0.74
RV00037,R223,Revolver,Working Capital Line,1876000.0,0.583,1094100.0,2.0,Floating,0.0238,0.0015,0.001,5,Senior Secured,0.72
RV00038,R287,Revolver,Working Capital Line,4795000.0,0.661,3171300.0,1.0,Floating,0.0208,0.0035,0.001,5,Unsecured,0.29
RV00039,R288,Revolver,Working Capital Line,4382000.0,0.352,1540800.0,5.0,Floating,0.0177,0.0035,0.005,4,Unsecured,2.58
RV00040,R190,Revolver,Working Capital Line,431000.0,0.531,229000.0,1.0,Floating,0.0233,0.002,0.001,6,Senior Secured,0.26
RV00041,R060,Revolver,Working Capital Line,2777000.0,0.232,643700.0,5.0,Floating,0.0281,0.0035,0.001,8,Senior Secured,3.24
RV00042,R132,Revolver,Working Capital Line,929000.0,0.562,521900.0,1.0,Floating,0.0286,0.002,0.005,7,Senior Secured,0.53
RV00043,R358,Revolver,Working Capital Line,2256000.0,0.766,1727600.0,3.0,Floating,0.0181,0.0025,0.0025,4,Unsecured,2.04
RV00044,R049,Revolver,ABL Revolver,1792000.0,0.303,542800.0,1.0,Floating,0.0107,0.0035,0.001,3,Senior Secured,0.99
RV00045,R355,Revolver,Working Capital Line,283000.0,0.184,52200.0,5.0,Floating,0.0175,0.002,0.0025,3,Unsecured,4.97
RV00046,R463,Revolver,Corporate RCF,1446000.0,0.179,259100.0,5.0,Floating,0.0254,0.0035,0.001,6,Unsecured,2.67
RV00047,R055,Revolver,Working Capital Line,2179000.0,0.465,1012700.0,1.0,Floating,0.0163,0.0035,0.001,3,Senior Secured,0.49
RV00048,R444,Revolver,Working Capital Line,865000.0,0.25,216700.0,1.0,Floating,0.0075,0.0025,0.005,2,Unsecured,0.75
RV00049,R298,Revolver,Working Capital Line,706000.0,0.422,298200.0,3.0,Floating,0.0207,0.0015,0.005,5,Unsecured,1.48
RV00050,R361,Revolver,Working Capital Line,214000.0,0.202,43200.0,1.0,Floating,0.0197,0.0035,0.0025,4,Unsecured,0.82
RV00051,R322,Revolver,ABL Revolver,4892000.0,0.605,2958400.0,1.0,Floating,0.0215,0.002,0.0025,5,Senior Secured,0.68
RV00052,R337,Revolver,Working Capital Line,1063000.0,0.37,393000.0,5.0,Floating,0.0267,0.002,0.0025,7,Senior Secured,1.8
RV00053,R496,Revolver,Working Capital Line,1153000.0,0.432,497700.0,3.0,Floating,0.0197,0.002,0.0025,4,Senior Secured,1.6
RV00054,R005,Revolver,ABL Revolver,5478000.0,0.073,402000.0,1.0,Floating,0.0182,0.002,0.005,5,Senior Secured,0.89
RV00055,R055,Revolver,ABL Revolver,1013000.0,0.311,314700.0,2.0,Floating,0.0203,0.002,0.0025,4,Senior Secured,1.29
RV00056,R002,Revolver,ABL Revolver,4442000.0,0.516,2291600.0,1.0,Floating,0.0148,0.0025,0.001,4,Unsecured,0.77
RV00057,R334,Revolver,Working Capital Line,883000.0,0.285,251700.0,5.0,Floating,0.0237,0.0015,0.005,6,Senior Secured,3.84
RV00058,R370,Revolver,ABL Revolver,182000.0,0.32,58300.0,1.0,Floating,0.0309,0.0025,0.0025,8,Senior Secured,0.59
RV00059,R462,Revolver,Corporate RCF,2969000.0,0.145,429300.0,2.0,Floating,0.0227,0.002,0.005,6,Senior Secured,0.87
RV00060,R286,Revolver,Corporate RCF,894000.0,0.487,435500.0,1.0,Floating,0.0213,0.0035,0.005,6,Unsecured,0.68
RV00061,R444,Revolver,Corporate RCF,328000.0,0.314,103000.0,5.0,Floating,0.0179,0.0035,0.001,4,Senior Secured,1.45
RV00062,R195,Revolver,ABL Revolver,96000.0,0.121,11600.0,1.0,Floating,0.0275,0.002,0.0025,7,Senior Secured,0.68
RV00063,R256,Revolver,Working Capital Line,2225000.0,0.36,801400.0,3.0,Floating,0.0282,0.0035,0.005,7,Senior Secured,0.85
RV00064,R317,Revolver,Corporate RCF,1456000.0,0.508,739000.0,2.0,Floating,0.0226,0.002,0.0025,5,Senior Secured,1.84
RV00065,R065,Revolver,Working Capital Line,1065000.0,0.342,364600.0,5.0,Floating,0.0234,0.0035,0.005,6,Senior Secured,3.98
RV00066,R086,Revolver,Working Capital Line,5752000.0,0.325,1868400.0,1.0,Floating,0.026,0.0025,0.0025,7,Senior Secured,0.34
RV00067,R014,Revolver,Corporate RCF,1913000.0,0.437,836200.0,5.0,Floating,0.0167,0.0025,0.005,4,Senior Secured,4.14
RV00068,R030,Revolver,Working Capital Line,1050000.0,0.269,282800.0,5.0,Floating,0.0324,0.0015,0.005,9,Senior Secured,3.9
RV00069,R191,Revolver,Working Capital Line,701000.0,0.417,292200.0,1.0,Floating,0.023,0.0025,0.005,7,Senior Secured,0.78
RV00070,R328,Revolver,Corporate RCF,1816000.0,0.625,1135600.0,1.0,Floating,0.0263,0.0035,0.001,7,Unsecured,0.47
RV00071,R069,Revolver,Corporate RCF,3862000.0,0.487,1879200.0,5.0,Floating,0.0292,0.0025,0.005,6,Senior Secured,3.09
RV00072,R202,Revolver,Working Capital Line,9296000.0,0.281,2608000.0,2.0,Floating,0.0121,0.0015,0.005,3,Unsecured,1.34
RV00073,R146,Revolver,ABL Revolver,803000.0,0.366,294000.0,5.0,Floating,0.0238,0.0025,0.0025,6,Senior Secured,2.51
RV00074,R109,Revolver,Working Capital Line,3328000.0,0.318,1057200.0,5.0,Floating,0.0243,0.0025,0.001,6,Senior Secured,3.24
RV00075,R103,Revolver,Working Capital Line,3699000.0,0.412,1523500.0,2.0,Floating,0.0273,0.0035,0.001,7,Unsecured,0.79
RV00076,R308,Revolver,Working Capital Line,1241000.0,0.137,169800.0,1.0,Floating,0.0216,0.0035,0.0025,6,Senior Secured,0.9
RV00077,R481,Revolver,Working Capital Line,23032000.0,0.213,4901100.0,2.0,Floating,0.0189,0.0015,0.005,4,Senior Secured,1.94
RV00078,R481,Revolver,Working Capital Line,11701000.0,0.31,3625900.0,3.0,Floating,0.014,0.002,0.005,3,Senior Secured,1.38
RV00079,R292,Revolver,Working Capital Line,3992000.0,0.689,2751800.0,2.0,Floating,0.0234,0.0035,0.005,7,Unsecured,0.95
RV00080,R170,Revolver,Corporate RCF,430000.0,0.277,119000.0,3.0,Floating,0.0366,0.0015,0.005,10,Senior Secured,1.12
RV00081,R474,Revolver,Corporate RCF,19015000.0,0.688,13081300.0,3.0,Floating,0.022,0.0035,0.001,5,Senior Secured,2.68
RV00082,R178,Revolver,Working Capital Line,2455000.0,0.415,1017900.0,5.0,Floating,0.0132,0.0015,0.005,3,Senior Secured,1.65
RV00083,R139,Revolver,Working Capital Line,718000.0,0.156,111800.0,1.0,Floating,0.0168,0.002,0.0025,4,Senior Secured,0.84
RV00084,R320,Revolver,Working Capital Line,379000.0,0.395,149900.0,2.0,Floating,0.0111,0.0015,0.001,2,Senior Secured,1.73
RV00085,R495,Revolver,Working Capital Line,3546000.0,0.477,1691200.0,1.0,Floating,0.0146,0.0035,0.001,4,Unsecured,0.45
RV00086,R007,Revolver,ABL Revolver,2770000.0,0.434,1203200.0,1.0,Floating,0.0287,0.0025,0.001,8,Unsecured,0.82
RV00087,R087,Revolver,Working Capital Line,3818000.0,0.293,1117000.0,2.0,Floating,0.0195,0.0035,0.001,4,Unsecured,1.12
RV00088,R445,Revolver,Working Capital Line,929000.0,0.279,259400.0,5.0,Floating,0.02,0.0015,0.001,5,Senior Secured,2.39
RV00089,R436,Revolver,Working Capital Line,13333000.0,0.361,4812300.0,2.0,Floating,0.0122,0.0015,0.0025,2,Senior Secured,1.83
RV00090,R365,Revolver,Corporate RCF,1448000.0,0.073,106300.0,1.0,Floating,0.0265,0.0025,0.0025,7,Senior Secured,0.56
RV00091,R403,Revolver,Corporate RCF,6859000.0,0.187,1283200.0,3.0,Floating,0.0212,0.0015,0.001,5,Senior Secured,0.73
RV00092,R339,Revolver,Corporate RCF,351000.0,0.637,223600.0,3.0,Floating,0.0208,0.0025,0.005,6,Senior Secured,2.12
RV00093,R050,Revolver,Corporate RCF,10660000.0,0.332,3534400.0,2.0,Floating,0.0245,0.0025,0.005,6,Senior Secured,1.45
RV00094,R173,Revolver,Working Capital Line,522000.0,0.465,242800.0,1.0,Floating,0.0239,0.002,0.0025,7,Senior Secured,0.71
RV00095,R444,Revolver,Corporate RCF,1063000.0,0.376,399500.0,2.0,Floating,0.0165,0.0035,0.001,3,Unsecured,0.98
RV00096,R121,Revolver,Corporate RCF,499000.0,0.08,39800.0,1.0,Floating,0.0186,0.0015,0.001,5,Unsecured,0.74
RV00097,R099,Revolver,Working Capital Line,589000.0,0.273,160700.0,2.0,Floating,0.0237,0.0015,0.0025,7,Unsecured,0.87
RV00098,R457,Revolver,ABL Revolver,1661000.0,0.588,977300.0,1.0,Floating,0.0262,0.0015,0.0025,7,Senior Secured,0.57
RV00099,R361,Revolver,ABL Revolver,387000.0,0.09,34600.0,3.0,Floating,0.0178,0.002,0.0025,4,Unsecured,1.12
RV00100,R248,Revolver,Working Capital Line,851000.0,0.87,740500.0,5.0,Floating,0.0209,0.002,0.005,5,Senior Secured,3.45
RV00101,R026,Revolver,Working Capital Line,1776000.0,0.51,906300.0,1.0,Floating,0.0189,0.0025,0.005,5,Senior Secured,0.85
RV00102,R271,Revolver,Working Capital Line,978000.0,0.439,429300.0,1.0,Floating,0.0267,0.0015,0.0025,7,Senior Secured,0.28
RV00103,R085,Revolver,Corporate RCF,2512000.0,0.481,1207400.0,5.0,Floating,0.0325,0.002,0.001,9,Senior Secured,1.11
RV00104,R142,Revolver,Corporate RCF,1150000.0,0.363,417900.0,3.0,Floating,0.0286,0.0035,0.005,7,Senior Secured,2.43
RV00105,R065,Revolver,ABL Revolver,2518000.0,0.661,1665600.0,3.0,Floating,0.0239,0.0015,0.001,6,Unsecured,1.37
RV00106,R469,Revolver,ABL Revolver,233000.0,0.527,122700.0,5.0,Floating,0.0251,0.0035,0.0025,7,Senior Secured,2.3
RV00107,R361,Revolver,Working Capital Line,597000.0,0.079,47200.0,3.0,Floating,0.0152,0.0015,0.005,4,Unsecured,1.96
RV00108,R237,Revolver,Working Capital Line,1671000.0,0.318,531800.0,3.0,Floating,0.0176,0.0035,0.005,5,Senior Secured,1.77
RV00109,R441,Revolver,Corporate RCF,1200000.0,0.346,415700.0,2.0,Floating,0.0213,0.0035,0.005,5,Unsecured,0.59
RV00110,R266,Revolver,Corporate RCF,406000.0,0.306,124100.0,5.0,Floating,0.0223,0.002,0.001,5,Unsecured,4.04
RV00111,R357,Revolver,Working Capital Line,2043000.0,0.61,1245500.0,3.0,Floating,0.0189,0.0015,0.0025,5,Senior Secured,1.02
RV00112,R338,Revolver,Working Capital Line,1639000.0,0.202,331100.0,1.0,Floating,0.024,0.002,0.0025,6,Unsecured,0.86
RV00113,R388,Revolver,Corporate RCF,438000.0,0.202,88500.0,3.0,Floating,0.0316,0.0025,0.0025,9,Unsecured,2.43
RV00114,R233,Revolver,Corporate RCF,1366000.0,0.65,887700.0,1.0,Floating,0.0277,0.002,0.005,7,Senior Secured,0.33
RV00115,R166,Revolver,Working Capital Line,886000.0,0.226,200600.0,3.0,Floating,0.0196,0.0025,0.005,4,Unsecured,2.42
RV00116,R364,Revolver,Corporate RCF,550000.0,0.359,197200.0,1.0,Floating,0.0302,0.0035,0.0025,10,Unsecured,0.73
RV00117,R112,Revolver,Working Capital Line,534000.0,0.149,79700.0,3.0,Floating,0.0312,0.0035,0.001,8,Senior Secured,2.96
RV00118,R364,Revolver,ABL Revolver,337000.0,0.48,161800.0,2.0,Floating,0.0296,0.002,0.005,8,Senior Secured,1.54
RV00119,R002,Revolver,Working Capital Line,5144000.0,0.459,2361200.0,3.0,Floating,0.0127,0.0035,0.001,3,Senior Secured,1.54
RV00120,R237,Revolver,Corporate RCF,2372000.0,0.221,525300.0,3.0,Floating,0.0225,0.0015,0.0025,6,Senior Secured,2.09
RV00121,R121,Revolver,Corporate RCF,1098000.0,0.277,304100.0,1.0,Floating,0.0208,0.0035,0.005,5,Unsecured,0.73
RV00122,R213,Revolver,ABL Revolver,6265000.0,0.271,1700700.0,2.0,Floating,0.0225,0.0015,0.005,6,Unsecured,1.59
RV00123,R017,Revolver,Working Capital Line,4207000.0,0.276,1163100.0,2.0,Floating,0.0244,0.0025,0.005,7,Unsecured,1.15
RV00124,R468,Revolver,Working Capital Line,508000.0,0.501,254400.0,3.0,Floating,0.0165,0.0025,0.005,4,Senior Secured,2.59
RV00125,R188,Revolver,Corporate RCF,200000.0,0.166,33300.0,5.0,Floating,0.0102,0.0015,0.001,2,Senior Secured,2.15
RV00126,R142,Revolver,Working Capital Line,383000.0,0.405,155200.0,2.0,Floating,0.0318,0.002,0.001,8,Senior Secured,1.94
RV00127,R185,Revolver,ABL Revolver,1445000.0,0.044,63000.0,3.0,Floating,0.0292,0.002,0.005,8,Senior Secured,1.35
RV00128,R354,Revolver,Corporate RCF,449000.0,0.508,228200.0,5.0,Floating,0.0224,0.0035,0.0025,4,Unsecured,1.15
RV00129,R079,Revolver,Working Capital Line,2131000.0,0.375,798600.0,3.0,Floating,0.0214,0.002,0.001,5,Senior Secured,1.08
RV00130,R348,Revolver,Corporate RCF,2111000.0,0.108,228200.0,2.0,Floating,0.0163,0.0015,0.0025,3,Senior Secured,1.88
RV00131,R138,Revolver,Corporate RCF,6452000.0,0.324,2092400.0,2.0,Floating,0.0158,0.0015,0.005,4,Senior Secured,1.66
RV00132,R264,Revolver,ABL Revolver,443000.0,0.28,124000.0,5.0,Floating,0.0203,0.0015,0.0025,5,Unsecured,2.76
RV00133,R007,Revolver,Corporate RCF,30927000.0,0.391,12086900.0,2.0,Floating,0.0239,0.0015,0.0025,7,Senior Secured,1.85
RV00134,R382,Revolver,Working Capital Line,11072000.0,0.039,435000.0,1.0,Floating,0.0222,0.002,0.0025,6,Senior Secured,0.4
RV00135,R265,Revolver,Corporate RCF,715000.0,0.605,432200.0,3.0,Floating,0.0198,0.002,0.0025,5,Senior Secured,1.16
RV00136,R183,Revolver,ABL Revolver,4049000.0,0.252,1019600.0,1.0,Floating,0.0271,0.0015,0.005,7,Senior Secured,0.3
RV00137,R175,Revolver,Corporate RCF,2692000.0,0.107,289200.0,3.0,Floating,0.0328,0.002,0.005,9,Senior Secured,1.66
RV00138,R005,Revolver,Working Capital Line,6965000.0,0.276,1924200.0,5.0,Floating,0.0153,0.002,0.0025,5,Unsecured,3.06
RV00139,R053,Revolver,ABL Revolver,2339000.0,0.279,652200.0,5.0,Floating,0.0213,0.0025,0.005,5,Senior Secured,1.58
RV00140,R003,Revolver,Corporate RCF,4176000.0,0.217,906600.0,3.0,Floating,0.0196,0.002,0.005,5,Senior Secured,0.88
RV00141,R111,Revolver,Working Capital Line,105000.0,0.198,20800.0,5.0,Floating,0.0223,0.0035,0.001,6,Unsecured,2.56
RV00142,R238,Revolver,ABL Revolver,2817000.0,0.083,234600.0,5.0,Floating,0.0109,0.002,0.005,2,Unsecured,1.93
RV00143,R379,Revolver,Corporate RCF,465000.0,0.423,196800.0,5.0,Floating,0.03,0.002,0.005,8,Unsecured,3.3
RV00144,R028,Revolver,Working Capital Line,1004000.0,0.099,99100.0,5.0,Floating,0.0128,0.002,0.005,4,Senior Secured,3.1
RV00145,R273,Revolver,Working Capital Line,3866000.0,0.297,1147500.0,5.0,Floating,0.0263,0.0015,0.005,7,Unsecured,1.65
RV00146,R190,Revolver,Corporate RCF,239000.0,0.575,137400.0,1.0,Floating,0.0268,0.0025,0.005,6,Unsecured,0.21
RV00147,R439,Revolver,Working Capital Line,5462000.0,0.238,1299200.0,1.0,Floating,0.0155,0.0025,0.0025,5,Senior Secured,0.72
RV00148,R496,Revolver,ABL Revolver,4086000.0,0.433,1767700.0,1.0,Floating,0.0195,0.002,0.001,4,Senior Secured,0.82
RV00149,R361,Revolver,Working Capital Line,615000.0,0.254,156400.0,3.0,Floating,0.019,0.002,0.001,4,Senior Secured,1.77
RV00150,R011,Revolver,Working Capital Line,833000.0,0.471,392500.0,5.0,Floating,0.0234,0.0025,0.001,7,Unsecured,3.3
RV00151,R003,Revolver,ABL Revolver,2516000.0,0.45,1131900.0,5.0,Floating,0.0192,0.0035,0.001,5,Senior Secured,4.85
RV00152,R009,Revolver,Working Capital Line,14429000.0,0.494,7127700.0,5.0,Floating,0.0179,0.002,0.0025,4,Unsecured,4.07
RV00153,R080,Revolver,Working Capital Line,3130000.0,0.6,1879100.0,5.0,Floating,0.0211,0.002,0.005,6,Unsecured,2.34
RV00154,R201,Revolver,ABL Revolver,3347000.0,0.179,600000.0,3.0,Floating,0.0193,0.0015,0.005,5,Unsecured,2.64
RV00155,R131,Revolver,Working Capital Line,1385000.0,0.337,466800.0,2.0,Floating,0.0208,0.002,0.0025,5,Senior Secured,1.28
RV00156,R136,Revolver,Corporate RCF,494000.0,0.487,240300.0,3.0,Floating,0.0255,0.0025,0.0025,6,Unsecured,1.85
RV00157,R001,Revolver,Working Capital Line,1872000.0,0.106,197500.0,1.0,Floating,0.0119,0.0025,0.0025,3,Senior Secured,0.75
RV00158,R263,Revolver,ABL Revolver,6258000.0,0.292,1827900.0,3.0,Floating,0.0234,0.0035,0.0025,6,Unsecured,1.63
RV00159,R304,Revolver,Corporate RCF,1638000.0,0.24,393200.0,3.0,Floating,0.0166,0.002,0.0025,4,Senior Secured,2.71
RV00160,R178,Revolver,Working Capital Line,1633000.0,0.766,1250600.0,1.0,Floating,0.0151,0.0035,0.005,3,Senior Secured,0.33
RV00161,R040,Revolver,Corporate RCF,1274000.0,0.846,1077300.0,3.0,Floating,0.0284,0.0025,0.001,7,Senior Secured,1.61
RV00162,R265,Revolver,Corporate RCF,2734000.0,0.164,449200.0,3.0,Floating,0.0181,0.0015,0.0025,4,Unsecured,0.76
RV00163,R245,Revolver,Working Capital Line,7368000.0,0.517,3808500.0,3.0,Floating,0.02,0.0015,0.001,5,Unsecured,2.29
RV00164,R003,Revolver,Working Capital Line,4419000.0,0.27,1192900.0,5.0,Floating,0.0211,0.002,0.005,6,Senior Secured,2.08
RV00165,R008,Revolver,ABL Revolver,1923000.0,0.678,1303400.0,1.0,Floating,0.0227,0.002,0.001,7,Senior Secured,0.54
RV00166,R008,Revolver,ABL Revolver,2244000.0,0.431,967100.0,5.0,Floating,0.0189,0.0015,0.0025,6,Unsecured,4.55
RV00167,R356,Revolver,ABL Revolver,1997000.0,0.403,805400.0,1.0,Floating,0.0315,0.0015,0.001,8,Senior Secured,0.35
RV00168,R014,Revolver,Working Capital Line,3286000.0,0.32,1050600.0,2.0,Floating,0.0268,0.0025,0.0025,6,Senior Secured,0.4
RV00169,R457,Revolver,Working Capital Line,1373000.0,0.234,320700.0,2.0,Floating,0.0199,0.0035,0.005,6,Unsecured,1.32
RV00170,R234,Revolver,Corporate RCF,515000.0,0.38,195400.0,5.0,Floating,0.0191,0.0015,0.005,4,Senior Secured,2.75
RV00171,R378,Revolver,Working Capital Line,506000.0,0.586,296700.0,5.0,Floating,0.028,0.0015,0.001,7,Senior Secured,1.22
RV00172,R400,Revolver,Working Capital Line,546000.0,0.33,180300.0,1.0,Floating,0.0127,0.0025,0.0025,3,Senior Secured,0.44
RV00173,R437,Revolver,ABL Revolver,872000.0,0.512,446600.0,3.0,Floating,0.0226,0.0015,0.001,6,Senior Secured,1.17
RV00174,R330,Revolver,Working Capital Line,835000.0,0.65,542600.0,5.0,Floating,0.0223,0.0035,0.005,6,Unsecured,2.04
RV00175,R430,Revolver,Corporate RCF,2339000.0,0.705,1649500.0,5.0,Floating,0.0273,0.0025,0.0025,6,Senior Secured,4.16
RV00176,R368,Revolver,Working Capital Line,2321000.0,0.385,894400.0,1.0,Floating,0.0296,0.002,0.005,7,Senior Secured,0.44
RV00177,R500,Revolver,Working Capital Line,24618000.0,0.172,4243700.0,1.0,Floating,0.0161,0.0025,0.005,4,Senior Secured,0.59
RV00178,R007,Revolver,Working Capital Line,2554000.0,0.755,1927800.0,2.0,Floating,0.019,0.0015,0.0025,6,Senior Secured,0.82
RV00179,R453,Revolver,Working Capital Line,3686000.0,0.416,1531800.0,5.0,Floating,0.0306,0.002,0.001,8,Senior Secured,4.8
RV00180,R120,Revolver,Corporate RCF,9249000.0,0.284,2630000.0,2.0,Floating,0.0218,0.0025,0.001,5,Senior Secured,1.64
RV00181,R327,Revolver,Working Capital Line,1825000.0,0.227,413400.0,3.0,Floating,0.0232,0.0035,0.001,5,Unsecured,1.62
RV00182,R478,Revolver,Working Capital Line,618000.0,0.074,45700.0,5.0,Floating,0.0242,0.0035,0.001,7,Senior Secured,3.91
RV00183,R182,Revolver,ABL Revolver,385000.0,0.487,187600.0,2.0,Floating,0.0165,0.0025,0.005,3,Unsecured,0.9
RV00184,R153,Revolver,Working Capital Line,389000.0,0.248,96500.0,3.0,Floating,0.0248,0.002,0.005,7,Unsecured,0.8
RV00185,R005,Revolver,Working Capital Line,7340000.0,0.295,2167700.0,5.0,Floating,0.0208,0.0035,0.0025,5,Senior Secured,2.72
RV00186,R008,Revolver,ABL Revolver,7482000.0,0.328,2456100.0,2.0,Floating,0.0181,0.0015,0.0025,5,Unsecured,1.3
RV00187,R158,Revolver,Working Capital Line,208000.0,0.697,145100.0,1.0,Floating,0.0245,0.002,0.0025,5,Unsecured,0.48
RV00188,R366,Revolver,Working Capital Line,20831000.0,0.525,10926100.0,1.0,Floating,0.0244,0.002,0.005,6,Senior Secured,0.52
RV00189,R110,Revolver,ABL Revolver,698000.0,0.486,339500.0,3.0,Floating,0.0257,0.0025,0.001,7,Senior Secured,2.31
RV00190,R217,Revolver,Corporate RCF,935000.0,0.566,529000.0,1.0,Floating,0.0238,0.0025,0.0025,6,Unsecured,0.92
RV00191,R088,Revolver,ABL Revolver,502000.0,0.366,183800.0,1.0,Floating,0.0177,0.002,0.005,4,Senior Secured,0.92
RV00192,R319,Revolver,Corporate RCF,693000.0,0.203,140900.0,1.0,Floating,0.024,0.0035,0.001,7,Senior Secured,0.66
RV00193,R282,Revolver,Working Capital Line,639000.0,0.22,140500.0,3.0,Floating,0.0217,0.002,0.0025,4,Senior Secured,2.11
RV00194,R277,Revolver,ABL Revolver,879000.0,0.583,512200.0,5.0,Floating,0.0295,0.0025,0.001,7,Senior Secured,3.13
RV00195,R284,Revolver,ABL Revolver,870000.0,0.41,356500.0,3.0,Floating,0.0091,0.0015,0.005,1,Senior Secured,1.49
RV00196,R295,Revolver,Working Capital Line,1819000.0,0.269,489400.0,3.0,Floating,0.0165,0.0015,0.0025,3,Unsecured,2.37
RV00197,R466,Revolver,Corporate RCF,1081000.0,0.716,773800.0,5.0,Floating,0.022,0.0015,0.005,4,Senior Secured,1.44
RV00198,R133,Revolver,Working Capital Line,1661000.0,0.552,916200.0,3.0,Floating,0.0232,0.0015,0.001,5,Senior Secured,2.75
RV00199,R271,Revolver,Working Capital Line,874000.0,0.469,409500.0,3.0,Floating,0.0229,0.0035,0.005,6,Senior Secured,1.28
RV00200,R047,Revolver,ABL Revolver,1085000.0,0.441,478300.0,1.0,Floating,0.0177,0.0025,0.005,4,Unsecured,0.38
RV00201,R025,Revolver,Corporate RCF,709000.0,0.301,213200.0,2.0,Floating,0.0229,0.0035,0.001,7,Senior Secured,0.84
RV00202,R190,Revolver,Corporate RCF,2174000.0,0.441,959500.0,1.0,Floating,0.025,0.002,0.005,6,Senior Secured,0.85
RV00203,R008,Revolver,Working Capital Line,9819000.0,0.329,3229100.0,3.0,Floating,0.0201,0.0015,0.005,5,Unsecured,1.25
RV00204,R453,Revolver,Corporate RCF,764000.0,0.3,229400.0,5.0,Floating,0.0344,0.002,0.0025,9,Unsecured,3.44
RV00205,R005,Revolver,Working Capital Line,6202000.0,0.087,538700.0,2.0,Floating,0.0197,0.0015,0.0025,5,Senior Secured,0.95
RV00206,R221,Revolver,Working Capital Line,2396000.0,0.654,1566700.0,1.0,Floating,0.0186,0.002,0.005,4,Unsecured,0.73
RV00207,R267,Revolver,Working Capital Line,906000.0,0.52,471200.0,5.0,Floating,0.0243,0.0015,0.001,7,Senior Secured,3.37
RV00208,R258,Revolver,ABL Revolver,838000.0,0.412,345000.0,5.0,Floating,0.0269,0.0015,0.0025,7,Senior Secured,4.99
RV00209,R019,Revolver,ABL Revolver,1599000.0,0.497,794300.0,3.0,Floating,0.0166,0.0025,0.001,4,Senior Secured,1.35
RV00210,R345,Revolver,Working Capital Line,1754000.0,0.732,1283500.0,1.0,Floating,0.019,0.0035,0.005,4,Senior Secured,0.48
RV00211,R031,Revolver,Corporate RCF,5571000.0,0.334,1860200.0,3.0,Floating,0.0164,0.0015,0.001,4,Unsecured,1.08
RV00212,R114,Revolver,Working Capital Line,4389000.0,0.157,687400.0,2.0,Floating,0.0245,0.0035,0.001,6,Senior Secured,1.14
RV00213,R376,Revolver,ABL Revolver,1536000.0,0.552,848500.0,3.0,Floating,0.0233,0.0035,0.005,5,Unsecured,2.61
RV00214,R493,Revolver,ABL Revolver,1606000.0,0.374,599900.0,3.0,Floating,0.0159,0.0015,0.0025,3,Senior Secured,1.11
RV00215,R125,Revolver,Working Capital Line,158000.0,0.351,55400.0,5.0,Floating,0.0242,0.0015,0.005,6,Senior Secured,4.85
RV00216,R149,Revolver,Working Capital Line,1859000.0,0.093,172700.0,1.0,Floating,0.0225,0.0015,0.001,5,Unsecured,0.21
RV00217,R065,Revolver,ABL Revolver,238000.0,0.521,123900.0,5.0,Floating,0.027,0.0025,0.005,6,Unsecured,4.22
RV00218,R360,Revolver,ABL Revolver,363000.0,0.293,106500.0,1.0,Floating,0.0121,0.0025,0.005,2,Senior Secured,0.75
RV00219,R450,Revolver,Working Capital Line,1188000.0,0.603,716300.0,1.0,Floating,0.0273,0.0035,0.005,7,Senior Secured,0.92
RV00220,R348,Revolver,ABL Revolver,504000.0,0.337,170100.0,5.0,Floating,0.0209,0.0025,0.001,4,Senior Secured,3.09
RV00221,R006,Revolver,Working Capital Line,3711000.0,0.396,1468700.0,2.0,Floating,0.0187,0.0015,0.0025,5,Unsecured,1.49
RV00222,R301,Revolver,Working Capital Line,570000.0,0.172,97800.0,2.0,Floating,0.0111,0.0035,0.005,3,Senior Secured,0.48
RV00223,R001,Revolver,ABL Revolver,14162000.0,0.227,3220500.0,2.0,Floating,0.0147,0.0035,0.005,4,Senior Secured,1.03
RV00224,R113,Revolver,Working Capital Line,381000.0,0.572,217800.0,1.0,Floating,0.0194,0.0025,0.001,4,Unsecured,0.82
RV00225,R005,Revolver,ABL Revolver,6995000.0,0.359,2508100.0,1.0,Floating,0.0214,0.0035,0.001,6,Unsecured,0.29
RV00226,R136,Revolver,Working Capital Line,627000.0,0.486,304600.0,3.0,Floating,0.0264,0.002,0.0025,6,Senior Secured,2.48
RV00227,R008,Revolver,Corporate RCF,15361000.0,0.093,1428700.0,1.0,Floating,0.0252,0.0025,0.001,6,Unsecured,0.45
RV00228,R019,Revolver,Working Capital Line,5671000.0,0.345,1957500.0,5.0,Floating,0.0167,0.0025,0.005,4,Senior Secured,2.41
RV00229,R247,Revolver,ABL Revolver,507000.0,0.318,161200.0,3.0,Floating,0.0186,0.002,0.0025,5,Unsecured,2.15
RV00230,R275,Revolver,ABL Revolver,6773000.0,0.194,1312600.0,5.0,Floating,0.0116,0.0035,0.0025,2,Senior Secured,1.31
RV00231,R455,Revolver,Working Capital Line,1526000.0,0.262,399100.0,5.0,Floating,0.0227,0.0025,0.005,6,Unsecured,3.5
RV00232,R168,Revolver,Corporate RCF,3270000.0,0.189,618800.0,3.0,Floating,0.0238,0.0035,0.001,5,Unsecured,2.79
RV00233,R471,Revolver,Working Capital Line,1136000.0,0.343,389900.0,2.0,Floating,0.0214,0.002,0.005,6,Unsecured,0.55
RV00234,R281,Revolver,Working Capital Line,1231000.0,0.333,409400.0,5.0,Floating,0.0194,0.002,0.0025,4,Senior Secured,2.01
RV00235,R354,Revolver,ABL Revolver,8757000.0,0.325,2848000.0,2.0,Floating,0.0207,0.0035,0.005,4,Unsecured,0.42
RV00236,R003,Revolver,Corporate RCF,8235000.0,0.405,3338200.0,1.0,Floating,0.0171,0.0015,0.0025,4,Senior Secured,0.61
RV00237,R307,Revolver,Corporate RCF,583000.0,0.223,129800.0,3.0,Floating,0.0216,0.0025,0.005,5,Senior Secured,2.35
RV00238,R232,Revolver,ABL Revolver,715000.0,0.461,329500.0,1.0,Floating,0.0232,0.0035,0.001,6,Senior Secured,0.94
RV00239,R300,Revolver,Working Capital Line,235000.0,0.292,68700.0,3.0,Floating,0.016,0.0035,0.001,2,Unsecured,1.48
RV00240,R212,Revolver,Working Capital Line,3247000.0,0.237,770700.0,5.0,Floating,0.0314,0.0035,0.0025,9,Senior Secured,1.6
RV00241,R185,Revolver,Working Capital Line,3504000.0,0.399,1399500.0,3.0,Floating,0.031,0.0025,0.001,8,Unsecured,0.67
RV00242,R012,Revolver,Working Capital Line,1029000.0,0.401,413000.0,1.0,Floating,0.0232,0.0015,0.001,6,Unsecured,0.46
RV00243,R478,Revolver,ABL Revolver,353000.0,0.571,201400.0,1.0,Floating,0.0254,0.002,0.0025,8,Unsecured,0.61
RV00244,R007,Revolver,Working Capital Line,7446000.0,0.351,2610300.0,2.0,Floating,0.0195,0.0035,0.001,6,Senior Secured,1.84
RV00245,R329,Revolver,Working Capital Line,6117000.0,0.294,1801200.0,1.0,Floating,0.0232,0.0025,0.0025,6,Unsecured,0.37
RV00246,R271,Revolver,Working Capital Line,313000.0,0.131,41100.0,3.0,Floating,0.0288,0.002,0.0025,8,Senior Secured,2.48
RV00247,R259,Revolver,Working Capital Line,2401000.0,0.294,705500.0,3.0,Floating,0.0194,0.0035,0.0025,5,Unsecured,1.75
RV00248,R001,Revolver,ABL Revolver,6763000.0,0.649,4390100.0,3.0,Floating,0.016,0.002,0.005,4,Senior Secured,2.68
RV00249,R470,Revolver,Working Capital Line,382000.0,0.391,149400.0,3.0,Floating,0.0194,0.002,0.001,4,Unsecured,2.67
RV00250,R156,Revolver,Corporate RCF,579000.0,0.408,236000.0,2.0,Floating,0.0201,0.002,0.005,5,Unsecured,1.77
RV00251,R466,Revolver,Working Capital Line,4252000.0,0.463,1967500.0,1.0,Floating,0.0145,0.002,0.0025,3,Senior Secured,0.52
RV00252,R136,Revolver,Corporate RCF,253000.0,0.347,87800.0,3.0,Floating,0.0242,0.0025,0.005,7,Senior Secured,1.43
RV00253,R405,Revolver,Working Capital Line,456000.0,0.382,174200.0,2.0,Floating,0.0268,0.0035,0.005,7,Senior Secured,0.73
RV00254,R169,Revolver,Corporate RCF,6231000.0,0.106,658100.0,2.0,Floating,0.0151,0.0035,0.001,2,Unsecured,0.77
RV00255,R003,Revolver,Working Capital Line,8924000.0,0.232,2073000.0,3.0,Floating,0.0233,0.002,0.001,6,Unsecured,2.08
RV00256,R196,Revolver,ABL Revolver,1297000.0,0.372,482000.0,2.0,Floating,0.0279,0.002,0.005,8,Senior Secured,1.94
RV00257,R259,Revolver,Corporate RCF,2100000.0,0.676,1419200.0,1.0,Floating,0.0219,0.0035,0.0025,4,Unsecured,0.68
RV00258,R494,Revolver,Working Capital Line,2192000.0,0.304,666700.0,2.0,Floating,0.0228,0.0025,0.001,6,Senior Secured,1.06
RV00259,R001,Revolver,Corporate RCF,9896000.0,0.254,2510100.0,1.0,Floating,0.016,0.0015,0.001,5,Unsecured,0.39
RV00260,R339,Revolver,Working Capital Line,508000.0,0.335,170000.0,3.0,Floating,0.018,0.0025,0.005,5,Unsecured,2.16
RV00261,R170,Revolver,Working Capital Line,583000.0,0.446,260200.0,1.0,Floating,0.0297,0.0035,0.0025,9,Senior Secured,0.37
RV00262,R054,Revolver,ABL Revolver,1139000.0,0.48,546800.0,5.0,Floating,0.0214,0.002,0.005,5,Unsecured,1.37
RV00263,R435,Revolver,Working Capital Line,271000.0,0.319,86400.0,2.0,Floating,0.023,0.0025,0.005,6,Senior Secured,0.55
RV00264,R013,Revolver,Working Capital Line,2912000.0,0.325,947800.0,1.0,Floating,0.0222,0.0035,0.001,6,Senior Secured,0.88
RV00265,R150,Revolver,Corporate RCF,4071000.0,0.125,507300.0,1.0,Floating,0.019,0.0015,0.001,5,Unsecured,0.51
RV00266,R164,Revolver,Corporate RCF,2138000.0,0.362,773500.0,5.0,Floating,0.0157,0.0035,0.005,4,Senior Secured,4.76
RV00267,R393,Revolver,Working Capital Line,1214000.0,0.389,472000.0,3.0,Floating,0.0161,0.0015,0.005,4,Senior Secured,1.79
RV00268,R069,Revolver,Working Capital Line,7687000.0,0.253,1942000.0,3.0,Floating,0.0227,0.0015,0.0025,5,Senior Secured,2.26
RV00269,R177,Revolver,ABL Revolver,15368000.0,0.312,4801500.0,5.0,Floating,0.0271,0.002,0.005,6,Unsecured,4.31
RV00270,R363,Revolver,Working Capital Line,3579000.0,0.691,2471500.0,2.0,Floating,0.0272,0.0015,0.0025,6,Unsecured,1.8
RV00271,R240,Revolver,Corporate RCF,185000.0,0.199,36900.0,3.0,Floating,0.0193,0.0025,0.001,4,Unsecured,0.99
RV00272,R041,Revolver,Working Capital Line,1990000.0,0.494,982800.0,3.0,Floating,0.0197,0.0025,0.005,5,Unsecured,1.12
RV00273,R285,Revolver,Working Capital Line,1383000.0,0.397,549600.0,5.0,Floating,0.0278,0.002,0.005,8,Unsecured,1.6
RV00274,R497,Revolver,Corporate RCF,1695000.0,0.665,1127100.0,2.0,Floating,0.0194,0.0035,0.005,4,Unsecured,1.11
RV00275,R307,Revolver,ABL Revolver,4385000.0,0.424,1858000.0,5.0,Floating,0.0174,0.002,0.005,4,Unsecured,1.62
RV00276,R483,Revolver,Corporate RCF,3819000.0,0.128,489800.0,3.0,Floating,0.0187,0.0035,0.005,4,Senior Secured,2.16
RV00277,R484,Revolver,Working Capital Line,1269000.0,0.63,799100.0,5.0,Floating,0.0274,0.0025,0.0025,6,Unsecured,2.45
RV00278,R488,Revolver,ABL Revolver,761000.0,0.446,339500.0,1.0,Floating,0.0155,0.0025,0.001,3,Senior Secured,0.97
RV00279,R472,Revolver,Working Capital Line,1347000.0,0.627,844100.0,2.0,Floating,0.0337,0.0035,0.001,8,Senior Secured,1.71
RV00280,R211,Revolver,ABL Revolver,2218000.0,0.264,584700.0,1.0,Floating,0.0212,0.002,0.001,6,Senior Secured,0.78
RV00281,R475,Revolver,Working Capital Line,719000.0,0.233,167700.0,5.0,Floating,0.0216,0.0015,0.0025,5,Senior Secured,3.75
RV00282,R340,Revolver,Working Capital Line,2080000.0,0.802,1668700.0,1.0,Floating,0.0269,0.0035,0.001,7,Unsecured,0.23
RV00283,R385,Revolver,ABL Revolver,1188000.0,0.42,499200.0,3.0,Floating,0.0159,0.0025,0.001,4,Senior Secured,0.8
RV00284,R395,Revolver,Working Capital Line,84000.0,0.891,74800.0,1.0,Floating,0.0279,0.0015,0.005,7,Unsecured,0.55
RV00285,R322,Revolver,Working Capital Line,624000.0,0.296,184600.0,1.0,Floating,0.021,0.0035,0.001,4,Senior Secured,0.93
RV00286,R157,Revolver,ABL Revolver,349000.0,0.588,205200.0,2.0,Floating,0.0223,0.0025,0.0025,4,Unsecured,0.55
RV00287,R118,Revolver,Corporate RCF,488000.0,0.442,215600.0,3.0,Floating,0.0243,0.0025,0.0025,6,Senior Secured,1.61
RV00288,R001,Revolver,Working Capital Line,8692000.0,0.346,3011700.0,1.0,Floating,0.0083,0.0015,0.005,3,Unsecured,0.84
RV00289,R468,Revolver,Working Capital Line,333000.0,0.248,82600.0,5.0,Floating,0.0189,0.0035,0.005,4,Senior Secured,2.28
RV00290,R468,Revolver,Working Capital Line,296000.0,0.202,59700.0,3.0,Floating,0.0194,0.0025,0.005,4,Unsecured,2.83
RV00291,R354,Revolver,ABL Revolver,382000.0,0.557,212900.0,5.0,Floating,0.0174,0.0025,0.001,4,Unsecured,4.74
RV00292,R006,Revolver,Corporate RCF,2691000.0,0.646,1738500.0,3.0,Floating,0.0184,0.0015,0.001,5,Unsecured,0.74
RV00293,R412,Revolver,Working Capital Line,535000.0,0.416,222800.0,3.0,Floating,0.0141,0.0025,0.005,3,Unsecured,2.08
RV00294,R491,Revolver,ABL Revolver,515000.0,0.447,230100.0,3.0,Floating,0.0148,0.0035,0.005,3,Senior Secured,0.95
RV00295,R392,Revolver,Working Capital Line,4916000.0,0.573,2817000.0,1.0,Floating,0.0283,0.0035,0.0025,7,Senior Secured,0.55
RV00296,R356,Revolver,Working Capital Line,1085000.0,0.229,249000.0,3.0,Floating,0.0347,0.002,0.005,9,Senior Secured,2.75
RV00297,R216,Revolver,ABL Revolver,1916000.0,0.768,1471700.0,5.0,Floating,0.0098,0.0015,0.005,2,Senior Secured,1.29
RV00298,R307,Revolver,Working Capital Line,540000.0,0.733,395800.0,1.0,Floating,0.0197,0.002,0.0025,5,Senior Secured,0.95
RV00299,R384,Revolver,Working Capital Line,1825000.0,0.639,1166300.0,1.0,Floating,0.0119,0.0025,0.005,3,Unsecured,1.0
RV00300,R462,Revolver,Working Capital Line,767000.0,0.122,94000.0,3.0,Floating,0.03,0.002,0.005,7,Unsecured,2.21
RV00301,R364,Revolver,Working Capital Line,2269000.0,0.365,827800.0,5.0,Floating,0.0336,0.0025,0.0025,9,Unsecured,2.43
RV00302,R067,Revolver,Working Capital Line,312000.0,0.348,108600.0,2.0,Floating,0.0111,0.0035,0.0025,3,Unsecured,0.8
RV00303,R456,Revolver,ABL Revolver,843000.0,0.072,60300.0,5.0,Floating,0.0206,0.0015,0.0025,5,Senior Secured,2.73
RV00304,R446,Revolver,Working Capital Line,525000.0,0.099,52000.0,2.0,Floating,0.0117,0.0015,0.001,2,Senior Secured,0.69
RV00305,R152,Revolver,Working Capital Line,292000.0,0.193,56500.0,2.0,Floating,0.022,0.002,0.001,6,Unsecured,0.43
RV00306,R348,Revolver,Working Capital Line,829000.0,0.324,268700.0,5.0,Floating,0.02,0.0015,0.001,4,Senior Secured,1.25
RV00307,R058,Revolver,Working Capital Line,4193000.0,0.292,1226300.0,2.0,Floating,0.0339,0.0035,0.001,9,Senior Secured,1.46
RV00308,R448,Revolver,Working Capital Line,1227000.0,0.657,806700.0,3.0,Floating,0.01,0.0015,0.0025,1,Unsecured,0.65
RV00309,R430,Revolver,Working Capital Line,786000.0,0.043,33500.0,5.0,Floating,0.0222,0.0015,0.0025,6,Senior Secured,2.21
RV00310,R016,Revolver,Working Capital Line,812000.0,0.639,518700.0,1.0,Floating,0.0194,0.002,0.005,5,Senior Secured,0.74
RV00311,R295,Revolver,Working Capital Line,237000.0,0.145,34300.0,1.0,Floating,0.018,0.002,0.001,4,Senior Secured,0.34
RV00312,R470,Revolver,Working Capital Line,434000.0,0.224,97100.0,5.0,Floating,0.0198,0.0025,0.005,5,Unsecured,2.33
RV00313,R401,Revolver,Working Capital Line,588000.0,0.549,322800.0,3.0,Floating,0.0151,0.0015,0.001,3,Senior Secured,0.68
RV00314,R388,Revolver,ABL Revolver,612000.0,0.224,136800.0,5.0,Floating,0.033,0.0035,0.0025,9,Unsecured,1.45
RV00315,R002,Revolver,Working Capital Line,5992000.0,0.223,1336900.0,5.0,Floating,0.0104,0.0015,0.001,3,Senior Secured,1.9
RV00316,R009,Revolver,ABL Revolver,1666000.0,0.244,406700.0,3.0,Floating,0.0176,0.0035,0.001,5,Unsecured,0.9
RV00317,R097,Revolver,Corporate RCF,502000.0,0.295,147900.0,2.0,Floating,0.015,0.0025,0.001,3,Unsecured,1.16
RV00318,R131,Revolver,Working Capital Line,1384000.0,0.438,605500.0,2.0,Floating,0.0238,0.0035,0.001,5,Senior Secured,0.6
RV00319,R478,Revolver,Working Capital Line,260000.0,0.579,150500.0,1.0,Floating,0.028,0.0015,0.0025,7,Unsecured,0.44
RV00320,R241,Revolver,Working Capital Line,640000.0,0.2,128000.0,2.0,Floating,0.0207,0.0025,0.001,5,Senior Secured,1.56
RV00321,R421,Revolver,Working Capital Line,1147000.0,0.607,696500.0,5.0,Floating,0.0215,0.002,0.001,5,Senior Secured,3.62
RV00322,R001,Revolver,Corporate RCF,3632000.0,0.46,1671000.0,5.0,Floating,0.0162,0.0025,0.0025,4,Senior Secured,2.53
RV00323,R436,Revolver,Working Capital Line,3595000.0,0.11,394900.0,5.0,Floating,0.0201,0.0015,0.001,4,Senior Secured,4.72
RV00324,R188,Revolver,Working Capital Line,224000.0,0.318,71100.0,5.0,Floating,0.016,0.0025,0.005,3,Unsecured,4.15
RV00325,R361,Revolver,Working Capital Line,1961000.0,0.623,1221400.0,1.0,Floating,0.0205,0.0035,0.005,4,Unsecured,0.69
RV00326,R096,Revolver,Working Capital Line,3675000.0,0.414,1521400.0,3.0,Floating,0.0208,0.0035,0.001,6,Unsecured,1.65
RV00327,R466,Revolver,Corporate RCF,927000.0,0.505,468000.0,1.0,Floating,0.0135,0.0035,0.0025,3,Senior Secured,0.25
RV00328,R386,Revolver,Working Capital Line,7276000.0,0.41,2979700.0,3.0,Floating,0.0212,0.0025,0.005,5,Unsecured,1.59
RV00329,R065,Revolver,Working Capital Line,655000.0,0.705,461900.0,5.0,Floating,0.0245,0.0015,0.005,6,Unsecured,3.18
RV00330,R082,Revolver,ABL Revolver,505000.0,0.268,135500.0,5.0,Floating,0.0255,0.002,0.001,5,Senior Secured,4.96
RV00331,R332,Revolver,Corporate RCF,3031000.0,0.401,1216700.0,5.0,Floating,0.0227,0.0015,0.005,7,Unsecured,4.81
RV00332,R289,Revolver,Working Capital Line,4620000.0,0.559,2582400.0,2.0,Floating,0.0234,0.0015,0.0025,6,Unsecured,0.58
RV00333,R005,Revolver,ABL Revolver,3935000.0,0.714,2807700.0,3.0,Floating,0.0195,0.002,0.005,5,Unsecured,2.95
RV00334,R462,Revolver,Working Capital Line,796000.0,0.255,203100.0,1.0,Floating,0.0268,0.0025,0.001,7,Unsecured,0.8
RV00335,R097,Revolver,Working Capital Line,2257000.0,0.2,451300.0,3.0,Floating,0.0214,0.0015,0.005,4,Senior Secured,2.24
RV00336,R309,Revolver,ABL Revolver,821000.0,0.435,357000.0,2.0,Floating,0.0309,0.0035,0.005,8,Unsecured,1.85
RV00337,R195,Revolver,Working Capital Line,1505000.0,0.15,226200.0,5.0,Floating,0.0259,0.0025,0.001,8,Unsecured,2.3
RV00338,R217,Revolver,Working Capital Line,1779000.0,0.077,136600.0,2.0,Floating,0.0294,0.0025,0.005,7,Unsecured,1.04
RV00339,R007,Revolver,ABL Revolver,4428000.0,0.28,1241000.0,3.0,Floating,0.0244,0.0025,0.001,6,Senior Secured,2.69
RV00340,R420,Revolver,Corporate RCF,1285000.0,0.563,722900.0,5.0,Floating,0.0268,0.002,0.005,7,Senior Secured,1.42
RV00341,R005,Revolver,Corporate RCF,7304000.0,0.123,901300.0,1.0,Floating,0.0161,0.0025,0.005,5,Senior Secured,0.77
RV00342,R172,Revolver,Working Capital Line,884000.0,0.305,269300.0,3.0,Floating,0.0148,0.0025,0.001,3,Senior Secured,2.54
RV00343,R254,Revolver,Working Capital Line,362000.0,0.255,92200.0,5.0,Floating,0.0216,0.0035,0.005,5,Unsecured,4.54
RV00344,R281,Revolver,Corporate RCF,490000.0,0.912,446900.0,5.0,Floating,0.0227,0.0025,0.005,5,Unsecured,1.88
RV00345,R490,Revolver,Working Capital Line,6098000.0,0.102,621600.0,1.0,Floating,0.0116,0.0035,0.0025,3,Unsecured,0.74
RV00346,R133,Revolver,Corporate RCF,2094000.0,0.784,1642400.0,3.0,Floating,0.0248,0.002,0.001,7,Senior Secured,0.81
RV00347,R104,Revolver,ABL Revolver,1731000.0,0.326,564600.0,2.0,Floating,0.0201,0.002,0.0025,4,Unsecured,1.78
RV00348,R177,Revolver,Working Capital Line,3929000.0,0.25,980900.0,1.0,Floating,0.0265,0.0035,0.005,6,Senior Secured,0.59
RV00349,R228,Revolver,Working Capital Line,3834000.0,0.408,1564900.0,1.0,Floating,0.0272,0.0025,0.001,7,Senior Secured,0.7
RV00350,R313,Revolver,Working Capital Line,1131000.0,0.785,888000.0,3.0,Floating,0.0146,0.002,0.005,2,Senior Secured,2.64
RV00351,R447,Revolver,Working Capital Line,1272000.0,0.345,438900.0,2.0,Floating,0.0216,0.002,0.001,5,Unsecured,1.21
RV00352,R008,Revolver,ABL Revolver,11266000.0,0.576,6494500.0,3.0,Floating,0.0234,0.0025,0.005,6,Unsecured,1.82
RV00353,R119,Revolver,ABL Revolver,249000.0,0.104,26000.0,1.0,Floating,0.021,0.0025,0.0025,5,Unsecured,0.57
RV00354,R497,Revolver,Working Capital Line,1298000.0,0.085,110800.0,1.0,Floating,0.0161,0.002,0.005,3,Senior Secured,0.68
RV00355,R005,Revolver,ABL Revolver,2909000.0,0.567,1648500.0,3.0,Floating,0.0176,0.0015,0.001,6,Senior Secured,2.32
RV00356,R277,Revolver,ABL Revolver,2387000.0,0.25,597900.0,1.0,Floating,0.0277,0.0035,0.001,7,Senior Secured,0.84
RV00357,R276,Revolver,Working Capital Line,11716000.0,0.343,4017700.0,1.0,Floating,0.0154,0.002,0.0025,4,Unsecured,0.22
RV00358,R002,Revolver,ABL Revolver,1043000.0,0.749,781000.0,1.0,Floating,0.0144,0.0015,0.005,3,Unsecured,0.48
RV00359,R147,Revolver,ABL Revolver,10811000.0,0.28,3027400.0,2.0,Floating,0.031,0.002,0.005,9,Senior Secured,1.09
RV00360,R233,Revolver,ABL Revolver,953000.0,0.528,502900.0,2.0,Floating,0.0298,0.0035,0.005,8,Senior Secured,0.56
RV00361,R009,Revolver,Corporate RCF,18272000.0,0.254,4634000.0,5.0,Floating,0.0099,0.0015,0.005,3,Unsecured,4.01
RV00362,R478,Revolver,ABL Revolver,1390000.0,0.375,521800.0,3.0,Floating,0.0225,0.0025,0.005,6,Senior Secured,1.85
RV00363,R158,Revolver,Working Capital Line,3222000.0,0.092,297000.0,1.0,Floating,0.0214,0.002,0.005,5,Senior Secured,0.2
RV00364,R402,Revolver,ABL Revolver,1064000.0,0.604,643000.0,1.0,Floating,0.0222,0.0025,0.001,5,Unsecured,0.71
RV00365,R068,Revolver,ABL Revolver,258000.0,0.598,154300.0,5.0,Floating,0.0257,0.0025,0.001,6,Unsecured,2.36
RV00366,R196,Revolver,Working Capital Line,2404000.0,0.602,1447700.0,1.0,Floating,0.024,0.0015,0.001,7,Unsecured,0.78
RV00367,R116,Revolver,Working Capital Line,4205000.0,0.097,407800.0,1.0,Floating,0.0205,0.002,0.0025,6,Senior Secured,0.34
RV00368,R318,Revolver,Working Capital Line,726000.0,0.533,387000.0,1.0,Floating,0.0159,0.0035,0.001,4,Unsecured,0.2
RV00369,R318,Revolver,Working Capital Line,1593000.0,0.541,862000.0,3.0,Floating,0.0158,0.0035,0.0025,4,Senior Secured,0.81
RV00370,R033,Revolver,Working Capital Line,831000.0,0.167,138800.0,3.0,Floating,0.021,0.0035,0.0025,4,Unsecured,1.66
RV00371,R337,Revolver,ABL Revolver,516000.0,0.463,239000.0,2.0,Floating,0.0318,0.002,0.0025,8,Senior Secured,1.6
RV00372,R009,Revolver,Corporate RCF,2764000.0,0.514,1421100.0,1.0,Floating,0.0176,0.0015,0.0025,5,Senior Secured,0.68
RV00373,R114,Revolver,ABL Revolver,619000.0,0.032,20000.0,3.0,Floating,0.0297,0.0035,0.005,7,Senior Secured,0.64
RV00374,R426,Revolver,Corporate RCF,3178000.0,0.289,917900.0,1.0,Floating,0.0205,0.0025,0.001,4,Senior Secured,0.67
RV00375,R109,Revolver,Working Capital Line,151000.0,0.363,54800.0,2.0,Floating,0.0202,0.0015,0.001,6,Senior Secured,1.17
RV00376,R401,Revolver,Working Capital Line,437000.0,0.175,76400.0,5.0,Floating,0.0102,0.0025,0.0025,2,Senior Secured,4.19
RV00377,R079,Revolver,Working Capital Line,146000.0,0.083,12100.0,1.0,Floating,0.0202,0.002,0.001,6,Unsecured,0.41
RV00378,R265,Revolver,Working Capital Line,506000.0,0.447,226400.0,2.0,Floating,0.0177,0.0015,0.005,4,Senior Secured,1.55
RV00379,R041,Revolver,Working Capital Line,7767000.0,0.115,895500.0,3.0,Floating,0.0179,0.0015,0.0025,4,Senior Secured,2.12
RV00380,R034,Revolver,Corporate RCF,909000.0,0.334,303600.0,3.0,Floating,0.0179,0.002,0.001,4,Unsecured,2.1
RV00381,R394,Revolver,Working Capital Line,4978000.0,0.783,3898300.0,2.0,Floating,0.0194,0.0015,0.0025,6,Unsecured,1.05
RV00382,R286,Revolver,Corporate RCF,11446000.0,0.085,968200.0,2.0,Floating,0.0206,0.0035,0.001,6,Senior Secured,0.42
RV00383,R372,Revolver,ABL Revolver,9781000.0,0.502,4906200.0,2.0,Floating,0.0296,0.0015,0.0025,8,Senior Secured,0.7
RV00384,R182,Revolver,ABL Revolver,994000.0,0.292,289900.0,2.0,Floating,0.0163,0.0015,0.0025,3,Senior Secured,1.75
RV00385,R399,Revolver,Working Capital Line,5725000.0,0.229,1310400.0,2.0,Floating,0.0139,0.0025,0.001,4,Senior Secured,1.39
RV00386,R498,Revolver,Corporate RCF,257000.0,0.463,118900.0,1.0,Floating,0.0153,0.002,0.005,4,Senior Secured,0.66
RV00387,R464,Revolver,Working Capital Line,642000.0,0.235,151200.0,2.0,Floating,0.0227,0.0015,0.001,5,Unsecured,1.24
RV00388,R247,Revolver,Corporate RCF,2713000.0,0.459,1244900.0,2.0,Floating,0.0127,0.0015,0.001,3,Senior Secured,0.52
RV00389,R469,Revolver,Working Capital Line,1262000.0,0.628,792100.0,2.0,Floating,0.0291,0.0015,0.0025,8,Senior Secured,0.96
RV00390,R173,Revolver,Corporate RCF,7080000.0,0.721,5103800.0,3.0,Floating,0.0237,0.002,0.001,7,Unsecured,2.09
RV00391,R353,Revolver,Corporate RCF,528000.0,0.506,267000.0,3.0,Floating,0.0196,0.002,0.005,4,Senior Secured,0.9
RV00392,R411,Revolver,Working Capital Line,1049000.0,0.464,486300.0,5.0,Floating,0.0251,0.0025,0.0025,8,Unsecured,4.68
RV00393,R169,Revolver,Working Capital Line,3051000.0,0.32,976600.0,3.0,Floating,0.0117,0.0025,0.001,2,Senior Secured,0.77
RV00394,R281,Revolver,Working Capital Line,783000.0,0.266,208300.0,3.0,Floating,0.0226,0.0015,0.0025,5,Senior Secured,2.23
RV00395,R004,Revolver,Corporate RCF,6881000.0,0.235,1619300.0,1.0,Floating,0.0169,0.002,0.005,4,Senior Secured,0.44
RV00396,R249,Revolver,Working Capital Line,408000.0,0.221,90300.0,3.0,Floating,0.017,0.002,0.005,4,Senior Secured,2.67
RV00397,R194,Revolver,Working Capital Line,1134000.0,0.374,424500.0,3.0,Floating,0.0137,0.0015,0.0025,3,Senior Secured,2.58
RV00398,R474,Revolver,Corporate RCF,3151000.0,0.148,467300.0,5.0,Floating,0.0202,0.002,0.005,5,Unsecured,2.33
RV00399,R095,Revolver,Working Capital Line,1779000.0,0.38,676300.0,5.0,Floating,0.0153,0.0015,0.001,4,Senior Secured,2.85
RV00400,R023,Revolver,Working Capital Line,1605000.0,0.371,594700.0,1.0,Floating,0.0149,0.002,0.005,3,Senior Secured,0.97
RV00401,R381,Revolver,Working Capital Line,2223000.0,0.181,402500.0,5.0,Floating,0.0261,0.0025,0.001,7,Unsecured,3.43
RV00402,R352,Revolver,Working Capital Line,1621000.0,0.264,428600.0,3.0,Floating,0.0143,0.0015,0.0025,3,Senior Secured,0.61
RV00403,R444,Revolver,Working Capital Line,345000.0,0.233,80300.0,3.0,Floating,0.0171,0.0025,0.001,3,Senior Secured,2.47
RV00404,R331,Revolver,ABL Revolver,964000.0,0.41,395100.0,2.0,Floating,0.0242,0.0015,0.0025,7,Unsecured,0.98
RV00405,R361,Revolver,Corporate RCF,388000.0,0.557,215900.0,2.0,Floating,0.0145,0.002,0.001,4,Senior Secured,0.84
RV00406,R002,Revolver,Working Capital Line,8011000.0,0.323,2590900.0,5.0,Floating,0.0139,0.0035,0.001,4,Senior Secured,4.33
RV00407,R260,Revolver,Corporate RCF,1168000.0,0.358,418700.0,1.0,Floating,0.0209,0.0025,0.0025,5,Unsecured,0.97
RV00408,R396,Revolver,Working Capital Line,2782000.0,0.432,1203200.0,3.0,Floating,0.0289,0.0035,0.005,8,Senior Secured,0.75
RV00409,R171,Revolver,Corporate RCF,1784000.0,0.106,188700.0,1.0,Floating,0.026,0.0015,0.005,7,Unsecured,0.51
RV00410,R267,Revolver,Working Capital Line,2488000.0,0.516,1283300.0,1.0,Floating,0.024,0.0015,0.005,7,Senior Secured,0.42
RV00411,R482,Revolver,Working Capital Line,2271000.0,0.153,347300.0,3.0,Floating,0.0187,0.002,0.001,5,Senior Secured,2.75
RV00412,R331,Revolver,Corporate RCF,691000.0,0.094,65200.0,3.0,Floating,0.0225,0.0015,0.005,6,Senior Secured,2.68
RV00413,R127,Revolver,Working Capital Line,1803000.0,0.348,628000.0,5.0,Floating,0.0168,0.0025,0.001,4,Unsecured,4.6
RV00414,R274,Revolver,Corporate RCF,4226000.0,0.666,2816100.0,3.0,Floating,0.0201,0.002,0.005,4,Senior Secured,0.7
RV00415,R419,Revolver,Working Capital Line,760000.0,0.316,240500.0,3.0,Floating,0.0212,0.0035,0.005,5,Senior Secured,0.72
RV00416,R206,Revolver,ABL Revolver,781000.0,0.293,228900.0,5.0,Floating,0.0224,0.0015,0.005,6,Senior Secured,3.21
RV00417,R001,Revolver,Working Capital Line,18186000.0,0.569,10342000.0,3.0,Floating,0.0188,0.002,0.0025,4,Senior Secured,1.0
RV00418,R241,Revolver,Corporate RCF,1003000.0,0.271,271700.0,3.0,Floating,0.0188,0.0015,0.005,4,Senior Secured,0.87
RV00419,R461,Revolver,Working Capital Line,3418000.0,0.225,767800.0,5.0,Floating,0.0208,0.0025,0.0025,6,Unsecured,2.04
RV00420,R330,Revolver,Working Capital Line,3290000.0,0.163,535400.0,3.0,Floating,0.0198,0.0015,0.001,7,Unsecured,2.3
RV00421,R073,Revolver,ABL Revolver,2597000.0,0.471,1222700.0,3.0,Floating,0.018,0.002,0.0025,5,Senior Secured,2.21
RV00422,R341,Revolver,Working Capital Line,3480000.0,0.645,2244100.0,3.0,Floating,0.0219,0.002,0.001,5,Senior Secured,2.48
RV00423,R342,Revolver,Corporate RCF,221000.0,0.797,176200.0,3.0,Floating,0.0281,0.0025,0.001,7,Senior Secured,0.75
RV00424,R326,Revolver,Corporate RCF,520000.0,0.457,237400.0,3.0,Floating,0.0146,0.002,0.001,4,Senior Secured,2.44
RV00425,R092,Revolver,Working Capital Line,397000.0,0.179,71200.0,3.0,Floating,0.0304,0.0025,0.001,8,Senior Secured,1.78
RV00426,R401,Revolver,ABL Revolver,122000.0,0.402,49100.0,3.0,Floating,0.0135,0.0015,0.005,2,Unsecured,1.35
RV00427,R017,Revolver,ABL Revolver,5802000.0,0.24,1391700.0,1.0,Floating,0.0291,0.0035,0.005,7,Senior Secured,0.69
RV00428,R057,Revolver,ABL Revolver,534000.0,0.664,354400.0,1.0,Floating,0.0198,0.0025,0.005,4,Senior Secured,0.84
RV00429,R082,Revolver,Corporate RCF,1991000.0,0.329,656000.0,2.0,Floating,0.0262,0.0015,0.0025,6,Unsecured,0.57
RV00430,R182,Revolver,Working Capital Line,1251000.0,0.326,407600.0,1.0,Floating,0.0189,0.0015,0.005,4,Senior Secured,0.85
RV00431,R399,Revolver,Working Capital Line,4566000.0,0.541,2468300.0,2.0,Floating,0.0188,0.002,0.001,4,Unsecured,1.31
RV00432,R202,Revolver,Corporate RCF,1755000.0,0.377,662200.0,1.0,Floating,0.0144,0.0035,0.005,3,Unsecured,0.7
RV00433,R064,Revolver,Corporate RCF,443000.0,0.685,303600.0,1.0,Floating,0.0279,0.002,0.005,7,Senior Secured,0.9
RV00434,R064,Revolver,Working Capital Line,955000.0,0.36,344100.0,5.0,Floating,0.0208,0.002,0.001,6,Unsecured,3.84
RV00435,R146,Revolver,Corporate RCF,2016000.0,0.669,1349300.0,3.0,Floating,0.0176,0.002,0.0025,4,Senior Secured,2.0
RV00436,R005,Revolver,Working Capital Line,7019000.0,0.432,3029300.0,3.0,Floating,0.0183,0.002,0.001,5,Senior Secured,1.41
RV00437,R420,Revolver,Working Capital Line,469000.0,0.448,210000.0,1.0,Floating,0.0263,0.002,0.001,6,Unsecured,0.61
RV00438,R278,Revolver,Corporate RCF,899000.0,0.821,738400.0,1.0,Floating,0.0141,0.0015,0.001,3,Unsecured,0.87
RV00439,R135,Revolver,ABL Revolver,1059000.0,0.114,121100.0,1.0,Floating,0.0282,0.0025,0.005,7,Senior Secured,1.0
RV00440,R361,Revolver,Corporate RCF,535000.0,0.189,100900.0,1.0,Floating,0.0175,0.0015,0.001,4,Senior Secured,0.8
RV00441,R230,Revolver,Working Capital Line,826000.0,0.303,250000.0,1.0,Floating,0.0255,0.0025,0.0025,6,Unsecured,0.83
RV00442,R314,Revolver,Corporate RCF,711000.0,0.455,323700.0,3.0,Floating,0.0219,0.002,0.005,6,Unsecured,2.28
RV00443,R462,Revolver,ABL Revolver,591000.0,0.434,256800.0,1.0,Floating,0.025,0.0025,0.005,6,Senior Secured,0.81
RV00444,R272,Revolver,Working Capital Line,1148000.0,0.075,86200.0,3.0,Floating,0.0177,0.0025,0.0025,4,Senior Secured,1.18
RV00445,R265,Revolver,Corporate RCF,1452000.0,0.246,357300.0,3.0,Floating,0.0183,0.0025,0.001,5,Unsecured,1.62
RV00446,R215,Revolver,Corporate RCF,15503000.0,0.414,6425100.0,1.0,Floating,0.026,0.0025,0.0025,7,Unsecured,0.64
RV00447,R007,Revolver,Corporate RCF,14528000.0,0.529,7686300.0,5.0,Floating,0.0234,0.002,0.001,6,Senior Secured,3.2
RV00448,R042,Revolver,Working Capital Line,11096000.0,0.544,6035300.0,3.0,Floating,0.0159,0.0025,0.005,4,Senior Secured,2.03
RV00449,R249,Revolver,Working Capital Line,422000.0,0.228,96300.0,2.0,Floating,0.0121,0.0015,0.005,3,Senior Secured,1.96
RV00450,R486,Revolver,Working Capital Line,209000.0,0.11,23000.0,3.0,Floating,0.0187,0.002,0.001,4,Unsecured,2.65
RV00451,R497,Revolver,Working Capital Line,2610000.0,0.467,1219800.0,3.0,Floating,0.0089,0.0015,0.001,2,Unsecured,2.59
RV00452,R268,Revolver,Working Capital Line,1908000.0,0.253,482000.0,3.0,Floating,0.0322,0.0025,0.005,8,Unsecured,2.59
RV00453,R098,Revolver,Working Capital Line,4970000.0,0.481,2391700.0,5.0,Floating,0.0294,0.0035,0.005,7,Senior Secured,4.17
RV00454,R402,Revolver,Working Capital Line,2622000.0,0.105,275400.0,2.0,Floating,0.0284,0.0025,0.005,7,Senior Secured,1.49
RV00455,R006,Revolver,ABL Revolver,749000.0,0.757,567300.0,2.0,Floating,0.0161,0.0015,0.005,4,Unsecured,0.81
RV00456,R005,Revolver,Corporate RCF,22683000.0,0.13,2946100.0,5.0,Floating,0.0209,0.0015,0.0025,5,Unsecured,4.42
RV00457,R314,Revolver,Corporate RCF,1192000.0,0.263,313600.0,3.0,Floating,0.0262,0.002,0.0025,6,Unsecured,1.27
RV00458,R183,Revolver,Working Capital Line,659000.0,0.284,187300.0,5.0,Floating,0.0224,0.0025,0.001,6,Unsecured,3.9
RV00459,R007,Revolver,Corporate RCF,14085000.0,0.562,7912500.0,3.0,Floating,0.0272,0.002,0.005,7,Unsecured,0.87
RV00460,R007,Revolver,Corporate RCF,8555000.0,0.363,3108700.0,3.0,Floating,0.0216,0.0035,0.005,7,Senior Secured,1.91
RV00461,R052,Revolver,Working Capital Line,1242000.0,0.283,351700.0,3.0,Floating,0.0147,0.0025,0.005,3,Senior Secured,1.37
RV00462,R220,Revolver,Working Capital Line,2166000.0,0.393,851700.0,2.0,Floating,0.0087,0.0035,0.0025,2,Senior Secured,1.53
RV00463,R325,Revolver,Corporate RCF,3894000.0,0.305,1186700.0,1.0,Floating,0.021,0.0035,0.005,5,Senior Secured,0.88
RV00464,R197,Revolver,Working Capital Line,234000.0,0.336,78600.0,2.0,Floating,0.0229,0.0015,0.001,6,Unsecured,0.42
RV00465,R419,Revolver,ABL Revolver,775000.0,0.217,168500.0,1.0,Floating,0.0142,0.0035,0.0025,3,Senior Secured,0.29
RV00466,R216,Revolver,Working Capital Line,617000.0,0.572,353100.0,3.0,Floating,0.012,0.0015,0.001,2,Senior Secured,2.82
RV00467,R277,Revolver,Corporate RCF,1581000.0,0.146,230600.0,3.0,Floating,0.0251,0.0015,0.0025,7,Senior Secured,1.17
RV00468,R372,Revolver,Working Capital Line,9304000.0,0.421,3914300.0,5.0,Floating,0.0236,0.0025,0.001,6,Senior Secured,3.92
RV00469,R404,Revolver,ABL Revolver,288000.0,0.157,45300.0,1.0,Floating,0.0261,0.0025,0.001,6,Senior Secured,0.85
RV00470,R459,Revolver,ABL Revolver,1445000.0,0.818,1181500.0,2.0,Floating,0.013,0.0025,0.0025,3,Senior Secured,1.58
RV00471,R400,Revolver,Corporate RCF,398000.0,0.343,136300.0,2.0,Floating,0.014,0.0015,0.001,2,Senior Secured,0.45
RV00472,R071,Revolver,Working Capital Line,586000.0,0.478,280300.0,3.0,Floating,0.0239,0.0015,0.001,6,Senior Secured,2.37
RV00473,R093,Revolver,Corporate RCF,1277000.0,0.114,145900.0,1.0,Floating,0.0214,0.0035,0.005,5,Unsecured,0.97
RV00474,R260,Revolver,Working Capital Line,1774000.0,0.129,229000.0,2.0,Floating,0.0234,0.0025,0.001,6,Unsecured,0.99
RV00475,R018,Revolver,Corporate RCF,1586000.0,0.498,789800.0,3.0,Floating,0.0165,0.002,0.005,4,Senior Secured,2.3
RV00476,R016,Revolver,ABL Revolver,6897000.0,0.218,1502100.0,2.0,Floating,0.0216,0.0015,0.0025,5,Unsecured,0.84
RV00477,R003,Revolver,Corporate RCF,19797000.0,0.569,11267800.0,3.0,Floating,0.0226,0.0015,0.001,6,Senior Secured,2.99
RV00478,R002,Revolver,Corporate RCF,2685000.0,0.288,772900.0,1.0,Floating,0.0133,0.002,0.001,4,Unsecured,0.37
RV00479,R476,Revolver,Working Capital Line,3068000.0,0.161,492900.0,2.0,Floating,0.032,0.002,0.005,10,Unsecured,0.89
RV00480,R132,Revolver,Working Capital Line,3297000.0,0.573,1887500.0,5.0,Floating,0.0265,0.0035,0.001,7,Unsecured,1.67
RV00481,R136,Revolver,Corporate RCF,3565000.0,0.566,2018800.0,1.0,Floating,0.0222,0.002,0.005,5,Senior Secured,0.96
RV00482,R441,Revolver,Corporate RCF,765000.0,0.473,361800.0,1.0,Floating,0.0255,0.002,0.001,6,Senior Secured,0.66
RV00483,R011,Revolver,Working Capital Line,448000.0,0.518,232300.0,5.0,Floating,0.0287,0.0035,0.0025,7,Unsecured,1.99
RV00484,R211,Revolver,Working Capital Line,1090000.0,0.24,261500.0,1.0,Floating,0.0242,0.0015,0.0025,6,Unsecured,0.31
RV00485,R202,Revolver,Corporate RCF,981000.0,0.179,175400.0,2.0,Floating,0.0146,0.0015,0.001,3,Unsecured,1.8
RV00486,R029,Revolver,Working Capital Line,891000.0,0.216,192900.0,2.0,Floating,0.0179,0.0035,0.005,4,Senior Secured,0.5
RV00487,R235,Revolver,Working Capital Line,1890000.0,0.291,550100.0,3.0,Floating,0.021,0.0035,0.001,6,Unsecured,2.14
RV00488,R337,Revolver,Working Capital Line,2856000.0,0.663,1893800.0,3.0,Floating,0.0277,0.002,0.005,8,Unsecured,2.06
RV00489,R037,Revolver,ABL Revolver,1708000.0,0.352,601700.0,3.0,Floating,0.0178,0.0015,0.0025,4,Unsecured,2.45
RV00490,R009,Revolver,Corporate RCF,7093000.0,0.47,3332700.0,5.0,Floating,0.0152,0.0015,0.001,4,Unsecured,3.73
RV00491,R087,Revolver,Corporate RCF,2407000.0,0.489,1176500.0,2.0,Floating,0.0209,0.0015,0.005,5,Senior Secured,1.74
RV00492,R037,Revolver,Working Capital Line,1493000.0,0.12,179600.0,2.0,Floating,0.0152,0.0035,0.001,4,Senior Secured,0.46
RV00493,R431,Revolver,Working Capital Line,5127000.0,0.394,2019600.0,5.0,Floating,0.0184,0.0025,0.001,5,Unsecured,2.72
RV00494,R454,Revolver,Working Capital Line,3665000.0,0.075,275800.0,1.0,Floating,0.0251,0.0035,0.0025,6,Unsecured,0.26
RV00495,R398,Revolver,ABL Revolver,1001000.0,0.403,403700.0,5.0,Floating,0.0078,0.0025,0.0025,1,Senior Secured,2.62
RV00496,R406,Revolver,Corporate RCF,1217000.0,0.45,547600.0,5.0,Floating,0.0221,0.0025,0.0025,6,Senior Secured,3.24
RV00497,R494,Revolver,Corporate RCF,1534000.0,0.286,439000.0,5.0,Floating,0.0209,0.0035,0.005,5,Unsecured,3.38
RV00498,R211,Revolver,Working Capital Line,4559000.0,0.09,409500.0,1.0,Floating,0.0244,0.002,0.005,7,Senior Secured,0.94
RV00499,R338,Revolver,ABL Revolver,1243000.0,0.273,338900.0,3.0,Floating,0.0229,0.0025,0.005,5,Unsecured,2.81
RV00500,R338,Revolver,ABL Revolver,5924000.0,0.487,2883900.0,5.0,Floating,0.021,0.002,0.001,6,Unsecured,2.24
RV00501,R053,Revolver,Working Capital Line,3327000.0,0.233,776400.0,2.0,Floating,0.0235,0.0025,0.005,6,Senior Secured,1.52
RV00502,R496,Revolver,ABL Revolver,1788000.0,0.031,56300.0,3.0,Floating,0.0136,0.0015,0.0025,3,Unsecured,2.31
RV00503,R385,Revolver,Working Capital Line,3264000.0,0.423,1380900.0,1.0,Floating,0.0182,0.0015,0.005,4,Senior Secured,0.97
RV00504,R362,Revolver,Corporate RCF,1202000.0,0.541,650800.0,1.0,Floating,0.0225,0.002,0.001,6,Senior Secured,0.27
RV00505,R318,Revolver,Working Capital Line,2333000.0,0.165,385800.0,5.0,Floating,0.0179,0.0035,0.0025,4,Unsecured,3.47
RV00506,R498,Revolver,Corporate RCF,344000.0,0.601,206600.0,5.0,Floating,0.0147,0.002,0.005,2,Senior Secured,2.63
RV00507,R464,Revolver,ABL Revolver,8713000.0,0.287,2497200.0,1.0,Floating,0.0221,0.0025,0.005,6,Senior Secured,0.48
RV00508,R264,Revolver,Working Capital Line,900000.0,0.66,594200.0,1.0,Floating,0.0193,0.0025,0.0025,5,Unsecured,0.69
RV00509,R214,Revolver,Corporate RCF,559000.0,0.547,305800.0,3.0,Floating,0.0173,0.0025,0.0025,4,Senior Secured,1.27
RV00510,R165,Revolver,Corporate RCF,544000.0,0.526,286300.0,1.0,Floating,0.0264,0.0015,0.001,6,Senior Secured,0.23
RV00511,R078,Revolver,Working Capital Line,358000.0,0.335,119800.0,3.0,Floating,0.0205,0.0035,0.0025,5,Senior Secured,2.47
RV00512,R451,Revolver,Working Capital Line,184000.0,0.381,70200.0,3.0,Floating,0.0232,0.0035,0.0025,5,Senior Secured,0.81
RV00513,R207,Revolver,Working Capital Line,1621000.0,0.491,795200.0,2.0,Floating,0.0203,0.0015,0.001,5,Senior Secured,0.93
RV00514,R483,Revolver,Working Capital Line,5241000.0,0.346,1811600.0,3.0,Floating,0.0147,0.002,0.005,2,Unsecured,2.03
RV00515,R364,Revolver,ABL Revolver,206000.0,0.222,45800.0,1.0,Floating,0.0355,0.0035,0.0025,10,Senior Secured,0.7
RV00516,R103,Revolver,ABL Revolver,1124000.0,0.54,606800.0,2.0,Floating,0.0218,0.0015,0.005,5,Senior Secured,1.47
RV00517,R209,Revolver,Working Capital Line,1733000.0,0.564,977000.0,5.0,Floating,0.015,0.0025,0.001,4,Unsecured,4.98
RV00518,R009,Revolver,ABL Revolver,7049000.0,0.087,612900.0,1.0,Floating,0.0145,0.0035,0.001,5,Senior Secured,0.52
RV00519,R038,Revolver,ABL Revolver,5603000.0,0.411,2305000.0,1.0,Floating,0.0172,0.0035,0.005,3,Senior Secured,0.31
RV00520,R392,Revolver,ABL Revolver,2413000.0,0.558,1347600.0,3.0,Floating,0.0312,0.002,0.005,8,Unsecured,0.93
RV00521,R465,Revolver,Working Capital Line,523000.0,0.442,231400.0,1.0,Floating,0.0227,0.0025,0.001,4,Unsecured,0.61
RV00522,R154,Revolver,Corporate RCF,719000.0,0.364,261500.0,2.0,Floating,0.0121,0.0035,0.005,3,Senior Secured,1.01
RV00523,R006,Revolver,Corporate RCF,861000.0,0.453,389700.0,5.0,Floating,0.0158,0.002,0.001,4,Senior Secured,4.65
RV00524,R003,Revolver,ABL Revolver,2624000.0,0.213,557600.0,1.0,Floating,0.0198,0.0035,0.001,6,Unsecured,0.61
RV00525,R153,Revolver,ABL Revolver,2069000.0,0.837,1732300.0,2.0,Floating,0.0276,0.0035,0.005,8,Unsecured,1.12
RV00526,R111,Revolver,Corporate RCF,2576000.0,0.15,385100.0,1.0,Floating,0.0253,0.0025,0.0025,7,Senior Secured,0.89
RV00527,R481,Revolver,ABL Revolver,9373000.0,0.298,2789800.0,3.0,Floating,0.0187,0.0025,0.005,4,Senior Secured,2.51
RV00528,R361,Revolver,Working Capital Line,1311000.0,0.43,564100.0,2.0,Floating,0.0194,0.0015,0.001,5,Senior Secured,1.54
RV00529,R358,Revolver,ABL Revolver,116000.0,0.406,47000.0,5.0,Floating,0.018,0.0015,0.005,4,Unsecured,3.11
RV00530,R389,Revolver,Working Capital Line,498000.0,0.742,369500.0,1.0,Floating,0.0196,0.0035,0.0025,4,Unsecured,0.39
RV00531,R260,Revolver,Working Capital Line,8710000.0,0.257,2239100.0,3.0,Floating,0.023,0.0025,0.005,5,Senior Secured,1.96
RV00532,R431,Revolver,Working Capital Line,11393000.0,0.214,2440200.0,5.0,Floating,0.0249,0.0035,0.0025,6,Senior Secured,1.46
RV00533,R004,Revolver,Working Capital Line,25036000.0,0.169,4225300.0,3.0,Floating,0.0156,0.0025,0.001,4,Unsecured,1.89
RV00534,R363,Revolver,ABL Revolver,713000.0,0.706,503300.0,3.0,Floating,0.0204,0.002,0.005,5,Senior Secured,2.64
RV00535,R077,Revolver,Working Capital Line,272000.0,0.183,49800.0,1.0,Floating,0.0196,0.0035,0.001,5,Unsecured,0.61
RV00536,R461,Revolver,Working Capital Line,850000.0,0.627,533100.0,2.0,Floating,0.0246,0.0035,0.0025,6,Unsecured,0.51
RV00537,R291,Revolver,Corporate RCF,2679000.0,0.506,1356900.0,2.0,Floating,0.0186,0.0035,0.005,5,Unsecured,0.45
RV00538,R040,Revolver,Working Capital Line,3606000.0,0.286,1030800.0,1.0,Floating,0.0265,0.0035,0.005,7,Senior Secured,0.89
RV00539,R186,Revolver,ABL Revolver,1082000.0,0.305,329900.0,2.0,Floating,0.0185,0.0015,0.005,5,Unsecured,0.76
RV00540,R040,Revolver,Working Capital Line,895000.0,0.331,296000.0,3.0,Floating,0.0234,0.0035,0.0025,6,Senior Secured,1.86
RV00541,R069,Revolver,ABL Revolver,2825000.0,0.475,1340700.0,2.0,Floating,0.0186,0.0015,0.0025,5,Unsecured,1.64
RV00542,R258,Revolver,Corporate RCF,1263000.0,0.594,750500.0,5.0,Floating,0.0227,0.0035,0.005,6,Senior Secured,2.01
RV00543,R325,Revolver,Corporate RCF,4646000.0,0.617,2864500.0,3.0,Floating,0.0165,0.0015,0.001,4,Senior Secured,2.37
RV00544,R158,Revolver,ABL Revolver,459000.0,0.235,108000.0,2.0,Floating,0.0191,0.0015,0.0025,5,Senior Secured,0.52
RV00545,R328,Revolver,Working Capital Line,1021000.0,0.765,780900.0,2.0,Floating,0.0261,0.0025,0.001,7,Unsecured,1.6
RV00546,R377,Revolver,Working Capital Line,3026000.0,0.307,930400.0,3.0,Floating,0.0159,0.002,0.001,5,Senior Secured,0.75
RV00547,R361,Revolver,Working Capital Line,201000.0,0.611,122900.0,2.0,Floating,0.0143,0.0035,0.0025,4,Senior Secured,0.84
RV00548,R450,Revolver,Working Capital Line,3848000.0,0.28,1076600.0,1.0,Floating,0.0251,0.002,0.005,6,Unsecured,0.41
RV00549,R161,Revolver,Working Capital Line,158000.0,0.504,79600.0,3.0,Floating,0.0238,0.0025,0.001,6,Senior Secured,2.74
RV00550,R110,Revolver,Working Capital Line,521000.0,0.686,357600.0,3.0,Floating,0.0221,0.0025,0.005,6,Senior Secured,1.88
RV00551,R066,Revolver,Working Capital Line,6340000.0,0.477,3024800.0,2.0,Floating,0.0254,0.0035,0.001,6,Senior Secured,1.75
RV00552,R282,Revolver,Working Capital Line,882000.0,0.738,650600.0,1.0,Floating,0.0166,0.0035,0.005,4,Unsecured,0.67
RV00553,R279,Revolver,Working Capital Line,809000.0,0.124,100000.0,1.0,Floating,0.0167,0.0025,0.0025,4,Unsecured,0.85
RV00554,R403,Revolver,Working Capital Line,1294000.0,0.295,381200.0,2.0,Floating,0.0219,0.002,0.001,6,Unsecured,1.28
RV00555,R215,Revolver,Working Capital Line,2808000.0,0.307,861900.0,1.0,Floating,0.0301,0.0025,0.0025,7,Unsecured,0.56
RV00556,R177,Revolver,Working Capital Line,2177000.0,0.656,1427500.0,3.0,Floating,0.024,0.0025,0.001,6,Unsecured,2.18
RV00557,R425,Revolver,Working Capital Line,503000.0,0.472,237400.0,3.0,Floating,0.0211,0.0035,0.0025,5,Senior Secured,1.29
RV00558,R461,Revolver,Working Capital Line,854000.0,0.276,235700.0,1.0,Floating,0.0188,0.0015,0.001,4,Senior Secured,0.93
RV00559,R180,Revolver,Working Capital Line,522000.0,0.291,152100.0,5.0,Floating,0.0114,0.0015,0.0025,3,Unsecured,4.63
RV00560,R061,Revolver,Working Capital Line,7883000.0,0.818,6449600.0,3.0,Floating,0.0251,0.002,0.001,7,Unsecured,0.77
RV00561,R083,Revolver,Working Capital Line,2130000.0,0.318,678200.0,1.0,Floating,0.0216,0.002,0.001,5,Senior Secured,0.93
RV00562,R195,Revolver,ABL Revolver,630000.0,0.336,211900.0,5.0,Floating,0.0235,0.0035,0.001,6,Unsecured,1.73
RV00563,R004,Revolver,Working Capital Line,4511000.0,0.11,498200.0,3.0,Floating,0.0203,0.002,0.001,4,Senior Secured,2.24
RV00564,R083,Revolver,ABL Revolver,13086000.0,0.391,5121200.0,3.0,Floating,0.0252,0.0015,0.001,7,Senior Secured,2.58
RV00565,R215,Revolver,Working Capital Line,605000.0,0.3,181700.0,1.0,Floating,0.0226,0.0015,0.0025,5,Senior Secured,0.39
RV00566,R052,Revolver,Working Capital Line,1218000.0,0.481,586100.0,5.0,Floating,0.0139,0.0035,0.0025,2,Unsecured,1.45
RV00567,R022,Revolver,Working Capital Line,711000.0,0.46,327300.0,1.0,Floating,0.0266,0.0025,0.001,7,Senior Secured,0.8
RV00568,R471,Revolver,Corporate RCF,734000.0,0.263,193200.0,2.0,Floating,0.0213,0.0035,0.0025,5,Senior Secured,1.11
RV00569,R463,Revolver,Corporate RCF,422000.0,0.779,328500.0,5.0,Floating,0.0257,0.002,0.005,7,Senior Secured,2.95
RV00570,R274,Revolver,Corporate RCF,1172000.0,0.415,486000.0,5.0,Floating,0.0196,0.0015,0.0025,6,Unsecured,4.05
RV00571,R274,Revolver,Corporate RCF,405000.0,0.513,207600.0,3.0,Floating,0.0214,0.002,0.001,5,Senior Secured,1.21
RV00572,R380,Revolver,ABL Revolver,3340000.0,0.404,1347900.0,1.0,Floating,0.0188,0.0015,0.0025,4,Senior Secured,0.28
RV00573,R328,Revolver,Working Capital Line,12535000.0,0.116,1449000.0,2.0,Floating,0.0275,0.0015,0.005,7,Unsecured,1.93
RV00574,R036,Revolver,Working Capital Line,1028000.0,0.138,141600.0,5.0,Floating,0.0152,0.0035,0.001,3,Unsecured,3.8
RV00575,R269,Revolver,ABL Revolver,715000.0,0.543,388000.0,3.0,Floating,0.0226,0.002,0.001,5,Senior Secured,2.17
RV00576,R101,Revolver,Corporate RCF,1234000.0,0.217,267400.0,5.0,Floating,0.0218,0.0015,0.0025,6,Senior Secured,2.33
RV00577,R008,Revolver,Corporate RCF,5681000.0,0.273,1550100.0,1.0,Floating,0.0258,0.0015,0.0025,7,Unsecured,1.0
RV00578,R215,Revolver,Working Capital Line,1926000.0,0.484,932300.0,5.0,Floating,0.0215,0.002,0.0025,6,Senior Secured,1.89
RV00579,R169,Revolver,Corporate RCF,3032000.0,0.567,1718200.0,1.0,Floating,0.0149,0.0035,0.005,3,Senior Secured,0.34
RV00580,R040,Revolver,Working Capital Line,1167000.0,0.474,553700.0,2.0,Floating,0.0277,0.0025,0.005,7,Senior Secured,0.91
RV00581,R232,Revolver,Working Capital Line,4183000.0,0.638,2666700.0,5.0,Floating,0.0225,0.0025,0.001,6,Unsecured,3.96
RV00582,R365,Revolver,ABL Revolver,878000.0,0.242,212700.0,2.0,Floating,0.0222,0.0025,0.0025,5,Unsecured,0.78
RV00583,R359,Revolver,Corporate RCF,312000.0,0.289,90100.0,3.0,Floating,0.0256,0.0035,0.0025,7,Senior Secured,1.35
RV00584,R005,Revolver,Working Capital Line,20746000.0,0.31,6423300.0,3.0,Floating,0.0214,0.0015,0.001,6,Senior Secured,1.87
RV00585,R080,Revolver,Working Capital Line,8240000.0,0.281,2314700.0,5.0,Floating,0.0203,0.002,0.001,5,Senior Secured,3.6
RV00586,R063,Revolver,ABL Revolver,1086000.0,0.113,122700.0,1.0,Floating,0.0279,0.002,0.0025,8,Unsecured,0.32
RV00587,R056,Revolver,Corporate RCF,2118000.0,0.061,129500.0,1.0,Floating,0.0308,0.0015,0.0025,7,Unsecured,0.72
RV00588,R380,Revolver,Corporate RCF,4630000.0,0.633,2930000.0,3.0,Floating,0.0162,0.0025,0.001,4,Senior Secured,1.51
RV00589,R087,Revolver,Working Capital Line,2187000.0,0.443,969600.0,5.0,Floating,0.0133,0.0025,0.005,4,Unsecured,2.38
RV00590,R010,Revolver,Corporate RCF,1155000.0,0.334,386000.0,5.0,Floating,0.0173,0.0025,0.001,5,Senior Secured,1.32
RV00591,R264,Revolver,Working Capital Line,1463000.0,0.706,1032700.0,2.0,Floating,0.0182,0.0015,0.0025,4,Senior Secured,1.96
RV00592,R003,Revolver,Corporate RCF,16395000.0,0.205,3365600.0,3.0,Floating,0.0154,0.002,0.005,4,Senior Secured,2.26
RV00593,R115,Revolver,Working Capital Line,3224000.0,0.471,1520000.0,2.0,Floating,0.0199,0.002,0.005,4,Unsecured,0.56
RV00594,R331,Revolver,Working Capital Line,457000.0,0.454,207500.0,2.0,Floating,0.0227,0.0015,0.005,5,Unsecured,0.99
RV00595,R041,Revolver,Corporate RCF,3241000.0,0.258,837800.0,1.0,Floating,0.0201,0.0025,0.001,5,Senior Secured,0.26
RV00596,R429,Revolver,Corporate RCF,3305000.0,0.454,1502100.0,1.0,Floating,0.0145,0.0025,0.005,4,Senior Secured,0.63
RV00597,R222,Revolver,Working Capital Line,952000.0,0.695,661700.0,1.0,Floating,0.0321,0.0035,0.0025,10,Unsecured,0.76
RV00598,R009,Revolver,Corporate RCF,8144000.0,0.143,1162200.0,1.0,Floating,0.0161,0.0035,0.001,4,Senior Secured,0.25
RV00599,R026,Revolver,Working Capital Line,2734000.0,0.12,329000.0,1.0,Floating,0.012,0.0035,0.005,3,Senior Secured,0.94
RV00600,R141,Revolver,ABL Revolver,1066000.0,0.144,153700.0,5.0,Floating,0.0172,0.002,0.0025,4,Unsecured,2.5
RV00601,R275,Revolver,Working Capital Line,5149000.0,0.416,2140200.0,1.0,Floating,0.0179,0.0015,0.001,3,Unsecured,0.39
RV00602,R135,Revolver,Working Capital Line,2643000.0,0.274,723500.0,5.0,Floating,0.027,0.0025,0.001,7,Senior Secured,1.52
RV00603,R479,Revolver,Working Capital Line,446000.0,0.591,263700.0,5.0,Floating,0.0264,0.0025,0.001,7,Senior Secured,1.58
RV00604,R007,Revolver,Working Capital Line,6289000.0,0.482,3028400.0,2.0,Floating,0.0259,0.002,0.001,8,Unsecured,1.76
RV00605,R468,Revolver,ABL Revolver,602000.0,0.577,347600.0,3.0,Floating,0.0183,0.002,0.001,4,Senior Secured,1.75
RV00606,R081,Revolver,ABL Revolver,1589000.0,0.304,482600.0,2.0,Floating,0.0174,0.0035,0.0025,4,Unsecured,1.68
RV00607,R118,Revolver,Corporate RCF,206000.0,0.496,102100.0,1.0,Floating,0.0212,0.0035,0.001,5,Unsecured,0.38
RV00608,R222,Revolver,ABL Revolver,901000.0,0.362,326600.0,3.0,Floating,0.0306,0.0025,0.005,8,Unsecured,1.36
RV00609,R389,Revolver,Working Capital Line,1357000.0,0.695,943200.0,3.0,Floating,0.0225,0.0035,0.005,5,Senior Secured,1.59
RV00610,R258,Revolver,Working Capital Line,766000.0,0.583,446600.0,2.0,Floating,0.0266,0.0015,0.005,7,Unsecured,1.13
RV00611,R214,Revolver,ABL Revolver,874000.0,0.325,283900.0,5.0,Floating,0.0161,0.0025,0.001,3,Unsecured,1.39
RV00612,R030,Revolver,Working Capital Line,1284000.0,0.702,901100.0,3.0,Floating,0.0309,0.002,0.0025,9,Unsecured,0.71
RV00613,R377,Revolver,Working Capital Line,3138000.0,0.112,351900.0,2.0,Floating,0.0286,0.002,0.001,7,Senior Secured,1.99
RV00614,R313,Revolver,Corporate RCF,604000.0,0.771,465500.0,1.0,Floating,0.0133,0.0035,0.005,3,Unsecured,0.73
RV00615,R276,Revolver,Corporate RCF,921000.0,0.427,392800.0,5.0,Floating,0.0147,0.0035,0.001,3,Senior Secured,1.22
RV00616,R479,Revolver,Working Capital Line,812000.0,0.132,107200.0,5.0,Floating,0.0316,0.002,0.001,8,Senior Secured,4.09
RV00617,R265,Revolver,ABL Revolver,4801000.0,0.298,1432100.0,3.0,Floating,0.0197,0.0025,0.001,5,Senior Secured,1.47
RV00618,R061,Revolver,Working Capital Line,310000.0,0.562,174200.0,3.0,Floating,0.0236,0.0025,0.0025,7,Senior Secured,2.51
RV00619,R009,Revolver,Working Capital Line,13185000.0,0.255,3357400.0,3.0,Floating,0.0154,0.0035,0.0025,4,Senior Secured,2.88
RV00620,R211,Revolver,Working Capital Line,7496000.0,0.497,3728000.0,1.0,Floating,0.0235,0.0015,0.0025,5,Unsecured,0.22
RV00621,R487,Revolver,Working Capital Line,105000.0,0.215,22500.0,5.0,Floating,0.0162,0.0025,0.001,5,Senior Secured,4.86
RV00622,R379,Revolver,Working Capital Line,1275000.0,0.269,343500.0,3.0,Floating,0.0321,0.0015,0.0025,9,Senior Secured,1.0
RV00623,R278,Revolver,Working Capital Line,4551000.0,0.573,2607900.0,3.0,Floating,0.011,0.0035,0.001,2,Unsecured,1.31
RV00624,R111,Revolver,Corporate RCF,693000.0,0.411,284600.0,3.0,Floating,0.0288,0.0015,0.001,8,Senior Secured,2.1
RV00625,R141,Revolver,Working Capital Line,493000.0,0.217,107200.0,3.0,Floating,0.02,0.0015,0.001,5,Senior Secured,2.32
RV00626,R054,Revolver,Working Capital Line,518000.0,0.299,154800.0,1.0,Floating,0.0254,0.0035,0.001,6,Unsecured,0.34
RV00627,R283,Revolver,Corporate RCF,656000.0,0.604,396400.0,3.0,Floating,0.0208,0.0025,0.005,5,Senior Secured,0.93
RV00628,R033,Revolver,Working Capital Line,672000.0,0.583,392000.0,1.0,Floating,0.0199,0.0035,0.001,4,Senior Secured,0.43
RV00629,R195,Revolver,ABL Revolver,567000.0,0.479,271300.0,1.0,Floating,0.0261,0.002,0.0025,6,Senior Secured,0.46
RV00630,R003,Revolver,ABL Revolver,5387000.0,0.929,5002600.0,1.0,Floating,0.0149,0.002,0.005,4,Unsecured,0.45
RV00631,R270,Revolver,Working Capital Line,2574000.0,0.359,925000.0,2.0,Floating,0.02,0.0025,0.005,5,Senior Secured,0.67
RV00632,R436,Revolver,Working Capital Line,886000.0,0.175,154900.0,5.0,Floating,0.0187,0.0035,0.0025,4,Unsecured,4.88
RV00633,R005,Revolver,Working Capital Line,1522000.0,0.591,900200.0,1.0,Floating,0.0172,0.0035,0.001,4,Unsecured,0.84
RV00634,R297,Revolver,ABL Revolver,2611000.0,0.113,295400.0,2.0,Floating,0.0212,0.002,0.0025,6,Unsecured,1.97
RV00635,R158,Revolver,ABL Revolver,741000.0,0.255,188800.0,3.0,Floating,0.0184,0.0025,0.001,4,Unsecured,0.85
RV00636,R440,Revolver,Working Capital Line,1864000.0,0.183,342000.0,5.0,Floating,0.0258,0.0035,0.0025,7,Senior Secured,1.3
RV00637,R122,Revolver,Working Capital Line,797000.0,0.173,137700.0,3.0,Floating,0.0199,0.0025,0.005,5,Unsecured,1.89
RV00638,R491,Revolver,Working Capital Line,1064000.0,0.658,700000.0,5.0,Floating,0.0137,0.0025,0.001,3,Unsecured,3.46
RV00639,R349,Revolver,Working Capital Line,550000.0,0.45,247400.0,3.0,Floating,0.0166,0.0015,0.001,4,Unsecured,2.12
RV00640,R069,Revolver,Working Capital Line,4169000.0,0.64,2667200.0,3.0,Floating,0.0232,0.0025,0.001,5,Unsecured,0.82
RV00641,R099,Revolver,Working Capital Line,371000.0,0.174,64400.0,2.0,Floating,0.0256,0.0015,0.0025,7,Senior Secured,1.75
RV00642,R173,Revolver,Working Capital Line,2015000.0,0.401,808000.0,2.0,Floating,0.0286,0.002,0.0025,7,Unsecured,1.18
RV00643,R431,Revolver,Working Capital Line,360000.0,0.559,201200.0,2.0,Floating,0.0266,0.0025,0.001,7,Unsecured,0.99
RV00644,R009,Revolver,ABL Revolver,21093000.0,0.126,2652600.0,3.0,Floating,0.0151,0.0015,0.005,5,Unsecured,1.81
RV00645,R309,Revolver,Working Capital Line,752000.0,0.175,131800.0,3.0,Floating,0.0323,0.002,0.001,9,Unsecured,0.7
RV00646,R054,Revolver,ABL Revolver,1611000.0,0.332,534200.0,3.0,Floating,0.0211,0.002,0.0025,6,Senior Secured,1.12
RV00647,R441,Revolver,Working Capital Line,1353000.0,0.463,626400.0,3.0,Floating,0.0219,0.0015,0.0025,5,Unsecured,3.0
RV00648,R429,Revolver,Working Capital Line,4337000.0,0.028,121400.0,3.0,Floating,0.0119,0.0025,0.005,2,Senior Secured,1.93
RV00649,R036,Revolver,Working Capital Line,875000.0,0.057,49900.0,1.0,Floating,0.0168,0.0025,0.0025,3,Senior Secured,0.26
RV00650,R216,Revolver,Corporate RCF,3750000.0,0.683,2561400.0,2.0,Floating,0.018,0.0035,0.001,3,Senior Secured,0.87
RV00651,R433,Revolver,Working Capital Line,1113000.0,0.075,83600.0,3.0,Floating,0.0284,0.0025,0.001,9,Senior Secured,1.04
RV00652,R167,Revolver,ABL Revolver,307000.0,0.168,51700.0,1.0,Floating,0.0282,0.0015,0.001,8,Senior Secured,0.94
RV00653,R047,Revolver,Corporate RCF,805000.0,0.42,337700.0,5.0,Floating,0.0155,0.0015,0.0025,4,Senior Secured,4.22
RV00654,R146,Revolver,Working Capital Line,478000.0,0.257,122700.0,1.0,Floating,0.0222,0.0035,0.005,4,Unsecured,0.64
RV00655,R332,Revolver,Working Capital Line,3179000.0,0.176,560100.0,1.0,Floating,0.0226,0.0015,0.0025,6,Unsecured,0.96
RV00656,R234,Revolver,Working Capital Line,1235000.0,0.142,175400.0,3.0,Floating,0.0153,0.002,0.0025,4,Unsecured,1.49
RV00657,R305,Revolver,Working Capital Line,462000.0,0.411,190100.0,1.0,Floating,0.0308,0.002,0.0025,7,Senior Secured,0.89
RV00658,R255,Revolver,Working Capital Line,2071000.0,0.755,1562900.0,3.0,Floating,0.022,0.0015,0.001,6,Unsecured,1.72
RV00659,R009,Revolver,Corporate RCF,8278000.0,0.016,129400.0,1.0,Floating,0.012,0.0025,0.005,4,Unsecured,0.88
RV00660,R338,Revolver,Working Capital Line,2487000.0,0.293,728500.0,1.0,Floating,0.0184,0.0035,0.0025,5,Unsecured,0.92
RV00661,R415,Revolver,Working Capital Line,1126000.0,0.816,918300.0,3.0,Floating,0.0098,0.0035,0.005,1,Senior Secured,1.71
RV00662,R051,Revolver,Corporate RCF,937000.0,0.56,524600.0,2.0,Floating,0.0208,0.002,0.0025,5,Unsecured,0.68
RV00663,R395,Revolver,Corporate RCF,252000.0,0.334,84100.0,3.0,Floating,0.0274,0.002,0.001,8,Senior Secured,1.06
RV00664,R332,Revolver,ABL Revolver,127000.0,0.254,32200.0,1.0,Floating,0.0253,0.0015,0.0025,7,Senior Secured,0.43
RV00665,R432,Revolver,Working Capital Line,1889000.0,0.401,757500.0,3.0,Floating,0.0292,0.0015,0.001,8,Senior Secured,1.14
RV00666,R048,Revolver,ABL Revolver,1460000.0,0.096,140300.0,2.0,Floating,0.0177,0.0035,0.001,3,Unsecured,1.02
RV00667,R250,Revolver,Working Capital Line,636000.0,0.505,321100.0,1.0,Floating,0.0158,0.0035,0.005,3,Senior Secured,0.61
RV00668,R496,Revolver,Corporate RCF,8046000.0,0.687,5529200.0,3.0,Floating,0.0168,0.0035,0.005,4,Senior Secured,0.81
RV00669,R415,Revolver,Corporate RCF,845000.0,0.733,619500.0,3.0,Floating,0.009,0.0015,0.001,1,Unsecured,2.78
RV00670,R222,Revolver,Corporate RCF,2990000.0,0.216,646600.0,5.0,Floating,0.0306,0.002,0.0025,8,Senior Secured,1.01
RV00671,R171,Revolver,Working Capital Line,2485000.0,0.665,1652000.0,5.0,Floating,0.0325,0.0025,0.005,8,Senior Secured,1.55
RV00672,R446,Revolver,ABL Revolver,2270000.0,0.676,1534000.0,3.0,Floating,0.0129,0.0035,0.005,3,Unsecured,0.62
RV00673,R131,Revolver,ABL Revolver,298000.0,0.534,159000.0,1.0,Floating,0.0229,0.002,0.005,5,Unsecured,0.99
RV00674,R012,Revolver,ABL Revolver,2685000.0,0.284,761600.0,3.0,Floating,0.0257,0.0015,0.005,7,Unsecured,1.59
RV00675,R166,Revolver,Working Capital Line,2649000.0,0.4,1060400.0,3.0,Floating,0.0119,0.0035,0.001,3,Unsecured,1.07
RV00676,R164,Revolver,Working Capital Line,3378000.0,0.169,569900.0,5.0,Floating,0.0143,0.0015,0.001,4,Senior Secured,1.47
RV00677,R108,Revolver,Working Capital Line,1451000.0,0.386,559500.0,3.0,Floating,0.0318,0.0025,0.005,8,Senior Secured,1.49
RV00678,R138,Revolver,ABL Revolver,253000.0,0.145,36700.0,1.0,Floating,0.0236,0.002,0.005,5,Senior Secured,0.98
RV00679,R208,Revolver,ABL Revolver,4956000.0,0.404,2002600.0,5.0,Floating,0.0252,0.0015,0.001,7,Unsecured,3.19
RV00680,R407,Revolver,ABL Revolver,432000.0,0.296,127900.0,3.0,Floating,0.0259,0.0025,0.005,7,Senior Secured,1.45
RV00681,R001,Revolver,Corporate RCF,1220000.0,0.257,313500.0,1.0,Floating,0.0083,0.002,0.001,3,Senior Secured,0.49
RV00682,R244,Revolver,Working Capital Line,643000.0,0.366,235500.0,3.0,Floating,0.025,0.002,0.0025,6,Unsecured,0.88
RV00683,R472,Revolver,ABL Revolver,292000.0,0.338,98700.0,3.0,Floating,0.029,0.0015,0.005,8,Senior Secured,1.84
RV00684,R464,Revolver,Working Capital Line,996000.0,0.427,424900.0,3.0,Floating,0.0176,0.0025,0.0025,5,Senior Secured,1.62
RV00685,R011,Revolver,ABL Revolver,8814000.0,0.3,2643100.0,5.0,Floating,0.0239,0.002,0.005,6,Unsecured,3.92
RV00686,R153,Revolver,Working Capital Line,626000.0,0.071,44600.0,1.0,Floating,0.0263,0.0015,0.001,8,Senior Secured,0.35
RV00687,R107,Revolver,Corporate RCF,244000.0,0.385,93900.0,1.0,Floating,0.0302,0.002,0.0025,8,Unsecured,0.31
RV00688,R123,Revolver,Working Capital Line,902000.0,0.172,155200.0,1.0,Floating,0.0241,0.0015,0.005,7,Senior Secured,0.67
RV00689,R442,Revolver,ABL Revolver,393000.0,0.479,188300.0,5.0,Floating,0.027,0.0025,0.005,7,Senior Secured,3.97
RV00690,R073,Revolver,ABL Revolver,5757000.0,0.314,1807800.0,1.0,Floating,0.025,0.0025,0.0025,7,Senior Secured,0.6
RV00691,R350,Revolver,ABL Revolver,396000.0,0.621,245800.0,3.0,Floating,0.0216,0.0035,0.001,7,Senior Secured,2.5
RV00692,R097,Revolver,Corporate RCF,1124000.0,0.403,452500.0,3.0,Floating,0.0171,0.0035,0.0025,3,Senior Secured,2.62
RV00693,R488,Revolver,Working Capital Line,314000.0,0.587,184300.0,5.0,Floating,0.0172,0.0015,0.005,3,Senior Secured,4.67
RV00694,R146,Revolver,Working Capital Line,9141000.0,0.335,3062500.0,1.0,Floating,0.0197,0.0015,0.0025,5,Senior Secured,0.5
RV00695,R363,Revolver,Working Capital Line,1387000.0,0.165,228600.0,1.0,Floating,0.024,0.002,0.005,6,Senior Secured,0.92
RV00696,R112,Revolver,Working Capital Line,773000.0,0.421,325400.0,5.0,Floating,0.03,0.0015,0.001,8,Senior Secured,3.84
RV00697,R432,Revolver,Working Capital Line,2031000.0,0.16,325800.0,3.0,Floating,0.0272,0.0035,0.005,7,Senior Secured,2.1
RV00698,R099,Revolver,Working Capital Line,535000.0,0.291,155800.0,1.0,Floating,0.0298,0.0035,0.005,7,Senior Secured,0.64
RV00699,R325,Revolver,Corporate RCF,1333000.0,0.064,85700.0,1.0,Floating,0.0243,0.002,0.0025,6,Senior Secured,0.22
RV00700,R449,Revolver,Working Capital Line,433000.0,0.54,233900.0,5.0,Floating,0.0172,0.0035,0.001,4,Senior Secured,3.24
RV00701,R007,Revolver,Working Capital Line,33262000.0,0.768,25557600.0,5.0,Floating,0.0282,0.0025,0.0025,8,Unsecured,4.12
RV00702,R448,Revolver,Corporate RCF,1608000.0,0.339,545700.0,3.0,Floating,0.0086,0.0025,0.005,1,Senior Secured,2.97
RV00703,R152,Revolver,ABL Revolver,130000.0,0.329,42800.0,2.0,Floating,0.0242,0.0035,0.005,7,Unsecured,1.09
RV00704,R413,Revolver,ABL Revolver,309000.0,0.379,117000.0,3.0,Floating,0.0259,0.0025,0.0025,6,Senior Secured,2.98
RV00705,R005,Revolver,ABL Revolver,16926000.0,0.383,6486300.0,1.0,Floating,0.0234,0.0025,0.001,6,Senior Secured,0.34
RV00706,R001,Revolver,ABL Revolver,5852000.0,0.751,4395400.0,5.0,Floating,0.0129,0.0015,0.005,4,Senior Secured,4.83
RV00707,R083,Revolver,ABL Revolver,2343000.0,0.422,988500.0,1.0,Floating,0.0249,0.0025,0.005,7,Senior Secured,0.67
RV00708,R487,Revolver,Corporate RCF,2526000.0,0.595,1503100.0,1.0,Floating,0.025,0.0035,0.001,6,Unsecured,0.73
RV00709,R437,Revolver,Working Capital Line,438000.0,0.622,272300.0,2.0,Floating,0.0176,0.0035,0.001,5,Unsecured,1.32
RV00710,R005,Revolver,Working Capital Line,12976000.0,0.561,7278000.0,1.0,Floating,0.0205,0.0015,0.005,6,Senior Secured,0.99
RV00711,R092,Revolver,ABL Revolver,483000.0,0.508,245100.0,2.0,Floating,0.0316,0.0015,0.001,7,Senior Secured,0.47
RV00712,R285,Revolver,ABL Revolver,1480000.0,0.139,206300.0,3.0,Floating,0.0284,0.0025,0.005,8,Unsecured,1.59
RV00713,R107,Revolver,ABL Revolver,620000.0,0.331,205300.0,2.0,Floating,0.0341,0.0015,0.001,9,Unsecured,1.8
RV00714,R044,Revolver,ABL Revolver,2127000.0,0.355,754500.0,3.0,Floating,0.0293,0.0025,0.0025,7,Senior Secured,1.0
RV00715,R449,Revolver,Working Capital Line,1844000.0,0.149,275500.0,1.0,Floating,0.0161,0.002,0.0025,4,Senior Secured,0.66
RV00716,R198,Revolver,ABL Revolver,1728000.0,0.436,753300.0,2.0,Floating,0.0212,0.0035,0.0025,5,Senior Secured,1.24
RV00717,R213,Revolver,ABL Revolver,2278000.0,0.361,823300.0,3.0,Floating,0.0248,0.0015,0.001,5,Senior Secured,2.54
RV00718,R133,Revolver,Working Capital Line,576000.0,0.235,135400.0,3.0,Floating,0.0244,0.0015,0.001,6,Senior Secured,2.8
RV00719,R007,Revolver,Corporate RCF,30974000.0,0.319,9872200.0,1.0,Floating,0.0295,0.0015,0.0025,7,Senior Secured,0.41
RV00720,R427,Revolver,ABL Revolver,1498000.0,0.069,103700.0,5.0,Floating,0.0278,0.0015,0.001,8,Senior Secured,3.77
RV00721,R368,Revolver,Working Capital Line,1859000.0,0.545,1012600.0,1.0,Floating,0.0299,0.0015,0.005,7,Senior Secured,0.64
RV00722,R215,Revolver,Working Capital Line,1469000.0,0.571,838500.0,1.0,Floating,0.0207,0.0035,0.0025,5,Senior Secured,0.73
RV00723,R260,Revolver,Working Capital Line,6650000.0,0.289,1924000.0,1.0,Floating,0.0228,0.0025,0.001,6,Senior Secured,0.36
RV00724,R288,Revolver,Working Capital Line,978000.0,0.197,193000.0,3.0,Floating,0.0164,0.0025,0.005,3,Unsecured,1.25
RV00725,R161,Revolver,Working Capital Line,761000.0,0.502,382400.0,1.0,Floating,0.0233,0.002,0.0025,6,Senior Secured,0.64
RV00726,R154,Revolver,Corporate RCF,977000.0,0.058,56300.0,1.0,Floating,0.0121,0.0015,0.001,2,Senior Secured,0.2
RV00727,R001,Revolver,ABL Revolver,9954000.0,0.341,3389400.0,2.0,Floating,0.0159,0.0035,0.0025,4,Senior Secured,1.55
RV00728,R227,Revolver,Working Capital Line,2512000.0,0.127,318200.0,2.0,Floating,0.0171,0.0035,0.005,5,Senior Secured,0.66
RV00729,R368,Revolver,Working Capital Line,7811000.0,0.102,795600.0,1.0,Floating,0.0247,0.002,0.0025,7,Senior Secured,0.95
RV00730,R007,Revolver,Corporate RCF,22813000.0,0.356,8110700.0,3.0,Floating,0.0282,0.0035,0.0025,8,Senior Secured,2.67
RV00731,R440,Revolver,Working Capital Line,4267000.0,0.622,2655000.0,3.0,Floating,0.0255,0.0025,0.0025,6,Senior Secured,2.1
RV00732,R461,Revolver,Corporate RCF,3037000.0,0.33,1000800.0,1.0,Floating,0.0242,0.002,0.005,6,Senior Secured,0.91
RV00733,R007,Revolver,Working Capital Line,7401000.0,0.233,1723900.0,1.0,Floating,0.0246,0.0015,0.005,7,Senior Secured,0.99
RV00734,R009,Revolver,Working Capital Line,13670000.0,0.124,1691500.0,2.0,Floating,0.0154,0.0025,0.001,4,Senior Secured,1.64
RV00735,R494,Revolver,Corporate RCF,2176000.0,0.621,1351300.0,5.0,Floating,0.0198,0.0015,0.0025,4,Senior Secured,3.51
RV00736,R157,Revolver,Working Capital Line,2205000.0,0.077,169800.0,3.0,Floating,0.015,0.002,0.005,4,Unsecured,1.68
RV00737,R128,Revolver,Working Capital Line,2010000.0,0.661,1328700.0,2.0,Floating,0.0113,0.0025,0.0025,2,Senior Secured,1.7
RV00738,R277,Revolver,Corporate RCF,1555000.0,0.228,354500.0,5.0,Floating,0.0262,0.002,0.001,7,Unsecured,3.82
RV00739,R474,Revolver,ABL Revolver,15390000.0,0.451,6948500.0,2.0,Floating,0.0211,0.0015,0.001,5,Senior Secured,1.16
RV00740,R338,Revolver,Corporate RCF,1627000.0,0.303,493800.0,2.0,Floating,0.0193,0.0015,0.005,6,Unsecured,1.2
RV00741,R127,Revolver,Corporate RCF,2299000.0,0.476,1093900.0,5.0,Floating,0.0126,0.0025,0.0025,3,Senior Secured,1.92
RV00742,R217,Revolver,Working Capital Line,727000.0,0.461,335000.0,3.0,Floating,0.0263,0.0035,0.005,7,Senior Secured,2.49
RV00743,R438,Revolver,ABL Revolver,633000.0,0.398,251800.0,3.0,Floating,0.0339,0.0025,0.001,9,Unsecured,2.71
RV00744,R246,Revolver,Working Capital Line,441000.0,0.381,168200.0,3.0,Floating,0.0227,0.0015,0.0025,6,Senior Secured,0.64
RV00745,R237,Revolver,Working Capital Line,3038000.0,0.112,339100.0,5.0,Floating,0.0194,0.0025,0.0025,5,Unsecured,1.45
RV00746,R477,Revolver,Working Capital Line,350000.0,0.685,239800.0,1.0,Floating,0.0274,0.002,0.0025,7,Senior Secured,0.99
RV00747,R203,Revolver,Working Capital Line,1027000.0,0.405,416300.0,2.0,Floating,0.0172,0.0025,0.0025,4,Unsecured,0.68
RV00748,R307,Revolver,Corporate RCF,245000.0,0.734,179800.0,2.0,Floating,0.0225,0.0025,0.001,5,Unsecured,1.58
RV00749,R071,Revolver,Working Capital Line,1541000.0,0.112,172100.0,5.0,Floating,0.0203,0.0035,0.005,5,Senior Secured,2.92
RV00750,R313,Revolver,Working Capital Line,435000.0,0.14,61000.0,1.0,Floating,0.0129,0.0035,0.001,3,Unsecured,0.62
RV00751,R212,Revolver,Corporate RCF,317000.0,0.088,27900.0,1.0,Floating,0.0347,0.0015,0.0025,9,Senior Secured,0.29
RV00752,R090,Revolver,Corporate RCF,3149000.0,0.524,1651500.0,2.0,Floating,0.0288,0.0015,0.005,7,Unsecured,0.62
RV00753,R295,Revolver,Working Capital Line,469000.0,0.744,348900.0,1.0,Floating,0.016,0.0035,0.0025,4,Senior Secured,0.66
RV00754,R282,Revolver,Working Capital Line,526000.0,0.507,266800.0,3.0,Floating,0.0187,0.002,0.001,4,Senior Secured,1.51
RV00755,R321,Revolver,Working Capital Line,1029000.0,0.504,519000.0,2.0,Floating,0.02,0.0015,0.001,5,Senior Secured,1.68
RV00756,R047,Revolver,Working Capital Line,1811000.0,0.184,333400.0,5.0,Floating,0.0191,0.0015,0.0025,4,Senior Secured,4.89
RV00757,R381,Revolver,ABL Revolver,422000.0,0.452,190900.0,3.0,Floating,0.0217,0.002,0.005,6,Unsecured,2.55
RV00758,R001,Revolver,Working Capital Line,3010000.0,0.282,849000.0,2.0,Floating,0.0206,0.0035,0.0025,5,Senior Secured,1.05
RV00759,R141,Revolver,Working Capital Line,900000.0,0.405,364700.0,5.0,Floating,0.0175,0.0035,0.005,3,Senior Secured,2.93
RV00760,R173,Revolver,Working Capital Line,4296000.0,0.209,899900.0,1.0,Floating,0.0244,0.0025,0.005,7,Senior Secured,0.33
RV00761,R475,Revolver,Corporate RCF,3288000.0,0.166,545200.0,3.0,Floating,0.0208,0.002,0.0025,5,Unsecured,2.27
RV00762,R252,Revolver,Corporate RCF,336000.0,0.263,88300.0,3.0,Floating,0.0231,0.0025,0.001,5,Senior Secured,1.67
RV00763,R329,Revolver,Working Capital Line,1986000.0,0.381,756900.0,1.0,Floating,0.0187,0.0035,0.001,5,Senior Secured,0.89
RV00764,R096,Revolver,ABL Revolver,7618000.0,0.747,5688700.0,1.0,Floating,0.025,0.002,0.001,7,Unsecured,0.72
RV00765,R441,Revolver,ABL Revolver,5204000.0,0.048,248300.0,3.0,Floating,0.0192,0.0025,0.0025,4,Unsecured,1.01
RV00766,R082,Revolver,Working Capital Line,361000.0,0.244,88000.0,3.0,Floating,0.0204,0.002,0.0025,5,Senior Secured,1.59
RV00767,R286,Revolver,Corporate RCF,453000.0,0.635,287700.0,3.0,Floating,0.0231,0.0035,0.001,7,Senior Secured,2.22
RV00768,R043,Revolver,Working Capital Line,3726000.0,0.186,692800.0,1.0,Floating,0.0201,0.0025,0.001,5,Senior Secured,0.89
RV00769,R330,Revolver,ABL Revolver,1572000.0,0.582,915500.0,1.0,Floating,0.0242,0.0015,0.0025,5,Senior Secured,0.48
RV00770,R095,Revolver,ABL Revolver,1335000.0,0.672,897500.0,5.0,Floating,0.022,0.0035,0.0025,4,Senior Secured,3.68
RV00771,R187,Revolver,ABL Revolver,1098000.0,0.268,294100.0,1.0,Floating,0.011,0.0025,0.001,2,Unsecured,0.34
RV00772,R147,Revolver,Working Capital Line,10663000.0,0.64,6828500.0,5.0,Floating,0.0301,0.002,0.0025,9,Senior Secured,4.62
RV00773,R382,Revolver,Working Capital Line,814000.0,0.348,283400.0,3.0,Floating,0.0254,0.0015,0.0025,7,Senior Secured,1.98
RV00774,R007,Revolver,ABL Revolver,28288000.0,0.365,10318600.0,3.0,Floating,0.0286,0.0025,0.001,7,Senior Secured,2.44
RV00775,R319,Revolver,Working Capital Line,525000.0,0.33,173000.0,2.0,Floating,0.028,0.0015,0.005,7,Unsecured,1.03
RV00776,R005,Revolver,Corporate RCF,10026000.0,0.537,5387300.0,5.0,Floating,0.0198,0.0015,0.001,4,Unsecured,4.76
RV00777,R433,Revolver,Working Capital Line,11068000.0,0.487,5390900.0,5.0,Floating,0.0367,0.0025,0.001,10,Senior Secured,3.88
RV00778,R116,Revolver,ABL Revolver,3543000.0,0.516,1827700.0,3.0,Floating,0.0181,0.002,0.001,5,Unsecured,0.97
RV00779,R291,Revolver,Working Capital Line,2023000.0,0.536,1083900.0,3.0,Floating,0.0216,0.0025,0.0025,6,Unsecured,1.92
RV00780,R360,Revolver,Corporate RCF,1682000.0,0.511,859500.0,2.0,Floating,0.0137,0.002,0.005,3,Unsecured,0.83
RV00781,R085,Revolver,ABL Revolver,754000.0,0.694,523500.0,1.0,Floating,0.0281,0.0025,0.001,8,Senior Secured,0.87
RV00782,R121,Revolver,ABL Revolver,1409000.0,0.252,355200.0,5.0,Floating,0.0221,0.0025,0.005,6,Senior Secured,4.13
RV00783,R119,Revolver,Working Capital Line,733000.0,0.201,147600.0,1.0,Floating,0.0196,0.0025,0.001,5,Unsecured,0.6
RV00784,R484,Revolver,Working Capital Line,5739000.0,0.217,1245300.0,2.0,Floating,0.0248,0.0025,0.001,6,Senior Secured,0.88
RV00785,R355,Revolver,Corporate RCF,251000.0,0.441,110700.0,2.0,Floating,0.0126,0.0035,0.0025,2,Senior Secured,1.76
RV00786,R205,Revolver,Working Capital Line,354000.0,0.305,108100.0,3.0,Floating,0.0231,0.002,0.005,5,Unsecured,2.64
RV00787,R210,Revolver,ABL Revolver,248000.0,0.325,80500.0,3.0,Floating,0.0184,0.002,0.005,4,Unsecured,1.81
RV00788,R009,Revolver,Corporate RCF,6981000.0,0.387,2702700.0,3.0,Floating,0.0121,0.0015,0.0025,3,Senior Secured,2.32
RV00789,R381,Revolver,Working Capital Line,222000.0,0.536,119000.0,1.0,Floating,0.0239,0.002,0.005,6,Senior Secured,0.43
RV00790,R159,Revolver,Working Capital Line,473000.0,0.333,157400.0,1.0,Floating,0.0177,0.002,0.005,5,Senior Secured,0.48
RV00791,R116,Revolver,Working Capital Line,976000.0,0.341,333100.0,1.0,Floating,0.0161,0.0035,0.001,5,Senior Secured,0.96
RV00792,R164,Revolver,Working Capital Line,10014000.0,0.319,3192000.0,5.0,Floating,0.0192,0.0035,0.0025,4,Senior Secured,3.95
RV00793,R015,Revolver,Corporate RCF,361000.0,0.067,24400.0,1.0,Floating,0.0199,0.0025,0.001,4,Senior Secured,0.26
RV00794,R002,Revolver,ABL Revolver,2307000.0,0.302,695800.0,5.0,Floating,0.015,0.0015,0.001,4,Senior Secured,2.83
RV00795,R100,Revolver,Working Capital Line,1102000.0,0.602,662900.0,1.0,Floating,0.0171,0.0015,0.0025,4,Senior Secured,0.52
RV00796,R194,Revolver,Corporate RCF,4022000.0,0.08,323300.0,5.0,Floating,0.0152,0.0025,0.005,4,Unsecured,1.92
RV00797,R319,Revolver,Working Capital Line,794000.0,0.251,199300.0,3.0,Floating,0.0258,0.002,0.0025,6,Senior Secured,2.99
RV00798,R410,Revolver,ABL Revolver,851000.0,0.763,649400.0,5.0,Floating,0.0273,0.0035,0.001,7,Senior Secured,1.54
RV00799,R138,Revolver,ABL Revolver,2816000.0,0.366,1029400.0,3.0,Floating,0.0213,0.0015,0.005,5,Senior Secured,1.35
RV00800,R009,Revolver,Working Capital Line,16189000.0,0.537,8695200.0,3.0,Floating,0.0195,0.0025,0.0025,5,Senior Secured,2.64
RV00801,R193,Revolver,Working Capital Line,3877000.0,0.098,379400.0,3.0,Floating,0.0282,0.0035,0.005,8,Senior Secured,0.92
RV00802,R008,Revolver,ABL Revolver,4348000.0,0.548,2382500.0,1.0,Floating,0.0202,0.002,0.0025,6,Unsecured,0.5
RV00803,R444,Revolver,ABL Revolver,1328000.0,0.137,181900.0,5.0,Floating,0.0156,0.0015,0.005,3,Unsecured,3.54
RV00804,R095,Revolver,Working Capital Line,777000.0,0.674,523800.0,3.0,Floating,0.0168,0.0015,0.0025,4,Senior Secured,1.41
RV00805,R007,Revolver,Working Capital Line,4190000.0,0.311,1304700.0,1.0,Floating,0.0222,0.0025,0.001,7,Senior Secured,0.53
RV00806,R487,Revolver,ABL Revolver,3196000.0,0.629,2009500.0,2.0,Floating,0.0241,0.0025,0.0025,5,Senior Secured,1.28
RV00807,R145,Revolver,Working Capital Line,8534000.0,0.177,1509900.0,3.0,Floating,0.0206,0.0025,0.005,5,Senior Secured,2.89
RV00808,R188,Revolver,Working Capital Line,1307000.0,0.443,578700.0,5.0,Floating,0.0075,0.0035,0.001,1,Senior Secured,4.48
RV00809,R301,Revolver,ABL Revolver,155000.0,0.543,84200.0,3.0,Floating,0.0196,0.0035,0.005,5,Senior Secured,0.87
RV00810,R010,Revolver,ABL Revolver,2476000.0,0.336,831300.0,2.0,Floating,0.0169,0.0015,0.005,5,Senior Secured,1.31
RV00811,R323,Revolver,Corporate RCF,478000.0,0.593,283500.0,3.0,Floating,0.0204,0.002,0.001,5,Senior Secured,2.17
RV00812,R329,Revolver,Corporate RCF,2265000.0,0.176,399600.0,1.0,Floating,0.0207,0.002,0.0025,6,Unsecured,0.46
RV00813,R371,Revolver,Working Capital Line,286000.0,0.348,99600.0,2.0,Floating,0.0244,0.0035,0.001,6,Senior Secured,0.82
RV00814,R177,Revolver,Corporate RCF,2118000.0,0.257,544500.0,5.0,Floating,0.0201,0.0015,0.0025,5,Unsecured,3.39
RV00815,R490,Revolver,Working Capital Line,12973000.0,0.276,3581600.0,1.0,Floating,0.0169,0.0025,0.005,4,Senior Secured,0.53
RV00816,R419,Revolver,Corporate RCF,1264000.0,0.283,357800.0,2.0,Floating,0.021,0.002,0.0025,5,Unsecured,1.85
RV00817,R471,Revolver,Corporate RCF,3219000.0,0.521,1676700.0,1.0,Floating,0.0177,0.0015,0.0025,4,Unsecured,0.33
RV00818,R032,Revolver,Working Capital Line,353000.0,0.418,147500.0,1.0,Floating,0.0204,0.0025,0.001,5,Unsecured,0.23
RV00819,R400,Revolver,Working Capital Line,202000.0,0.289,58300.0,1.0,Floating,0.0147,0.002,0.001,3,Unsecured,0.92
RV00820,R212,Revolver,ABL Revolver,292000.0,0.537,156900.0,1.0,Floating,0.0319,0.0025,0.005,9,Senior Secured,0.92
RV00821,R247,Revolver,Working Capital Line,583000.0,0.725,422900.0,2.0,Floating,0.0158,0.002,0.0025,3,Senior Secured,1.07
RV00822,R318,Revolver,Working Capital Line,943000.0,0.356,336000.0,5.0,Floating,0.0183,0.0015,0.005,4,Unsecured,4.02
RV00823,R083,Revolver,Working Capital Line,3735000.0,0.131,487800.0,1.0,Floating,0.023,0.0015,0.0025,5,Senior Secured,0.88
RV00824,R282,Revolver,ABL Revolver,370000.0,0.261,96500.0,5.0,Floating,0.0196,0.0015,0.0025,5,Unsecured,2.02
RV00825,R281,Revolver,Corporate RCF,1007000.0,0.614,618300.0,3.0,Floating,0.0184,0.002,0.005,4,Unsecured,2.17
RV00826,R033,Revolver,Corporate RCF,3306000.0,0.065,216300.0,1.0,Floating,0.0228,0.002,0.001,4,Senior Secured,0.79
RV00827,R085,Revolver,ABL Revolver,5132000.0,0.191,981000.0,1.0,Floating,0.029,0.0015,0.005,8,Unsecured,0.49
RV00828,R016,Revolver,Working Capital Line,5289000.0,0.521,2756700.0,1.0,Floating,0.0263,0.002,0.001,7,Senior Secured,0.96
RV00829,R385,Revolver,Corporate RCF,2259000.0,0.638,1441300.0,3.0,Floating,0.0126,0.0035,0.005,3,Senior Secured,2.92
RV00830,R188,Revolver,Working Capital Line,1713000.0,0.324,555500.0,3.0,Floating,0.0109,0.0035,0.0025,2,Unsecured,1.77
RV00831,R027,Revolver,Corporate RCF,2975000.0,0.539,1604100.0,2.0,Floating,0.0261,0.002,0.0025,7,Unsecured,0.52
RV00832,R044,Revolver,Working Capital Line,434000.0,0.416,180700.0,1.0,Floating,0.0274,0.0025,0.0025,7,Senior Secured,0.94
RV00833,R033,Revolver,Working Capital Line,3345000.0,0.322,1076700.0,1.0,Floating,0.022,0.0015,0.005,5,Senior Secured,0.62
RV00834,R002,Revolver,Working Capital Line,4499000.0,0.607,2730500.0,3.0,Floating,0.0115,0.002,0.001,2,Unsecured,0.93
RV00835,R297,Revolver,Working Capital Line,545000.0,0.186,101400.0,1.0,Floating,0.0279,0.0025,0.001,7,Unsecured,0.79
RV00836,R497,Revolver,Working Capital Line,1921000.0,0.114,218900.0,3.0,Floating,0.0131,0.0015,0.005,3,Unsecured,2.25
RV00837,R061,Revolver,Corporate RCF,1176000.0,0.249,293000.0,3.0,Floating,0.0245,0.0035,0.0025,6,Senior Secured,0.94
RV00838,R499,Revolver,Working Capital Line,324000.0,0.13,42100.0,3.0,Floating,0.0235,0.0035,0.001,6,Senior Secured,1.26
RV00839,R156,Revolver,Working Capital Line,682000.0,0.297,202200.0,1.0,Floating,0.0265,0.0035,0.005,7,Senior Secured,0.89
RV00840,R416,Revolver,Working Capital Line,1414000.0,0.137,193100.0,2.0,Floating,0.0228,0.0015,0.001,6,Senior Secured,1.95
RV00841,R436,Revolver,Working Capital Line,3219000.0,0.213,686800.0,2.0,Floating,0.0104,0.0035,0.005,2,Unsecured,1.05
RV00842,R258,Revolver,Working Capital Line,1242000.0,0.303,376200.0,5.0,Floating,0.0239,0.0015,0.001,7,Senior Secured,1.54
RV00843,R171,Revolver,Working Capital Line,658000.0,0.123,80800.0,2.0,Floating,0.0269,0.0035,0.0025,7,Senior Secured,0.96
RV00844,R108,Revolver,Working Capital Line,1645000.0,0.068,112600.0,2.0,Floating,0.0301,0.0015,0.001,8,Unsecured,1.21
RV00845,R278,Revolver,Corporate RCF,6842000.0,0.613,4193100.0,1.0,Floating,0.0148,0.002,0.001,3,Senior Secured,0.44
RV00846,R486,Revolver,Corporate RCF,2161000.0,0.22,474500.0,3.0,Floating,0.0235,0.0035,0.001,6,Unsecured,2.07
RV00847,R290,Revolver,Working Capital Line,1295000.0,0.371,480500.0,3.0,Floating,0.0137,0.0025,0.001,3,Senior Secured,0.62
RV00848,R127,Revolver,Working Capital Line,6155000.0,0.527,3245100.0,3.0,Floating,0.0161,0.0015,0.001,3,Senior Secured,2.56
RV00849,R321,Revolver,Corporate RCF,1930000.0,0.648,1250700.0,3.0,Floating,0.0152,0.002,0.005,3,Unsecured,2.63
RV00850,R002,Revolver,ABL Revolver,81678000.0,0.113,9220500.0,5.0,Floating,0.0151,0.002,0.005,4,Unsecured,4.13
RV00851,R331,Revolver,ABL Revolver,2638000.0,0.478,1261300.0,5.0,Floating,0.0252,0.0035,0.001,6,Unsecured,2.21
RV00852,R005,Revolver,ABL Revolver,6781000.0,0.674,4570100.0,2.0,Floating,0.016,0.002,0.005,4,Senior Secured,1.41
RV00853,R488,Revolver,Working Capital Line,388000.0,0.603,234100.0,1.0,Floating,0.0075,0.0015,0.001,1,Senior Secured,0.49
RV00854,R274,Revolver,Working Capital Line,697000.0,0.153,106700.0,5.0,Floating,0.0236,0.0015,0.001,6,Unsecured,2.56
RV00855,R005,Revolver,Working Capital Line,5448000.0,0.408,2223800.0,3.0,Floating,0.0135,0.0025,0.005,4,Senior Secured,2.3
RV00856,R092,Revolver,Working Capital Line,1396000.0,0.608,849100.0,5.0,Floating,0.0238,0.0015,0.0025,6,Senior Secured,4.37
RV00857,R104,Revolver,ABL Revolver,469000.0,0.51,239000.0,2.0,Floating,0.0088,0.0015,0.001,3,Senior Secured,1.73
RV00858,R009,Revolver,Working Capital Line,21475000.0,0.275,5900000.0,5.0,Floating,0.0184,0.0025,0.005,5,Senior Secured,1.92
RV00859,R091,Revolver,ABL Revolver,252000.0,0.368,92600.0,1.0,Floating,0.0249,0.0035,0.0025,6,Senior Secured,0.73
RV00860,R010,Revolver,Working Capital Line,1690000.0,0.569,961300.0,3.0,Floating,0.0176,0.0015,0.001,5,Unsecured,1.24
RV00861,R429,Revolver,Working Capital Line,2341000.0,0.573,1341700.0,2.0,Floating,0.0128,0.002,0.001,3,Senior Secured,1.41
RV00862,R338,Revolver,ABL Revolver,1239000.0,0.482,597400.0,1.0,Floating,0.0246,0.002,0.001,5,Senior Secured,0.49
RV00863,R032,Revolver,ABL Revolver,284000.0,0.199,56400.0,1.0,Floating,0.0202,0.0035,0.001,4,Unsecured,0.83
RV00864,R440,Revolver,Working Capital Line,1490000.0,0.551,820800.0,1.0,Floating,0.0196,0.0035,0.005,5,Unsecured,0.95
RV00865,R006,Revolver,ABL Revolver,3701000.0,0.122,451000.0,1.0,Floating,0.0173,0.0035,0.001,5,Unsecured,0.43
RV00866,R072,Revolver,Working Capital Line,2668000.0,0.066,175000.0,5.0,Floating,0.0139,0.0025,0.001,4,Unsecured,4.48
RV00867,R496,Revolver,Corporate RCF,1513000.0,0.261,395200.0,5.0,Floating,0.0188,0.0015,0.001,4,Unsecured,3.96
RV00868,R128,Revolver,Working Capital Line,543000.0,0.133,72200.0,5.0,Floating,0.0152,0.0035,0.005,4,Senior Secured,3.26
RV00869,R179,Revolver,ABL Revolver,877000.0,0.475,416200.0,5.0,Floating,0.0304,0.0035,0.0025,8,Unsecured,3.1
RV00870,R007,Revolver,Working Capital Line,18297000.0,0.453,8284200.0,5.0,Floating,0.0235,0.0025,0.005,6,Senior Secured,2.28
RV00871,R405,Revolver,ABL Revolver,3311000.0,0.428,1416200.0,5.0,Floating,0.029,0.002,0.0025,8,Senior Secured,1.81
RV00872,R149,Revolver,Corporate RCF,1007000.0,0.124,124800.0,1.0,Floating,0.0186,0.0035,0.005,5,Senior Secured,0.27
RV00873,R179,Revolver,Corporate RCF,1080000.0,0.274,295600.0,1.0,Floating,0.026,0.002,0.0025,6,Senior Secured,0.77
RV00874,R370,Revolver,Working Capital Line,747000.0,0.21,156900.0,5.0,Floating,0.0291,0.002,0.0025,8,Unsecured,1.89
RV00875,R010,Revolver,Working Capital Line,11325000.0,0.245,2769900.0,2.0,Floating,0.0199,0.002,0.005,5,Unsecured,1.19
RV00876,R009,Revolver,Working Capital Line,10435000.0,0.159,1663000.0,3.0,Floating,0.0139,0.0025,0.0025,4,Senior Secured,2.74
RV00877,R143,Revolver,Working Capital Line,2906000.0,0.189,547900.0,3.0,Floating,0.0211,0.0025,0.0025,5,Unsecured,2.21
RV00878,R005,Revolver,ABL Revolver,1342000.0,0.632,847700.0,2.0,Floating,0.0169,0.0015,0.005,5,Unsecured,0.67
RV00879,R387,Revolver,Corporate RCF,714000.0,0.399,285000.0,1.0,Floating,0.0152,0.002,0.0025,4,Senior Secured,0.79
RV00880,R146,Revolver,Working Capital Line,1196000.0,0.406,485300.0,3.0,Floating,0.0234,0.0015,0.005,5,Unsecured,1.12
RV00881,R320,Revolver,Corporate RCF,2582000.0,0.225,581500.0,3.0,Floating,0.0186,0.0025,0.0025,3,Senior Secured,2.47
RV00882,R240,Revolver,Corporate RCF,378000.0,0.46,173700.0,2.0,Floating,0.0171,0.002,0.005,3,Senior Secured,0.52
RV00883,R448,Revolver,Working Capital Line,821000.0,0.722,592600.0,3.0,Floating,0.014,0.0035,0.0025,2,Senior Secured,0.94
RV00884,R024,Revolver,Working Capital Line,1821000.0,0.112,204500.0,2.0,Floating,0.0214,0.0015,0.005,4,Unsecured,1.89
RV00885,R005,Revolver,Working Capital Line,3716000.0,0.415,1542000.0,2.0,Floating,0.0162,0.002,0.001,5,Senior Secured,0.85
RV00886,R086,Revolver,Corporate RCF,545000.0,0.589,321200.0,3.0,Floating,0.027,0.0015,0.0025,8,Senior Secured,0.96
RV00887,R258,Revolver,ABL Revolver,1905000.0,0.271,516200.0,2.0,Floating,0.0227,0.0015,0.005,6,Senior Secured,0.74
RV00888,R491,Revolver,Working Capital Line,1332000.0,0.534,711500.0,5.0,Floating,0.0185,0.0015,0.001,4,Unsecured,2.44
RV00889,R310,Revolver,Working Capital Line,794000.0,0.715,567300.0,2.0,Floating,0.0173,0.0015,0.0025,4,Unsecured,1.74
RV00890,R222,Revolver,ABL Revolver,387000.0,0.485,187600.0,5.0,Floating,0.0327,0.0035,0.001,10,Senior Secured,1.61
RV00891,R195,Revolver,ABL Revolver,796000.0,0.686,546300.0,5.0,Floating,0.0263,0.002,0.0025,7,Unsecured,1.06
RV00892,R203,Revolver,Corporate RCF,2632000.0,0.262,688800.0,5.0,Floating,0.0233,0.0025,0.0025,6,Unsecured,4.46
RV00893,R162,Revolver,Working Capital Line,206000.0,0.32,65900.0,3.0,Floating,0.028,0.0035,0.0025,7,Senior Secured,1.32
RV00894,R358,Revolver,Working Capital Line,216000.0,0.128,27600.0,3.0,Floating,0.018,0.002,0.001,4,Senior Secured,0.78
RV00895,R185,Revolver,ABL Revolver,1503000.0,0.316,475400.0,3.0,Floating,0.0253,0.002,0.005,8,Senior Secured,0.67
RV00896,R293,Revolver,Working Capital Line,860000.0,0.181,155900.0,3.0,Floating,0.0299,0.0025,0.005,8,Unsecured,2.76
RV00897,R287,Revolver,Working Capital Line,564000.0,0.524,295700.0,1.0,Floating,0.0267,0.0025,0.0025,6,Senior Secured,0.62
RV00898,R019,Revolver,Working Capital Line,4715000.0,0.217,1024600.0,1.0,Floating,0.0208,0.0015,0.0025,5,Senior Secured,0.69
RV00899,R299,Revolver,Corporate RCF,2348000.0,0.496,1164600.0,1.0,Floating,0.0255,0.0035,0.0025,6,Unsecured,0.69
RV00900,R265,Revolver,ABL Revolver,1133000.0,0.478,541600.0,3.0,Floating,0.0197,0.0015,0.001,5,Unsecured,1.85
RV00901,R001,Revolver,Working Capital Line,12162000.0,0.1,1210900.0,1.0,Floating,0.014,0.002,0.0025,3,Senior Secured,0.82
RV00902,R322,Revolver,Corporate RCF,3378000.0,0.315,1064200.0,3.0,Floating,0.0164,0.0035,0.0025,4,Unsecured,2.77
RV00903,R448,Revolver,ABL Revolver,2667000.0,0.141,375900.0,1.0,Floating,0.009,0.0025,0.005,1,Unsecured,0.71
RV00904,R444,Revolver,Corporate RCF,275000.0,0.566,155600.0,1.0,Floating,0.0146,0.0025,0.005,3,Senior Secured,0.88
RV00905,R451,Revolver,Working Capital Line,349000.0,0.303,105800.0,3.0,Floating,0.0217,0.0035,0.001,5,Unsecured,0.62
RV00906,R263,Revolver,ABL Revolver,784000.0,0.265,207700.0,5.0,Floating,0.0247,0.002,0.0025,7,Senior Secured,2.92
RV00907,R371,Revolver,ABL Revolver,771000.0,0.692,533800.0,2.0,Floating,0.0234,0.0025,0.005,7,Unsecured,1.37
RV00908,R385,Revolver,Working Capital Line,3259000.0,0.273,888700.0,5.0,Floating,0.0132,0.0025,0.0025,2,Senior Secured,1.8
RV00909,R027,Revolver,Corporate RCF,239000.0,0.424,101400.0,1.0,Floating,0.0272,0.0015,0.005,7,Unsecured,0.33
RV00910,R353,Revolver,Corporate RCF,941000.0,0.503,473400.0,2.0,Floating,0.0209,0.002,0.0025,5,Senior Secured,0.62
RV00911,R007,Revolver,Working Capital Line,3341000.0,0.258,863400.0,1.0,Floating,0.0227,0.0035,0.001,6,Senior Secured,0.43
RV00912,R083,Revolver,ABL Revolver,1010000.0,0.573,578700.0,2.0,Floating,0.0231,0.002,0.001,6,Unsecured,1.72
RV00913,R137,Revolver,Working Capital Line,502000.0,0.45,225700.0,1.0,Floating,0.0157,0.0035,0.001,3,Senior Secured,0.22
RV00914,R121,Revolver,Working Capital Line,321000.0,0.517,166000.0,1.0,Floating,0.02,0.0035,0.0025,5,Unsecured,0.68
RV00915,R228,Revolver,ABL Revolver,4564000.0,0.383,1747100.0,3.0,Floating,0.0258,0.0035,0.005,7,Senior Secured,0.76
RV00916,R249,Revolver,ABL Revolver,758000.0,0.12,90700.0,3.0,Floating,0.0158,0.0015,0.0025,3,Senior Secured,2.02
RV00917,R023,Revolver,Working Capital Line,1836000.0,0.48,881900.0,1.0,Floating,0.0196,0.0035,0.001,3,Unsecured,0.4
RV00918,R381,Revolver,Working Capital Line,591000.0,0.372,219800.0,5.0,Floating,0.0222,0.0035,0.0025,5,Senior Secured,1.63
RV00919,R005,Revolver,Working Capital Line,5098000.0,0.346,1762400.0,3.0,Floating,0.0212,0.0035,0.001,6,Unsecured,1.72
RV00920,R117,Revolver,Working Capital Line,4757000.0,0.09,426300.0,2.0,Floating,0.0194,0.0025,0.0025,4,Senior Secured,0.77
RV00921,R208,Revolver,ABL Revolver,205000.0,0.353,72400.0,2.0,Floating,0.0188,0.0025,0.001,6,Senior Secured,1.01
RV00922,R491,Revolver,ABL Revolver,2800000.0,0.303,847900.0,1.0,Floating,0.0157,0.002,0.001,3,Unsecured,0.71
RV00923,R010,Revolver,Working Capital Line,32557000.0,0.218,7102100.0,5.0,Floating,0.0222,0.0015,0.001,6,Senior Secured,4.74
RV00924,R261,Revolver,Working Capital Line,1756000.0,0.295,518600.0,2.0,Floating,0.0237,0.002,0.0025,6,Senior Secured,1.39
RV00925,R081,Revolver,ABL Revolver,1964000.0,0.475,931900.0,1.0,Floating,0.015,0.0035,0.0025,3,Senior Secured,0.61
RV00926,R362,Revolver,Corporate RCF,3183000.0,0.504,1604800.0,1.0,Floating,0.0216,0.0015,0.001,6,Unsecured,0.65
RV00927,R366,Revolver,Working Capital Line,1979000.0,0.128,252900.0,1.0,Floating,0.0198,0.0015,0.005,5,Senior Secured,0.58
RV00928,R356,Revolver,ABL Revolver,1401000.0,0.351,491300.0,2.0,Floating,0.0302,0.0035,0.001,9,Senior Secured,1.3
RV00929,R261,Revolver,Working Capital Line,621000.0,0.511,317600.0,3.0,Floating,0.0255,0.0035,0.0025,6,Senior Secured,1.97
RV00930,R297,Revolver,Corporate RCF,528000.0,0.742,392000.0,5.0,Floating,0.0265,0.0025,0.001,6,Unsecured,2.97
RV00931,R358,Revolver,Working Capital Line,376000.0,0.254,95600.0,1.0,Floating,0.0218,0.002,0.001,4,Senior Secured,0.83
RV00932,R304,Revolver,ABL Revolver,2393000.0,0.407,973800.0,2.0,Floating,0.0134,0.0015,0.001,3,Senior Secured,1.03
RV00933,R470,Revolver,Working Capital Line,439000.0,0.14,61300.0,1.0,Floating,0.0194,0.0025,0.0025,5,Unsecured,0.29
RV00934,R022,Revolver,ABL Revolver,858000.0,0.476,408000.0,2.0,Floating,0.0248,0.0025,0.001,7,Unsecured,1.43
RV00935,R256,Revolver,Corporate RCF,240000.0,0.592,142000.0,3.0,Floating,0.0215,0.0035,0.001,6,Unsecured,2.51
RV00936,R492,Revolver,Corporate RCF,906000.0,0.577,523000.0,5.0,Floating,0.0131,0.002,0.0025,3,Senior Secured,4.12
RV00937,R476,Revolver,Corporate RCF,311000.0,0.551,171200.0,3.0,Floating,0.0309,0.0035,0.0025,9,Senior Secured,1.21
RV00938,R453,Revolver,Working Capital Line,305000.0,0.374,113900.0,1.0,Floating,0.0308,0.0035,0.005,8,Senior Secured,0.72
RV00939,R436,Revolver,Working Capital Line,2396000.0,0.356,852300.0,5.0,Floating,0.0137,0.0015,0.0025,3,Senior Secured,4.99
RV00940,R049,Revolver,Working Capital Line,2282000.0,0.448,1023000.0,5.0,Floating,0.02,0.0035,0.001,4,Unsecured,1.42
RV00941,R222,Revolver,Corporate RCF,1310000.0,0.546,715500.0,1.0,Floating,0.0318,0.0025,0.005,8,Senior Secured,0.62
RV00942,R361,Revolver,ABL Revolver,1394000.0,0.475,661800.0,5.0,Floating,0.0185,0.002,0.005,4,Senior Secured,2.22
RV00943,R098,Revolver,Working Capital Line,2352000.0,0.693,1629000.0,3.0,Floating,0.0288,0.0015,0.005,7,Senior Secured,2.5
RV00944,R002,Revolver,Corporate RCF,5430000.0,0.597,3240600.0,3.0,Floating,0.0135,0.0015,0.005,4,Unsecured,1.38
RV00945,R032,Revolver,Corporate RCF,1796000.0,0.486,873100.0,2.0,Floating,0.0168,0.0015,0.005,4,Senior Secured,1.57
RV00946,R386,Revolver,Working Capital Line,1593000.0,0.6,955800.0,1.0,Floating,0.0267,0.002,0.005,7,Unsecured,0.33
RV00947,R073,Revolver,Working Capital Line,5603000.0,0.171,957300.0,3.0,Floating,0.0211,0.0025,0.0025,5,Senior Secured,0.76
RV00948,R244,Revolver,ABL Revolver,2681000.0,0.559,1499000.0,2.0,Floating,0.0292,0.0025,0.0025,7,Senior Secured,0.57
RV00949,R432,Revolver,Working Capital Line,1240000.0,0.47,582900.0,5.0,Floating,0.0271,0.0035,0.0025,8,Unsecured,2.04
RV00950,R222,Revolver,ABL Revolver,472000.0,0.665,314100.0,1.0,Floating,0.028,0.0025,0.0025,8,Senior Secured,0.88
RV00951,R217,Revolver,Working Capital Line,539000.0,0.359,193700.0,2.0,Floating,0.0261,0.0035,0.0025,7,Unsecured,0.64
RV00952,R378,Revolver,Working Capital Line,235000.0,0.301,70700.0,3.0,Floating,0.0281,0.0035,0.001,8,Unsecured,0.68
RV00953,R108,Revolver,Corporate RCF,578000.0,0.622,359700.0,3.0,Floating,0.027,0.0025,0.005,8,Unsecured,2.65
RV00954,R213,Revolver,Corporate RCF,8530000.0,0.178,1514700.0,2.0,Floating,0.0197,0.0035,0.001,5,Senior Secured,1.0
RV00955,R323,Revolver,Corporate RCF,344000.0,0.286,98300.0,3.0,Floating,0.023,0.0035,0.005,6,Senior Secured,2.01
RV00956,R126,Revolver,Corporate RCF,8714000.0,0.569,4958800.0,3.0,Floating,0.0348,0.0035,0.005,9,Senior Secured,0.8
RV00957,R234,Revolver,Working Capital Line,597000.0,0.359,214100.0,3.0,Floating,0.0159,0.0015,0.005,4,Unsecured,2.78
RV00958,R418,Revolver,ABL Revolver,5908000.0,0.401,2370900.0,2.0,Floating,0.0251,0.0025,0.0025,6,Senior Secured,1.21
RV00959,R060,Revolver,Working Capital Line,477000.0,0.703,335400.0,3.0,Floating,0.0288,0.0015,0.0025,7,Senior Secured,0.81
RV00960,R200,Revolver,Working Capital Line,2323000.0,0.428,994200.0,3.0,Floating,0.0113,0.002,0.0025,2,Unsecured,2.12
RV00961,R329,Revolver,Working Capital Line,1165000.0,0.455,529800.0,3.0,Floating,0.0268,0.0025,0.005,7,Senior Secured,1.48
RV00962,R378,Revolver,Working Capital Line,475000.0,0.307,145700.0,3.0,Floating,0.0275,0.0025,0.0025,7,Senior Secured,1.45
RV00963,R013,Revolver,Corporate RCF,2939000.0,0.059,173800.0,2.0,Floating,0.0187,0.0035,0.0025,4,Unsecured,1.05
RV00964,R227,Revolver,Working Capital Line,4053000.0,0.047,192000.0,1.0,Floating,0.0181,0.0025,0.001,4,Senior Secured,0.61
RV00965,R048,Revolver,Working Capital Line,2225000.0,0.574,1276900.0,1.0,Floating,0.0165,0.0025,0.001,4,Senior Secured,0.7
RV00966,R304,Revolver,Corporate RCF,270000.0,0.219,59200.0,2.0,Floating,0.0164,0.0015,0.001,3,Senior Secured,0.63
RV00967,R003,Revolver,Working Capital Line,13240000.0,0.096,1264600.0,3.0,Floating,0.02,0.0015,0.005,6,Senior Secured,2.41
RV00968,R052,Revolver,Working Capital Line,368000.0,0.336,123800.0,3.0,Floating,0.0124,0.0015,0.005,2,Senior Secured,0.67
RV00969,R147,Revolver,Working Capital Line,793000.0,0.571,452400.0,5.0,Floating,0.0267,0.002,0.005,7,Unsecured,3.8
RV00970,R495,Revolver,Working Capital Line,3278000.0,0.317,1039800.0,3.0,Floating,0.0224,0.0035,0.0025,5,Senior Secured,1.04
RV00971,R331,Revolver,ABL Revolver,1083000.0,0.356,385800.0,3.0,Floating,0.0302,0.0015,0.005,7,Senior Secured,1.67
RV00972,R230,Revolver,Working Capital Line,925000.0,0.767,709500.0,3.0,Floating,0.0164,0.0025,0.001,4,Unsecured,1.95
RV00973,R076,Revolver,Corporate RCF,1681000.0,0.176,296200.0,2.0,Floating,0.0208,0.0035,0.005,5,Unsecured,1.44
RV00974,R407,Revolver,ABL Revolver,1935000.0,0.132,256300.0,3.0,Floating,0.0261,0.002,0.005,8,Senior Secured,2.5
RV00975,R307,Revolver,Working Capital Line,3308000.0,0.47,1556400.0,2.0,Floating,0.0265,0.002,0.0025,6,Unsecured,1.23
RV00976,R182,Revolver,Working Capital Line,302000.0,0.195,59000.0,2.0,Floating,0.0152,0.0015,0.001,3,Senior Secured,1.81
RV00977,R052,Revolver,Working Capital Line,3406000.0,0.103,351300.0,5.0,Floating,0.0145,0.002,0.005,3,Senior Secured,4.82
RV00978,R285,Revolver,Corporate RCF,4796000.0,0.538,2578500.0,3.0,Floating,0.0292,0.0025,0.001,8,Unsecured,2.94
RV00979,R350,Revolver,Working Capital Line,634000.0,0.358,227000.0,1.0,Floating,0.0293,0.0025,0.0025,8,Senior Secured,0.46
RV00980,R247,Revolver,Corporate RCF,589000.0,0.534,314600.0,3.0,Floating,0.0164,0.0035,0.001,4,Senior Secured,0.68
RV00981,R108,Revolver,Corporate RCF,254000.0,0.27,68500.0,5.0,Floating,0.0315,0.0015,0.0025,8,Unsecured,3.86
RV00982,R207,Revolver,Working Capital Line,582000.0,0.137,79900.0,1.0,Floating,0.0192,0.002,0.005,4,Senior Secured,0.4
RV00983,R038,Revolver,Corporate RCF,16200000.0,0.164,2652400.0,5.0,Floating,0.0139,0.002,0.001,2,Senior Secured,4.07
RV00984,R218,Revolver,Corporate RCF,2685000.0,0.615,1650900.0,5.0,Floating,0.0221,0.002,0.001,6,Unsecured,1.02
RV00985,R217,Revolver,Corporate RCF,506000.0,0.459,232200.0,3.0,Floating,0.0248,0.0025,0.0025,7,Senior Secured,2.47
RV00986,R092,Revolver,Working Capital Line,476000.0,0.43,204600.0,2.0,Floating,0.0289,0.0015,0.005,8,Senior Secured,0.51
RV00987,R370,Revolver,ABL Revolver,268000.0,0.364,97400.0,1.0,Floating,0.0335,0.002,0.001,9,Senior Secured,0.9
RV00988,R372,Revolver,ABL Revolver,5809000.0,0.177,1029300.0,1.0,Floating,0.0273,0.0015,0.001,7,Senior Secured,0.72
RV00989,R197,Revolver,Working Capital Line,811000.0,0.405,328600.0,2.0,Floating,0.0247,0.0025,0.005,7,Senior Secured,0.66
RV00990,R449,Revolver,Working Capital Line,5833000.0,0.835,4871900.0,3.0,Floating,0.0192,0.0035,0.005,4,Unsecured,1.82
RV00991,R229,Revolver,Working Capital Line,4654000.0,0.229,1066400.0,5.0,Floating,0.0188,0.0035,0.005,5,Senior Secured,3.02
RV00992,R265,Revolver,Working Capital Line,1860000.0,0.695,1292500.0,1.0,Floating,0.0166,0.0015,0.005,4,Unsecured,0.9
RV00993,R006,Revolver,Corporate RCF,5906000.0,0.55,3245600.0,2.0,Floating,0.0192,0.0015,0.005,5,Senior Secured,1.25
RV00994,R181,Revolver,ABL Revolver,330000.0,0.653,215500.0,3.0,Floating,0.0156,0.0025,0.001,4,Senior Secured,1.92
RV00995,R274,Revolver,Corporate RCF,401000.0,0.799,320500.0,2.0,Floating,0.0188,0.002,0.001,5,Unsecured,0.91
RV00996,R117,Revolver,ABL Revolver,257000.0,0.217,55600.0,3.0,Floating,0.0238,0.0015,0.0025,5,Senior Secured,2.35
RV00997,R066,Revolver,Working Capital Line,5999000.0,0.14,842500.0,5.0,Floating,0.0262,0.0025,0.0025,6,Senior Secured,1.2
RV00998,R432,Revolver,Corporate RCF,1870000.0,0.511,955000.0,2.0,Floating,0.0281,0.002,0.001,6,Unsecured,1.95
RV00999,R391,Revolver,ABL Revolver,6231000.0,0.519,3235700.0,1.0,Floating,0.0216,0.0025,0.0025,5,Senior Secured,0.69
RV01000,R319,Revolver,ABL Revolver,996000.0,0.187,186600.0,3.0,Floating,0.0276,0.0015,0.005,7,Senior Secured,2.63
RV01001,R016,Revolver,Corporate RCF,2031000.0,0.619,1257100.0,1.0,Floating,0.0232,0.0035,0.005,6,Senior Secured,0.82
RV01002,R378,Revolver,Corporate RCF,308000.0,0.476,146600.0,5.0,Floating,0.0284,0.0015,0.005,8,Unsecured,1.87
RV01003,R303,Revolver,Corporate RCF,1156000.0,0.475,549600.0,5.0,Floating,0.0168,0.0015,0.001,3,Senior Secured,2.16
RV01004,R326,Revolver,ABL Revolver,724000.0,0.156,112700.0,1.0,Floating,0.0178,0.002,0.005,3,Unsecured,0.42
RV01005,R080,Revolver,Working Capital Line,5955000.0,0.662,3942000.0,3.0,Floating,0.0195,0.0035,0.0025,4,Unsecured,1.14
RV01006,R003,Revolver,ABL Revolver,3858000.0,0.807,3114000.0,3.0,Floating,0.0167,0.0025,0.001,5,Unsecured,0.64
RV01007,R054,Revolver,ABL Revolver,1534000.0,0.387,593600.0,2.0,Floating,0.0215,0.002,0.005,5,Senior Secured,1.72
RV01008,R475,Revolver,Corporate RCF,3859000.0,0.413,1594800.0,2.0,Floating,0.022,0.002,0.001,6,Senior Secured,1.26
RV01009,R096,Revolver,ABL Revolver,3379000.0,0.352,1189800.0,5.0,Floating,0.0229,0.0015,0.001,6,Unsecured,3.36
RV01010,R409,Revolver,Working Capital Line,1787000.0,0.506,904700.0,1.0,Floating,0.0212,0.0025,0.005,4,Unsecured,0.59
RV01011,R413,Revolver,ABL Revolver,1475000.0,0.073,107600.0,3.0,Floating,0.0183,0.0025,0.005,5,Senior Secured,0.9
RV01012,R423,Revolver,Working Capital Line,4864000.0,0.362,1760000.0,1.0,Floating,0.0222,0.0025,0.001,4,Senior Secured,0.55
RV01013,R007,Revolver,ABL Revolver,10261000.0,0.58,5948900.0,2.0,Floating,0.0214,0.002,0.005,6,Unsecured,0.87
RV01014,R252,Revolver,ABL Revolver,1655000.0,0.242,400400.0,5.0,Floating,0.0198,0.002,0.005,5,Unsecured,4.57
RV01015,R007,Revolver,ABL Revolver,7108000.0,0.647,4598600.0,3.0,Floating,0.0261,0.0015,0.005,8,Unsecured,2.28
RV01016,R012,Revolver,Corporate RCF,1317000.0,0.823,1083400.0,3.0,Floating,0.0193,0.002,0.0025,5,Unsecured,0.99
RV01017,R457,Revolver,Working Capital Line,891000.0,0.656,584400.0,1.0,Floating,0.028,0.0015,0.005,8,Senior Secured,0.76
RV01018,R008,Revolver,Working Capital Line,22969000.0,0.389,8942400.0,5.0,Floating,0.0215,0.002,0.001,6,Unsecured,3.19
RV01019,R016,Revolver,Working Capital Line,1067000.0,0.509,542700.0,1.0,Floating,0.0228,0.002,0.005,6,Unsecured,0.27
RV01020,R253,Revolver,Working Capital Line,1725000.0,0.272,468900.0,3.0,Floating,0.016,0.0035,0.005,4,Senior Secured,0.77
RV01021,R005,Revolver,Working Capital Line,10680000.0,0.884,9436100.0,1.0,Floating,0.02,0.0025,0.0025,6,Senior Secured,0.32
RV01022,R211,Revolver,Working Capital Line,6039000.0,0.14,846000.0,3.0,Floating,0.0209,0.002,0.0025,6,Senior Secured,2.55
RV01023,R003,Revolver,Working Capital Line,4621000.0,0.777,3588500.0,3.0,Floating,0.0184,0.0015,0.0025,6,Senior Secured,2.59
RV01024,R250,Revolver,Corporate RCF,433000.0,0.634,274400.0,2.0,Floating,0.0097,0.0015,0.001,2,Unsecured,1.37
RV01025,R350,Revolver,Corporate RCF,1239000.0,0.206,255800.0,3.0,Floating,0.0296,0.0015,0.001,7,Senior Secured,0.64
RV01026,R410,Revolver,Corporate RCF,677000.0,0.57,386200.0,2.0,Floating,0.0243,0.002,0.0025,6,Unsecured,0.91
RV01027,R202,Revolver,Working Capital Line,873000.0,0.393,343400.0,3.0,Floating,0.0135,0.002,0.001,2,Senior Secured,1.56
RV01028,R087,Revolver,ABL Revolver,15134000.0,0.355,5378900.0,3.0,Floating,0.0179,0.0015,0.0025,4,Senior Secured,1.28
RV01029,R308,Revolver,ABL Revolver,432000.0,0.332,143300.0,5.0,Floating,0.0245,0.0025,0.0025,6,Senior Secured,3.32
RV01030,R181,Revolver,ABL Revolver,360000.0,0.34,122600.0,1.0,Floating,0.0203,0.0025,0.005,4,Senior Secured,0.25
RV01031,R066,Revolver,Working Capital Line,2126000.0,0.472,1002600.0,1.0,Floating,0.0215,0.0035,0.001,5,Unsecured,0.22
RV01032,R383,Revolver,Working Capital Line,2722000.0,0.73,1987500.0,1.0,Floating,0.024,0.0035,0.005,5,Senior Secured,0.67
RV01033,R318,Revolver,Working Capital Line,125000.0,0.082,10300.0,1.0,Floating,0.0178,0.0015,0.001,4,Unsecured,0.41
RV01034,R194,Revolver,Working Capital Line,2526000.0,0.158,399600.0,3.0,Floating,0.0135,0.0025,0.0025,2,Unsecured,2.25
RV01035,R297,Revolver,Working Capital Line,388000.0,0.113,43700.0,1.0,Floating,0.0249,0.0035,0.005,6,Senior Secured,0.82
RV01036,R202,Revolver,Corporate RCF,3355000.0,0.617,2069600.0,1.0,Floating,0.016,0.0035,0.0025,4,Senior Secured,0.69
RV01037,R428,Revolver,ABL Revolver,1439000.0,0.418,600900.0,1.0,Floating,0.0208,0.0025,0.001,5,Unsecured,0.99
RV01038,R481,Revolver,ABL Revolver,15879000.0,0.192,3052100.0,3.0,Floating,0.0114,0.0015,0.005,3,Senior Secured,2.14
RV01039,R002,Revolver,Working Capital Line,8216000.0,0.358,2944200.0,3.0,Floating,0.0135,0.0035,0.001,3,Senior Secured,2.45
RV01040,R009,Revolver,Working Capital Line,3883000.0,0.482,1871800.0,2.0,Floating,0.0157,0.0035,0.001,4,Unsecured,1.43
RV01041,R490,Revolver,Working Capital Line,2016000.0,0.19,382100.0,5.0,Floating,0.0144,0.0025,0.005,3,Senior Secured,4.22
RV01042,R399,Revolver,Corporate RCF,2866000.0,0.398,1140800.0,1.0,Floating,0.0199,0.0035,0.0025,5,Unsecured,0.51
RV01043,R108,Revolver,ABL Revolver,1034000.0,0.453,468300.0,3.0,Floating,0.0301,0.002,0.001,8,Senior Secured,1.64
RV01044,R324,Revolver,Working Capital Line,1308000.0,0.047,61100.0,1.0,Floating,0.0189,0.0025,0.005,5,Unsecured,0.47
RV01045,R241,Revolver,Corporate RCF,880000.0,0.549,483300.0,5.0,Floating,0.0244,0.0035,0.0025,5,Unsecured,3.31
RV01046,R293,Revolver,Working Capital Line,255000.0,0.684,174300.0,1.0,Floating,0.0358,0.0025,0.001,10,Senior Secured,0.5
RV01047,R039,Revolver,Working Capital Line,1947000.0,0.512,996100.0,5.0,Floating,0.0247,0.0025,0.001,7,Senior Secured,4.95
RV01048,R293,Revolver,ABL Revolver,1521000.0,0.323,491800.0,3.0,Floating,0.036,0.0035,0.005,10,Senior Secured,2.05
RV01049,R078,Revolver,Working Capital Line,482000.0,0.374,180100.0,3.0,Floating,0.0227,0.0035,0.005,5,Senior Secured,1.41
RV01050,R103,Revolver,ABL Revolver,4844000.0,0.251,1213700.0,3.0,Floating,0.0242,0.0025,0.005,6,Unsecured,1.82
RV01051,R005,Revolver,Working Capital Line,7557000.0,0.503,3801400.0,2.0,Floating,0.0201,0.0035,0.0025,6,Unsecured,1.65
RV01052,R200,Revolver,Working Capital Line,2173000.0,0.602,1307400.0,1.0,Floating,0.0224,0.002,0.005,4,Unsecured,0.84
RV01053,R463,Revolver,Corporate RCF,2582000.0,0.243,626400.0,5.0,Floating,0.0248,0.0025,0.0025,6,Unsecured,3.55
RV01054,R473,Revolver,Working Capital Line,184000.0,0.416,76500.0,3.0,Floating,0.021,0.0025,0.001,6,Senior Secured,0.61
RV01055,R030,Revolver,ABL Revolver,480000.0,0.353,169400.0,1.0,Floating,0.0323,0.0025,0.001,9,Senior Secured,0.89
RV01056,R439,Revolver,Corporate RCF,8016000.0,0.56,4492500.0,1.0,Floating,0.0203,0.0015,0.0025,5,Unsecured,0.93
RV01057,R211,Revolver,Working Capital Line,13726000.0,0.545,7481800.0,2.0,Floating,0.0207,0.002,0.005,5,Senior Secured,1.79
RV01058,R444,Revolver,Working Capital Line,6897000.0,0.414,2856300.0,3.0,Floating,0.0155,0.0015,0.001,4,Senior Secured,2.21
RV01059,R274,Revolver,Working Capital Line,922000.0,0.197,181200.0,3.0,Floating,0.0208,0.0025,0.001,5,Senior Secured,0.67
RV01060,R483,Revolver,Corporate RCF,1331000.0,0.253,336400.0,3.0,Floating,0.0134,0.0035,0.0025,3,Senior Secured,2.88
RV01061,R486,Revolver,Corporate RCF,1839000.0,0.372,684700.0,1.0,Floating,0.02,0.0025,0.0025,5,Unsecured,0.25
RV01062,R083,Revolver,ABL Revolver,8330000.0,0.504,4197800.0,5.0,Floating,0.0243,0.0035,0.001,6,Senior Secured,1.6
RV01063,R153,Revolver,Working Capital Line,1168000.0,0.697,814000.0,1.0,Floating,0.0253,0.0025,0.001,7,Unsecured,0.7
RV01064,R416,Revolver,Working Capital Line,2028000.0,0.799,1620000.0,2.0,Floating,0.0201,0.002,0.005,5,Unsecured,1.14
RV01065,R205,Revolver,Working Capital Line,1333000.0,0.182,242600.0,5.0,Floating,0.0223,0.0015,0.001,5,Unsecured,4.02
RV01066,R348,Revolver,Working Capital Line,1410000.0,0.676,952800.0,3.0,Floating,0.0133,0.0015,0.001,3,Unsecured,2.12
RV01067,R343,Revolver,Working Capital Line,386000.0,0.403,155600.0,3.0,Floating,0.0166,0.0035,0.001,4,Unsecured,0.61
RV01068,R499,Revolver,Working Capital Line,655000.0,0.83,543900.0,5.0,Floating,0.021,0.0035,0.0025,6,Senior Secured,3.57
RV01069,R005,Revolver,ABL Revolver,4588000.0,0.329,1507600.0,1.0,Floating,0.017,0.002,0.001,5,Unsecured,0.89
RV01070,R363,Revolver,Corporate RCF,302000.0,0.052,15600.0,1.0,Floating,0.0238,0.0035,0.005,6,Unsecured,0.88
RV01071,R249,Revolver,Working Capital Line,199000.0,0.349,69400.0,1.0,Floating,0.0164,0.0015,0.001,3,Unsecured,0.33
RV01072,R403,Revolver,Working Capital Line,602000.0,0.532,320200.0,1.0,Floating,0.0191,0.0035,0.001,5,Senior Secured,0.48
RV01073,R004,Revolver,Corporate RCF,5792000.0,0.095,547700.0,3.0,Floating,0.0179,0.0015,0.001,4,Senior Secured,0.89
RV01074,R045,Revolver,Corporate RCF,969000.0,0.643,622900.0,3.0,Floating,0.0293,0.0025,0.0025,8,Unsecured,2.4
RV01075,R010,Revolver,Corporate RCF,12111000.0,0.319,3858600.0,2.0,Floating,0.018,0.0015,0.005,6,Unsecured,1.4
RV01076,R079,Revolver,Working Capital Line,1044000.0,0.615,642600.0,3.0,Floating,0.021,0.0025,0.001,5,Senior Secured,1.76
RV01077,R203,Revolver,ABL Revolver,699000.0,0.37,258800.0,2.0,Floating,0.0231,0.002,0.0025,5,Senior Secured,0.88
RV01078,R051,Revolver,ABL Revolver,387000.0,0.635,245600.0,1.0,Floating,0.0169,0.0025,0.0025,5,Senior Secured,0.83
RV01079,R499,Revolver,Corporate RCF,1941000.0,0.517,1003100.0,2.0,Floating,0.0247,0.0015,0.0025,5,Unsecured,1.67
RV01080,R060,Revolver,Corporate RCF,804000.0,0.386,310500.0,3.0,Floating,0.0251,0.002,0.0025,7,Unsecured,1.78
RV01081,R051,Revolver,Working Capital Line,596000.0,0.355,211500.0,2.0,Floating,0.0146,0.0015,0.001,4,Unsecured,0.6
RV01082,R006,Revolver,Working Capital Line,6210000.0,0.628,3899000.0,5.0,Floating,0.0191,0.0025,0.0025,5,Unsecured,2.86
RV01083,R115,Revolver,Working Capital Line,456000.0,0.386,175900.0,5.0,Floating,0.0196,0.0015,0.001,4,Senior Secured,4.58
RV01084,R436,Revolver,Working Capital Line,1640000.0,0.343,562700.0,3.0,Floating,0.0145,0.0035,0.0025,3,Senior Secured,2.0
RV01085,R262,Revolver,ABL Revolver,531000.0,0.399,211900.0,3.0,Floating,0.0185,0.0015,0.005,4,Senior Secured,2.41
RV01086,R004,Revolver,Working Capital Line,5671000.0,0.199,1129800.0,3.0,Floating,0.0198,0.0025,0.005,4,Senior Secured,1.31
RV01087,R384,Revolver,Working Capital Line,1590000.0,0.121,192100.0,5.0,Floating,0.0155,0.0035,0.001,3,Unsecured,2.37
RV01088,R106,Revolver,Corporate RCF,1271000.0,0.757,962000.0,3.0,Floating,0.0211,0.002,0.001,3,Unsecured,0.88
RV01089,R404,Revolver,Working Capital Line,3546000.0,0.119,423300.0,2.0,Floating,0.026,0.0025,0.005,6,Senior Secured,0.95
RV01090,R005,Revolver,Working Capital Line,21856000.0,0.428,9357000.0,1.0,Floating,0.0182,0.0035,0.001,5,Senior Secured,0.34
RV01091,R308,Revolver,ABL Revolver,5127000.0,0.709,3635100.0,5.0,Floating,0.0297,0.0015,0.0025,8,Unsecured,3.16
RV01092,R110,Revolver,ABL Revolver,1458000.0,0.183,266700.0,2.0,Floating,0.0229,0.0025,0.0025,6,Senior Secured,1.03
RV01093,R187,Revolver,ABL Revolver,1437000.0,0.533,766300.0,3.0,Floating,0.0156,0.0025,0.0025,3,Senior Secured,2.61
RV01094,R183,Revolver,Working Capital Line,1705000.0,0.404,689100.0,5.0,Floating,0.0218,0.0025,0.001,5,Unsecured,2.53
RV01095,R457,Revolver,Working Capital Line,5561000.0,0.33,1833700.0,2.0,Floating,0.0283,0.0025,0.005,8,Unsecured,0.74
RV01096,R149,Revolver,Working Capital Line,488000.0,0.419,204400.0,2.0,Floating,0.0179,0.002,0.001,5,Senior Secured,0.53
RV01097,R034,Revolver,Working Capital Line,704000.0,0.133,93600.0,1.0,Floating,0.0177,0.0025,0.005,3,Senior Secured,0.4
RV01098,R469,Revolver,Working Capital Line,3481000.0,0.152,530600.0,2.0,Floating,0.0254,0.002,0.001,6,Senior Secured,1.52
RV01099,R155,Revolver,Working Capital Line,286000.0,0.23,65700.0,3.0,Floating,0.0235,0.002,0.005,7,Senior Secured,2.1
RV01100,R341,Revolver,Corporate RCF,1308000.0,0.221,288500.0,2.0,Floating,0.0182,0.0035,0.005,4,Senior Secured,1.39
RV01101,R396,Revolver,ABL Revolver,399000.0,0.455,181700.0,2.0,Floating,0.0312,0.0025,0.0025,8,Senior Secured,1.77
RV01102,R179,Revolver,Working Capital Line,2429000.0,0.054,130400.0,3.0,Floating,0.0253,0.0025,0.001,6,Senior Secured,1.21
RV01103,R281,Revolver,ABL Revolver,2746000.0,0.338,928500.0,1.0,Floating,0.0137,0.0015,0.001,3,Senior Secured,0.58
RV01104,R204,Revolver,ABL Revolver,1419000.0,0.55,780800.0,1.0,Floating,0.0227,0.002,0.0025,5,Unsecured,0.33
RV01105,R225,Revolver,Working Capital Line,2706000.0,0.367,994100.0,1.0,Floating,0.0235,0.0015,0.0025,6,Senior Secured,0.38
RV01106,R120,Revolver,Corporate RCF,2661000.0,0.106,282900.0,5.0,Floating,0.0243,0.0035,0.001,6,Senior Secured,2.48
RV01107,R499,Revolver,Working Capital Line,6583000.0,0.836,5506600.0,1.0,Floating,0.0217,0.0035,0.001,6,Senior Secured,0.77
RV01108,R209,Revolver,Working Capital Line,1725000.0,0.596,1027800.0,1.0,Floating,0.0075,0.002,0.0025,3,Senior Secured,0.87
RV01109,R057,Revolver,ABL Revolver,392000.0,0.231,90500.0,2.0,Floating,0.0163,0.002,0.0025,4,Unsecured,0.89
RV01110,R289,Revolver,ABL Revolver,938000.0,0.218,204100.0,3.0,Floating,0.0246,0.0025,0.0025,6,Senior Secured,1.55
RV01111,R108,Revolver,Corporate RCF,768000.0,0.096,73800.0,3.0,Floating,0.0259,0.0015,0.0025,7,Unsecured,2.73
RV01112,R284,Revolver,Working Capital Line,703000.0,0.445,312700.0,2.0,Floating,0.0164,0.0025,0.005,3,Unsecured,1.65
RV01113,R163,Revolver,Working Capital Line,595000.0,0.643,382500.0,3.0,Floating,0.0173,0.0015,0.001,3,Senior Secured,2.26
RV01114,R377,Revolver,Corporate RCF,1248000.0,0.422,527200.0,3.0,Floating,0.02,0.0025,0.005,5,Unsecured,1.58
RV01115,R425,Revolver,Working Capital Line,253000.0,0.377,95500.0,5.0,Floating,0.017,0.0025,0.005,4,Senior Secured,2.36
RV01116,R315,Revolver,ABL Revolver,272000.0,0.142,38700.0,3.0,Floating,0.0135,0.0025,0.005,4,Senior Secured,2.34
RV01117,R192,Revolver,Working Capital Line,1940000.0,0.684,1326800.0,3.0,Floating,0.0148,0.0015,0.005,4,Senior Secured,0.82
RV01118,R034,Revolver,Working Capital Line,1339000.0,0.615,823900.0,1.0,Floating,0.0096,0.002,0.001,2,Unsecured,0.63
RV01119,R147,Revolver,Working Capital Line,1218000.0,0.376,457500.0,2.0,Floating,0.0274,0.002,0.001,7,Unsecured,0.5
RV01120,R442,Revolver,Working Capital Line,54000.0,0.099,5300.0,5.0,Floating,0.0285,0.0025,0.005,8,Unsecured,3.49
RV01121,R367,Revolver,Working Capital Line,410000.0,0.071,28900.0,1.0,Floating,0.0224,0.002,0.001,6,Unsecured,0.65
RV01122,R152,Revolver,Working Capital Line,754000.0,0.675,508900.0,2.0,Floating,0.025,0.002,0.001,7,Unsecured,0.5
RV01123,R064,Revolver,Working Capital Line,498000.0,0.487,242600.0,3.0,Floating,0.0191,0.0015,0.0025,5,Senior Secured,1.61
RV01124,R402,Revolver,ABL Revolver,1249000.0,0.381,476500.0,5.0,Floating,0.0253,0.002,0.0025,6,Unsecured,1.77
RV01125,R108,Revolver,Working Capital Line,3087000.0,0.45,1388000.0,1.0,Floating,0.0237,0.002,0.001,6,Senior Secured,0.84
RV01126,R458,Revolver,Working Capital Line,4208000.0,0.164,688300.0,5.0,Floating,0.0227,0.0015,0.0025,5,Unsecured,4.65
RV01127,R061,Revolver,Working Capital Line,2220000.0,0.328,728100.0,1.0,Floating,0.0219,0.0015,0.001,7,Senior Secured,0.45
RV01128,R083,Revolver,Corporate RCF,7174000.0,0.142,1016400.0,5.0,Floating,0.0274,0.0015,0.0025,7,Senior Secured,1.12
RV01129,R380,Revolver,Working Capital Line,1057000.0,0.458,484200.0,5.0,Floating,0.0197,0.002,0.005,5,Senior Secured,4.59
RV01130,R493,Revolver,Working Capital Line,1308000.0,0.492,643800.0,3.0,Floating,0.0145,0.0015,0.001,3,Senior Secured,2.63
RV01131,R236,Revolver,Working Capital Line,2158000.0,0.165,356000.0,5.0,Floating,0.0234,0.0015,0.001,5,Unsecured,4.19
RV01132,R475,Revolver,Working Capital Line,595000.0,0.009,5100.0,5.0,Floating,0.0199,0.0035,0.0025,5,Senior Secured,2.43
RV01133,R146,Revolver,ABL Revolver,433000.0,0.402,173900.0,5.0,Floating,0.0217,0.0035,0.001,5,Senior Secured,1.32
RV01134,R356,Revolver,Working Capital Line,4262000.0,0.412,1755400.0,3.0,Floating,0.0271,0.0025,0.001,8,Unsecured,2.94
RV01135,R233,Revolver,Working Capital Line,232000.0,0.321,74400.0,2.0,Floating,0.0292,0.0025,0.0025,8,Unsecured,1.19
RV01136,R372,Revolver,ABL Revolver,993000.0,0.541,537600.0,1.0,Floating,0.0231,0.0015,0.001,7,Unsecured,0.49
RV01137,R431,Revolver,Corporate RCF,1451000.0,0.504,730800.0,1.0,Floating,0.0262,0.0015,0.001,7,Unsecured,0.82
RV01138,R256,Revolver,Working Capital Line,1322000.0,0.303,401100.0,3.0,Floating,0.0243,0.0015,0.005,6,Senior Secured,2.21
RV01139,R177,Revolver,Working Capital Line,3220000.0,0.32,1029100.0,1.0,Floating,0.0257,0.0015,0.005,6,Senior Secured,0.23
RV01140,R155,Revolver,Working Capital Line,2232000.0,0.383,854500.0,5.0,Floating,0.0247,0.0015,0.0025,7,Senior Secured,4.83
RV01141,R003,Revolver,Working Capital Line,3204000.0,0.514,1646900.0,1.0,Floating,0.0168,0.0025,0.005,5,Senior Secured,0.64
RV01142,R446,Revolver,Working Capital Line,366000.0,0.444,162500.0,1.0,Floating,0.011,0.0035,0.005,2,Senior Secured,0.35
RV01143,R201,Revolver,ABL Revolver,4237000.0,0.174,737300.0,1.0,Floating,0.0174,0.0025,0.0025,4,Unsecured,0.21
RV01144,R179,Revolver,Corporate RCF,429000.0,0.122,52400.0,1.0,Floating,0.0244,0.002,0.001,7,Senior Secured,0.64
RV01145,R307,Revolver,Working Capital Line,512000.0,0.445,228000.0,1.0,Floating,0.0164,0.002,0.001,5,Unsecured,0.68
RV01146,R271,Revolver,Working Capital Line,166000.0,0.367,61000.0,3.0,Floating,0.0214,0.002,0.005,6,Unsecured,0.84
RV01147,R004,Revolver,Working Capital Line,9542000.0,0.355,3385900.0,1.0,Floating,0.0148,0.0015,0.005,4,Senior Secured,0.64
RV01148,R436,Revolver,Working Capital Line,10585000.0,0.073,769100.0,5.0,Floating,0.0148,0.002,0.005,3,Senior Secured,2.73
RV01149,R005,Revolver,Corporate RCF,2908000.0,0.457,1329600.0,2.0,Floating,0.022,0.0025,0.005,6,Senior Secured,1.1
RV01150,R301,Revolver,Working Capital Line,2210000.0,0.2,441600.0,3.0,Floating,0.0196,0.0015,0.001,4,Unsecured,2.94
RV01151,R002,Revolver,Corporate RCF,6962000.0,0.647,4505100.0,3.0,Floating,0.0139,0.002,0.0025,4,Senior Secured,1.31
RV01152,R206,Revolver,Working Capital Line,540000.0,0.24,129400.0,1.0,Floating,0.0231,0.002,0.0025,7,Unsecured,0.91
RV01153,R338,Revolver,Corporate RCF,1182000.0,0.133,156900.0,1.0,Floating,0.0243,0.0015,0.0025,6,Senior Secured,0.48
RV01154,R368,Revolver,Corporate RCF,1118000.0,0.618,690600.0,5.0,Floating,0.0235,0.0025,0.005,6,Unsecured,1.72
RV01155,R299,Revolver,Corporate RCF,663000.0,0.089,58800.0,3.0,Floating,0.0258,0.002,0.0025,7,Senior Secured,0.97
RV01156,R407,Revolver,Corporate RCF,1286000.0,0.171,219300.0,1.0,Floating,0.0287,0.0025,0.0025,7,Senior Secured,0.95
RV01157,R466,Revolver,Working Capital Line,4654000.0,0.777,3616300.0,3.0,Floating,0.016,0.0035,0.001,3,Senior Secured,0.66
RV01158,R246,Revolver,Working Capital Line,729000.0,0.313,227800.0,2.0,Floating,0.0181,0.002,0.0025,4,Unsecured,0.75
RV01159,R261,Revolver,ABL Revolver,570000.0,0.611,348400.0,1.0,Floating,0.021,0.002,0.0025,5,Senior Secured,0.47
RV01160,R476,Revolver,Working Capital Line,393000.0,0.065,25600.0,1.0,Floating,0.0336,0.0025,0.001,9,Unsecured,0.73
RV01161,R405,Revolver,Working Capital Line,282000.0,0.23,64800.0,3.0,Floating,0.0221,0.0015,0.005,6,Senior Secured,1.5
RV01162,R208,Revolver,ABL Revolver,960000.0,0.268,257500.0,2.0,Floating,0.0245,0.0015,0.0025,7,Unsecured,0.43
RV01163,R262,Revolver,Working Capital Line,882000.0,0.284,250400.0,3.0,Floating,0.0202,0.0015,0.0025,5,Unsecured,1.84
RV01164,R061,Revolver,ABL Revolver,172000.0,0.369,63500.0,1.0,Floating,0.0239,0.002,0.005,7,Senior Secured,0.91
RV01165,R294,Revolver,Working Capital Line,2688000.0,0.625,1680700.0,1.0,Floating,0.0234,0.0025,0.005,6,Senior Secured,0.91
RV01166,R005,Revolver,Working Capital Line,2482000.0,0.07,174700.0,1.0,Floating,0.0198,0.0015,0.001,5,Senior Secured,0.99
RV01167,R205,Revolver,Corporate RCF,891000.0,0.062,54900.0,2.0,Floating,0.0234,0.0025,0.005,6,Senior Secured,0.95
RV01168,R126,Revolver,ABL Revolver,8288000.0,0.273,2261600.0,5.0,Floating,0.0312,0.0025,0.001,9,Senior Secured,1.49
RV01169,R355,Revolver,ABL Revolver,1337000.0,0.281,376300.0,3.0,Floating,0.0156,0.0025,0.005,2,Senior Secured,0.77
RV01170,R361,Revolver,Working Capital Line,1034000.0,0.827,854900.0,1.0,Floating,0.0226,0.0025,0.0025,5,Unsecured,0.89
RV01171,R252,Revolver,Working Capital Line,548000.0,0.812,445100.0,1.0,Floating,0.0233,0.0025,0.0025,6,Senior Secured,0.8
RV01172,R088,Revolver,ABL Revolver,936000.0,0.214,199900.0,1.0,Floating,0.0181,0.002,0.005,4,Unsecured,0.7
RV01173,R005,Revolver,Working Capital Line,12193000.0,0.048,589100.0,5.0,Floating,0.0209,0.002,0.001,5,Senior Secured,2.99
RV01174,R184,Revolver,Corporate RCF,4015000.0,0.34,1365300.0,3.0,Floating,0.0139,0.0035,0.001,3,Senior Secured,1.7
RV01175,R368,Revolver,Working Capital Line,2418000.0,0.046,111700.0,5.0,Floating,0.0272,0.002,0.005,8,Senior Secured,2.98
RV01176,R295,Revolver,ABL Revolver,1072000.0,0.148,159000.0,2.0,Floating,0.0212,0.002,0.001,5,Unsecured,0.98
RV01177,R086,Revolver,ABL Revolver,808000.0,0.328,264800.0,3.0,Floating,0.0327,0.0035,0.005,9,Unsecured,1.74
RV01178,R314,Revolver,Working Capital Line,455000.0,0.785,357200.0,3.0,Floating,0.0245,0.0035,0.0025,6,Senior Secured,1.1
RV01179,R005,Revolver,Working Capital Line,13884000.0,0.508,7057500.0,3.0,Floating,0.0232,0.0035,0.001,6,Unsecured,0.88
RV01180,R005,Revolver,Corporate RCF,15670000.0,0.373,5846000.0,2.0,Floating,0.0188,0.0035,0.005,6,Senior Secured,0.74
RV01181,R359,Revolver,ABL Revolver,959000.0,0.528,506700.0,1.0,Floating,0.0179,0.002,0.005,5,Senior Secured,0.98
RV01182,R418,Revolver,Working Capital Line,3336000.0,0.312,1040300.0,2.0,Floating,0.0223,0.0035,0.001,6,Senior Secured,1.99
RV01183,R374,Revolver,Corporate RCF,1392000.0,0.613,853300.0,5.0,Floating,0.0247,0.0025,0.005,6,Unsecured,4.01
RV01184,R381,Revolver,ABL Revolver,715000.0,0.089,63400.0,1.0,Floating,0.0217,0.0035,0.0025,6,Senior Secured,0.87
RV01185,R117,Revolver,Corporate RCF,294000.0,0.453,133200.0,3.0,Floating,0.014,0.0015,0.005,4,Senior Secured,0.85
RV01186,R295,Revolver,Working Capital Line,3217000.0,0.527,1693800.0,5.0,Floating,0.0182,0.0015,0.001,4,Senior Secured,1.49
RV01187,R318,Revolver,Working Capital Line,1763000.0,0.323,569800.0,3.0,Floating,0.0196,0.0015,0.001,5,Unsecured,0.82
RV01188,R103,Revolver,Working Capital Line,13340000.0,0.36,4805100.0,2.0,Floating,0.0228,0.0035,0.005,7,Unsecured,0.5
RV01189,R242,Revolver,Corporate RCF,6196000.0,0.451,2795500.0,1.0,Floating,0.018,0.002,0.0025,4,Senior Secured,0.8
RV01190,R114,Revolver,Corporate RCF,277000.0,0.105,29100.0,3.0,Floating,0.0227,0.0015,0.001,6,Unsecured,0.74
RV01191,R101,Revolver,ABL Revolver,832000.0,0.795,661700.0,5.0,Floating,0.0269,0.0035,0.0025,6,Unsecured,4.8
RV01192,R244,Revolver,Working Capital Line,67000.0,0.184,12300.0,5.0,Floating,0.0237,0.0035,0.005,6,Unsecured,3.62
RV01193,R109,Revolver,ABL Revolver,2014000.0,0.645,1299200.0,1.0,Floating,0.0247,0.0035,0.001,6,Senior Secured,0.34
RV01194,R187,Revolver,Working Capital Line,1591000.0,0.49,779700.0,5.0,Floating,0.0151,0.0025,0.005,3,Senior Secured,4.27
RV01195,R180,Revolver,Working Capital Line,962000.0,0.091,87600.0,2.0,Floating,0.0111,0.0025,0.001,2,Senior Secured,1.72
RV01196,R498,Revolver,Working Capital Line,292000.0,0.161,46900.0,3.0,Floating,0.0141,0.0025,0.005,3,Unsecured,1.95
RV01197,R303,Revolver,Working Capital Line,813000.0,0.181,147100.0,1.0,Floating,0.0229,0.0025,0.005,5,Senior Secured,0.27
RV01198,R349,Revolver,Working Capital Line,1041000.0,0.266,277300.0,1.0,Floating,0.0222,0.0025,0.0025,5,Senior Secured,0.52
RV01199,R333,Revolver,ABL Revolver,5348000.0,0.276,1476100.0,3.0,Floating,0.0093,0.0015,0.0025,2,Unsecured,1.92
RV01200,R263,Revolver,ABL Revolver,3380000.0,0.739,2497700.0,2.0,Floating,0.021,0.0015,0.001,6,Unsecured,1.59
RV01201,R110,Revolver,ABL Revolver,1602000.0,0.278,444800.0,5.0,Floating,0.0211,0.0035,0.0025,6,Senior Secured,2.19
RV01202,R203,Revolver,Working Capital Line,788000.0,0.202,159500.0,1.0,Floating,0.0228,0.0015,0.0025,5,Senior Secured,0.9
RV01203,R133,Revolver,Corporate RCF,2552000.0,0.163,416300.0,5.0,Floating,0.02,0.0015,0.0025,6,Senior Secured,2.0
RV01204,R033,Revolver,Working Capital Line,1556000.0,0.625,971800.0,2.0,Floating,0.0195,0.0035,0.005,4,Senior Secured,2.0
RV01205,R191,Revolver,Corporate RCF,303000.0,0.121,36500.0,1.0,Floating,0.0271,0.0035,0.0025,7,Senior Secured,0.29
RV01206,R047,Revolver,ABL Revolver,3077000.0,0.675,2077000.0,1.0,Floating,0.0182,0.002,0.001,4,Senior Secured,0.87
RV01207,R184,Revolver,Working Capital Line,7967000.0,0.717,5715300.0,3.0,Floating,0.0142,0.0015,0.0025,3,Senior Secured,0.92
RV01208,R152,Revolver,ABL Revolver,1340000.0,0.27,361400.0,5.0,Floating,0.0231,0.0025,0.001,5,Unsecured,4.04
RV01209,R001,Revolver,ABL Revolver,9455000.0,0.568,5366500.0,1.0,Floating,0.0167,0.0015,0.0025,4,Senior Secured,0.89
RV01210,R061,Revolver,Working Capital Line,3921000.0,0.381,1493300.0,2.0,Floating,0.0262,0.002,0.005,8,Senior Secured,0.9
RV01211,R168,Revolver,Working Capital Line,608000.0,0.139,84300.0,2.0,Floating,0.0211,0.0025,0.001,6,Senior Secured,0.56
RV01212,R152,Revolver,Working Capital Line,2693000.0,0.425,1144500.0,3.0,Floating,0.0174,0.0035,0.001,5,Unsecured,3.0
RV01213,R500,Revolver,Working Capital Line,1722000.0,0.54,930500.0,3.0,Floating,0.0203,0.0015,0.0025,4,Senior Secured,2.93
RV01214,R453,Revolver,Corporate RCF,2362000.0,0.529,1250100.0,5.0,Floating,0.0319,0.0025,0.0025,8,Senior Secured,4.03
RV01215,R306,Revolver,Working Capital Line,982000.0,0.389,381600.0,1.0,Floating,0.0341,0.0015,0.001,9,Senior Secured,0.51
RV01216,R164,Revolver,ABL Revolver,864000.0,0.068,59100.0,1.0,Floating,0.0232,0.002,0.001,6,Senior Secured,0.31
RV01217,R437,Revolver,Working Capital Line,564000.0,0.076,42900.0,1.0,Floating,0.0206,0.0025,0.005,6,Senior Secured,0.53
RV01218,R347,Revolver,Working Capital Line,2211000.0,0.316,698800.0,5.0,Floating,0.0158,0.0015,0.0025,4,Unsecured,3.88
RV01219,R374,Revolver,Corporate RCF,729000.0,0.549,400100.0,3.0,Floating,0.0187,0.0025,0.0025,5,Senior Secured,0.97
RV01220,R209,Revolver,ABL Revolver,504000.0,0.209,105600.0,1.0,Floating,0.0178,0.0035,0.001,4,Unsecured,0.21
RV01221,R449,Revolver,Working Capital Line,501000.0,0.425,212800.0,3.0,Floating,0.0263,0.002,0.005,6,Senior Secured,2.77
RV01222,R100,Revolver,Working Capital Line,1571000.0,0.287,451400.0,3.0,Floating,0.0207,0.0035,0.0025,4,Unsecured,2.28
RV01223,R445,Revolver,Corporate RCF,12780000.0,0.244,3120800.0,2.0,Floating,0.0197,0.0025,0.0025,5,Unsecured,1.51
RV01224,R370,Revolver,ABL Revolver,128000.0,0.348,44500.0,1.0,Floating,0.0218,0.0035,0.0025,7,Senior Secured,0.96
RV01225,R208,Revolver,Corporate RCF,10960000.0,0.522,5717200.0,3.0,Floating,0.0212,0.0025,0.001,6,Unsecured,1.85
RV01226,R426,Revolver,Working Capital Line,3176000.0,0.143,455500.0,3.0,Floating,0.0203,0.0035,0.005,4,Senior Secured,1.36
RV01227,R086,Revolver,Working Capital Line,4457000.0,0.191,851000.0,1.0,Floating,0.0296,0.0015,0.001,8,Unsecured,0.93
RV01228,R450,Revolver,Corporate RCF,595000.0,0.617,367100.0,1.0,Floating,0.0228,0.002,0.001,6,Senior Secured,0.99
RV01229,R362,Revolver,Working Capital Line,879000.0,0.115,101200.0,1.0,Floating,0.0198,0.002,0.001,5,Unsecured,0.22
RV01230,R327,Revolver,ABL Revolver,3144000.0,0.473,1487600.0,3.0,Floating,0.0192,0.0035,0.0025,5,Senior Secured,1.39
RV01231,R003,Revolver,Working Capital Line,2857000.0,0.224,640900.0,1.0,Floating,0.0139,0.0025,0.0025,4,Senior Secured,0.49
RV01232,R337,Revolver,Working Capital Line,427000.0,0.128,54700.0,2.0,Floating,0.0332,0.0015,0.001,8,Senior Secured,0.58
RV01233,R232,Revolver,Working Capital Line,2559000.0,0.367,939900.0,2.0,Floating,0.0297,0.0035,0.005,7,Senior Secured,0.75
RV01234,R477,Revolver,Working Capital Line,218000.0,0.61,133100.0,5.0,Floating,0.0219,0.0025,0.001,6,Unsecured,1.1
RV01235,R297,Revolver,Working Capital Line,1311000.0,0.153,200200.0,2.0,Floating,0.0228,0.002,0.001,7,Unsecured,1.51
RV01236,R184,Revolver,Corporate RCF,1894000.0,0.526,997200.0,2.0,Floating,0.021,0.002,0.001,5,Senior Secured,0.57
RV01237,R004,Revolver,Working Capital Line,3093000.0,0.172,532400.0,2.0,Floating,0.0137,0.0025,0.0025,3,Unsecured,1.82
RV01238,R152,Revolver,Working Capital Line,5199000.0,0.494,2565900.0,3.0,Floating,0.0248,0.0035,0.001,6,Senior Secured,2.0
RV01239,R004,Revolver,ABL Revolver,3111000.0,0.428,1332300.0,5.0,Floating,0.0181,0.0025,0.001,4,Unsecured,2.42
RV01240,R454,Revolver,Corporate RCF,956000.0,0.347,331500.0,5.0,Floating,0.024,0.0035,0.001,7,Senior Secured,4.24
RV01241,R431,Revolver,ABL Revolver,2234000.0,0.435,971800.0,2.0,Floating,0.0261,0.0025,0.0025,6,Senior Secured,1.44
RV01242,R450,Revolver,Working Capital Line,441000.0,0.078,34300.0,2.0,Floating,0.0228,0.0015,0.005,6,Senior Secured,1.6
RV01243,R412,Revolver,Working Capital Line,886000.0,0.101,89100.0,2.0,Floating,0.0135,0.0035,0.0025,2,Senior Secured,1.8
RV01244,R233,Revolver,Corporate RCF,1014000.0,0.13,132200.0,3.0,Floating,0.0258,0.0025,0.001,7,Unsecured,2.54
RV01245,R326,Revolver,ABL Revolver,1089000.0,0.331,360200.0,3.0,Floating,0.0169,0.0025,0.001,3,Unsecured,2.47
RV01246,R193,Revolver,Working Capital Line,2365000.0,0.691,1634300.0,2.0,Floating,0.0216,0.0025,0.001,7,Senior Secured,1.57
RV01247,R354,Revolver,ABL Revolver,468000.0,0.451,211200.0,3.0,Floating,0.0222,0.0015,0.001,5,Senior Secured,1.51
RV01248,R445,Revolver,Corporate RCF,4718000.0,0.579,2730100.0,1.0,Floating,0.0218,0.0035,0.0025,6,Senior Secured,0.72
RV01249,R352,Revolver,Working Capital Line,797000.0,0.285,227400.0,3.0,Floating,0.018,0.0035,0.005,4,Unsecured,1.96
RV01250,R090,Revolver,Working Capital Line,1693000.0,0.109,183700.0,1.0,Floating,0.026,0.0035,0.0025,6,Senior Secured,0.97
RV01251,R170,Revolver,ABL Revolver,3339000.0,0.365,1217800.0,2.0,Floating,0.0303,0.0025,0.0025,9,Unsecured,1.2
RV01252,R352,Revolver,Working Capital Line,790000.0,0.4,316200.0,1.0,Floating,0.016,0.0015,0.0025,4,Unsecured,0.38
RV01253,R069,Revolver,ABL Revolver,7064000.0,0.499,3527300.0,1.0,Floating,0.02,0.0025,0.0025,5,Senior Secured,0.57
RV01254,R007,Revolver,Working Capital Line,22155000.0,0.346,7655700.0,1.0,Floating,0.0234,0.002,0.005,7,Unsecured,0.53
RV01255,R287,Revolver,Corporate RCF,2808000.0,0.248,696800.0,3.0,Floating,0.0186,0.0025,0.005,5,Senior Secured,1.72
RV01256,R209,Revolver,ABL Revolver,1642000.0,0.135,222100.0,3.0,Floating,0.0153,0.0035,0.005,3,Unsecured,1.99
RV01257,R377,Revolver,Working Capital Line,881000.0,0.481,423400.0,3.0,Floating,0.021,0.0015,0.001,5,Senior Secured,2.88
RV01258,R235,Revolver,ABL Revolver,832000.0,0.247,205900.0,2.0,Floating,0.0188,0.002,0.0025,4,Senior Secured,0.85
RV01259,R366,Revolver,Working Capital Line,2122000.0,0.261,554800.0,5.0,Floating,0.0219,0.002,0.005,6,Senior Secured,4.88
RV01260,R067,Revolver,Working Capital Line,125000.0,0.393,49100.0,5.0,Floating,0.0104,0.0035,0.005,2,Unsecured,4.12
RV01261,R355,Revolver,Working Capital Line,1683000.0,0.566,951700.0,3.0,Floating,0.0121,0.0025,0.005,2,Senior Secured,1.04
RV01262,R001,Revolver,Working Capital Line,9152000.0,0.298,2726400.0,3.0,Floating,0.016,0.002,0.0025,4,Unsecured,1.27
RV01263,R008,Revolver,Corporate RCF,15439000.0,0.124,1918500.0,3.0,Floating,0.0227,0.002,0.0025,7,Senior Secured,2.78
RV01264,R244,Revolver,Corporate RCF,793000.0,0.249,197100.0,3.0,Floating,0.0221,0.002,0.005,6,Senior Secured,2.52
RV01265,R242,Revolver,Corporate RCF,1603000.0,0.343,550500.0,1.0,Floating,0.0242,0.0015,0.0025,6,Unsecured,0.31
RV01266,R397,Revolver,ABL Revolver,765000.0,0.407,311400.0,3.0,Floating,0.0272,0.0025,0.0025,8,Senior Secured,2.0
RV01267,R183,Revolver,Corporate RCF,923000.0,0.217,200000.0,1.0,Floating,0.0233,0.0035,0.0025,6,Senior Secured,0.42
RV01268,R336,Revolver,Working Capital Line,95000.0,0.172,16300.0,5.0,Floating,0.0173,0.0015,0.001,4,Senior Secured,3.52
RV01269,R468,Revolver,ABL Revolver,781000.0,0.411,321100.0,3.0,Floating,0.0178,0.002,0.005,4,Senior Secured,1.02
RV01270,R032,Revolver,Working Capital Line,440000.0,0.291,128200.0,5.0,Floating,0.0203,0.0035,0.005,4,Senior Secured,2.41
RV01271,R483,Revolver,ABL Revolver,391000.0,0.581,227300.0,1.0,Floating,0.0097,0.0025,0.001,2,Senior Secured,0.51
RV01272,R256,Revolver,Corporate RCF,1191000.0,0.089,106000.0,3.0,Floating,0.0215,0.0015,0.0025,7,Unsecured,1.89
RV01273,R447,Revolver,ABL Revolver,601000.0,0.308,185000.0,3.0,Floating,0.0167,0.0015,0.005,4,Unsecured,1.17
RV01274,R003,Revolver,Working Capital Line,2022000.0,0.383,774300.0,5.0,Floating,0.0185,0.0015,0.001,6,Senior Secured,3.91
RV01275,R183,Revolver,Working Capital Line,26116000.0,0.309,8077800.0,5.0,Floating,0.0175,0.0025,0.001,6,Unsecured,4.24
RV01276,R345,Revolver,ABL Revolver,852000.0,0.459,391200.0,1.0,Floating,0.027,0.0035,0.005,6,Senior Secured,0.71
RV01277,R027,Revolver,Corporate RCF,332000.0,0.282,93700.0,5.0,Floating,0.0246,0.0015,0.005,6,Senior Secured,4.61
RV01278,R021,Revolver,Working Capital Line,482000.0,0.253,122200.0,5.0,Floating,0.022,0.0025,0.005,5,Senior Secured,4.16
RV01279,R019,Revolver,Working Capital Line,2262000.0,0.628,1420900.0,5.0,Floating,0.0145,0.0025,0.005,3,Senior Secured,1.18
RV01280,R114,Revolver,Working Capital Line,753000.0,0.39,293600.0,3.0,Floating,0.0271,0.0035,0.005,7,Senior Secured,0.8
RV01281,R200,Revolver,Corporate RCF,8535000.0,0.537,4587500.0,5.0,Floating,0.0171,0.0025,0.001,4,Senior Secured,3.64
RV01282,R415,Revolver,Working Capital Line,821000.0,0.586,481100.0,1.0,Floating,0.0167,0.0035,0.005,3,Senior Secured,0.78
RV01283,R403,Revolver,ABL Revolver,4680000.0,0.385,1800600.0,1.0,Floating,0.0239,0.002,0.0025,6,Senior Secured,0.97
RV01284,R001,Revolver,Corporate RCF,4977000.0,0.46,2289400.0,1.0,Floating,0.0151,0.002,0.0025,4,Senior Secured,0.2
RV01285,R012,Revolver,Working Capital Line,3881000.0,0.348,1348800.0,3.0,Floating,0.0236,0.0035,0.0025,6,Senior Secured,1.17
RV01286,R440,Revolver,ABL Revolver,6633000.0,0.652,4325600.0,5.0,Floating,0.0292,0.0025,0.0025,7,Senior Secured,4.33
RV01287,R081,Revolver,ABL Revolver,7752000.0,0.031,243000.0,3.0,Floating,0.0182,0.002,0.0025,4,Unsecured,2.74
RV01288,R492,Revolver,ABL Revolver,2870000.0,0.174,499900.0,2.0,Floating,0.0158,0.0025,0.005,4,Senior Secured,1.14
RV01289,R010,Revolver,Corporate RCF,5750000.0,0.491,2824500.0,3.0,Floating,0.0191,0.002,0.001,5,Senior Secured,1.76
RV01290,R498,Revolver,Corporate RCF,877000.0,0.515,451900.0,3.0,Floating,0.0161,0.0025,0.0025,3,Senior Secured,2.65
RV01291,R249,Revolver,Working Capital Line,95000.0,0.482,45800.0,2.0,Floating,0.0176,0.0025,0.0025,4,Senior Secured,1.14
RV01292,R401,Revolver,Working Capital Line,739000.0,0.372,275100.0,3.0,Floating,0.015,0.0015,0.0025,3,Unsecured,2.49
RV01293,R051,Revolver,Corporate RCF,2353000.0,0.39,917300.0,3.0,Floating,0.0214,0.0025,0.005,6,Unsecured,2.88
RV01294,R367,Revolver,Working Capital Line,1975000.0,0.493,974600.0,3.0,Floating,0.0209,0.0035,0.0025,5,Senior Secured,1.23
RV01295,R013,Revolver,Working Capital Line,815000.0,0.437,356000.0,5.0,Floating,0.0183,0.0025,0.005,5,Senior Secured,2.1
RV01296,R013,Revolver,Corporate RCF,4067000.0,0.574,2333400.0,2.0,Floating,0.0174,0.0025,0.001,4,Senior Secured,1.9
RV01297,R300,Revolver,ABL Revolver,624000.0,0.507,316200.0,2.0,Floating,0.0082,0.0035,0.005,1,Unsecured,1.08
RV01298,R029,Revolver,ABL Revolver,463000.0,0.486,224800.0,3.0,Floating,0.0199,0.002,0.001,4,Unsecured,0.64
RV01299,R437,Revolver,Corporate RCF,578000.0,0.553,319600.0,5.0,Floating,0.0238,0.0025,0.0025,5,Senior Secured,3.01
RV01300,R453,Revolver,Working Capital Line,321000.0,0.316,101600.0,2.0,Floating,0.0268,0.0015,0.001,8,Unsecured,1.39
RV01301,R313,Revolver,ABL Revolver,1543000.0,0.381,587400.0,5.0,Floating,0.0123,0.0015,0.001,2,Senior Secured,1.98
RV01302,R005,Revolver,Working Capital Line,9522000.0,0.448,4261700.0,3.0,Floating,0.0205,0.0025,0.0025,6,Unsecured,2.35
RV01303,R281,Revolver,Working Capital Line,1526000.0,0.591,902200.0,1.0,Floating,0.0216,0.0015,0.001,5,Senior Secured,0.39
RV01304,R400,Revolver,Working Capital Line,607000.0,0.098,59200.0,2.0,Floating,0.0181,0.0035,0.001,4,Senior Secured,0.59
RV01305,R495,Revolver,Corporate RCF,2509000.0,0.436,1093100.0,1.0,Floating,0.0171,0.0035,0.0025,4,Senior Secured,0.4
RV01306,R355,Revolver,Corporate RCF,124000.0,0.644,79800.0,1.0,Floating,0.0097,0.0035,0.001,1,Senior Secured,0.63
RV01307,R098,Revolver,Working Capital Line,3709000.0,0.553,2051100.0,1.0,Floating,0.0203,0.0015,0.0025,5,Unsecured,0.88
RV01308,R227,Revolver,Working Capital Line,2890000.0,0.487,1408900.0,3.0,Floating,0.0183,0.002,0.0025,3,Senior Secured,1.87
RV01309,R272,Revolver,Working Capital Line,327000.0,0.435,142200.0,3.0,Floating,0.0163,0.0025,0.005,4,Senior Secured,2.64
RV01310,R310,Revolver,ABL Revolver,802000.0,0.492,394700.0,3.0,Floating,0.0184,0.0015,0.0025,4,Senior Secured,0.75
RV01311,R155,Revolver,Working Capital Line,699000.0,0.189,132200.0,2.0,Floating,0.0245,0.0035,0.0025,6,Unsecured,1.0
RV01312,R364,Revolver,Working Capital Line,4313000.0,0.674,2906400.0,2.0,Floating,0.0328,0.0035,0.005,9,Unsecured,1.1
RV01313,R009,Revolver,Corporate RCF,2826000.0,0.056,158400.0,5.0,Floating,0.0161,0.0035,0.001,4,Senior Secured,4.21
RV01314,R294,Revolver,Corporate RCF,3563000.0,0.581,2070900.0,5.0,Floating,0.0262,0.002,0.0025,6,Senior Secured,3.44
RV01315,R072,Revolver,ABL Revolver,991000.0,0.055,54700.0,3.0,Floating,0.0165,0.0015,0.001,5,Senior Secured,2.48
RV01316,R003,Revolver,Corporate RCF,4445000.0,0.634,2818500.0,1.0,Floating,0.017,0.0035,0.0025,5,Senior Secured,0.47
RV01317,R486,Revolver,Working Capital Line,1131000.0,0.472,534200.0,5.0,Floating,0.0248,0.0025,0.0025,6,Unsecured,4.74
RV01318,R366,Revolver,ABL Revolver,2186000.0,0.365,798800.0,5.0,Floating,0.0189,0.0035,0.0025,5,Unsecured,4.25
RV01319,R454,Revolver,Working Capital Line,2630000.0,0.427,1123100.0,1.0,Floating,0.0188,0.002,0.001,5,Unsecured,0.93
RV01320,R179,Revolver,Corporate RCF,1189000.0,0.383,455700.0,2.0,Floating,0.0282,0.0015,0.0025,8,Senior Secured,0.82
RV01321,R120,Revolver,Working Capital Line,1695000.0,0.028,47700.0,2.0,Floating,0.0191,0.0035,0.001,5,Unsecured,0.41
RV01322,R345,Revolver,Working Capital Line,1953000.0,0.322,628600.0,3.0,Floating,0.022,0.0015,0.001,5,Unsecured,2.08
RV01323,R177,Revolver,Working Capital Line,2008000.0,0.494,991100.0,3.0,Floating,0.0253,0.0025,0.001,6,Unsecured,1.78
RV01324,R146,Revolver,Working Capital Line,807000.0,0.755,609000.0,1.0,Floating,0.0237,0.002,0.0025,6,Senior Secured,0.82
RV01325,R091,Revolver,Working Capital Line,1220000.0,0.356,434100.0,1.0,Floating,0.0228,0.0025,0.0025,5,Senior Secured,0.28
RV01326,R316,Revolver,Working Capital Line,3243000.0,0.297,964300.0,2.0,Floating,0.0207,0.002,0.005,6,Unsecured,1.35
RV01327,R492,Revolver,Corporate RCF,1574000.0,0.059,92700.0,3.0,Floating,0.0181,0.0015,0.0025,4,Senior Secured,1.08
RV01328,R071,Revolver,Working Capital Line,1172000.0,0.256,300600.0,3.0,Floating,0.0234,0.0025,0.0025,5,Senior Secured,1.84
RV01329,R464,Revolver,ABL Revolver,4033000.0,0.37,1493300.0,1.0,Floating,0.0283,0.0015,0.005,7,Senior Secured,0.33
RV01330,R282,Revolver,Working Capital Line,658000.0,0.502,330500.0,3.0,Floating,0.0208,0.0015,0.0025,4,Senior Secured,2.79
RV01331,R218,Revolver,Working Capital Line,1010000.0,0.179,181000.0,5.0,Floating,0.0251,0.002,0.005,7,Unsecured,1.73
RV01332,R052,Revolver,Working Capital Line,244000.0,0.596,145500.0,1.0,Floating,0.0169,0.002,0.0025,3,Unsecured,0.66
RV01333,R429,Revolver,Working Capital Line,588000.0,0.45,264500.0,3.0,Floating,0.017,0.0025,0.001,4,Unsecured,0.61
RV01334,R500,Revolver,ABL Revolver,12919000.0,0.35,4517200.0,2.0,Floating,0.0163,0.002,0.0025,3,Senior Secured,0.65
RV01335,R388,Revolver,Working Capital Line,120000.0,0.697,83600.0,1.0,Floating,0.0345,0.0025,0.005,9,Unsecured,0.6
RV01336,R205,Revolver,Corporate RCF,2581000.0,0.377,973400.0,5.0,Floating,0.0219,0.002,0.001,6,Senior Secured,1.16
RV01337,R178,Revolver,Working Capital Line,1263000.0,0.592,747100.0,5.0,Floating,0.0114,0.0035,0.0025,3,Senior Secured,3.17
RV01338,R182,Revolver,Working Capital Line,2564000.0,0.468,1200500.0,2.0,Floating,0.0216,0.0015,0.0025,4,Senior Secured,0.69
RV01339,R307,Revolver,Working Capital Line,121000.0,0.413,50000.0,2.0,Floating,0.0245,0.0015,0.005,6,Unsecured,1.56
RV01340,R248,Revolver,Working Capital Line,2140000.0,0.331,707800.0,1.0,Floating,0.0233,0.0035,0.005,6,Unsecured,0.89
RV01341,R009,Revolver,Working Capital Line,27182000.0,0.125,3392300.0,3.0,Floating,0.0126,0.002,0.0025,3,Unsecured,2.42
RV01342,R153,Revolver,Working Capital Line,1675000.0,0.099,165700.0,1.0,Floating,0.0277,0.0025,0.001,9,Unsecured,0.25
RV01343,R379,Revolver,Working Capital Line,651000.0,0.359,233500.0,2.0,Floating,0.0323,0.0025,0.001,9,Senior Secured,1.19
RV01344,R157,Revolver,Working Capital Line,153000.0,0.41,62700.0,1.0,Floating,0.0112,0.0035,0.0025,2,Unsecured,0.29
RV01345,R283,Revolver,Working Capital Line,268000.0,0.232,62200.0,3.0,Floating,0.0264,0.0025,0.001,7,Senior Secured,1.58
RV01346,R358,Revolver,Working Capital Line,3077000.0,0.517,1590200.0,5.0,Floating,0.0152,0.0015,0.005,3,Unsecured,4.36
RV01347,R085,Revolver,ABL Revolver,644000.0,0.112,71800.0,1.0,Floating,0.0251,0.0025,0.005,9,Unsecured,0.23
RV01348,R069,Revolver,Working Capital Line,2478000.0,0.326,808100.0,3.0,Floating,0.0217,0.002,0.001,5,Senior Secured,1.2
RV01349,R187,Revolver,Working Capital Line,1138000.0,0.504,573700.0,5.0,Floating,0.0155,0.002,0.005,3,Senior Secured,4.31
RV01350,R025,Revolver,ABL Revolver,273000.0,0.439,119900.0,1.0,Floating,0.0241,0.0025,0.001,6,Senior Secured,0.52
RV01351,R086,Revolver,Working Capital Line,3815000.0,0.246,938200.0,5.0,Floating,0.0259,0.0015,0.0025,7,Unsecured,1.94
RV01352,R249,Revolver,Working Capital Line,604000.0,0.423,255300.0,3.0,Floating,0.0208,0.0015,0.0025,5,Senior Secured,2.88
RV01353,R098,Revolver,Working Capital Line,3444000.0,0.185,636300.0,3.0,Floating,0.0238,0.0025,0.0025,6,Senior Secured,0.97
RV01354,R305,Revolver,Working Capital Line,524000.0,0.538,282100.0,3.0,Floating,0.0268,0.0015,0.0025,7,Unsecured,2.49
RV01355,R126,Revolver,Working Capital Line,642000.0,0.473,303400.0,1.0,Floating,0.0273,0.0035,0.0025,7,Senior Secured,0.34
RV01356,R027,Revolver,Corporate RCF,600000.0,0.332,199400.0,1.0,Floating,0.0297,0.0025,0.001,8,Senior Secured,0.97
RV01357,R026,Revolver,ABL Revolver,4707000.0,0.204,962300.0,2.0,Floating,0.0244,0.0035,0.005,5,Unsecured,1.66
RV01358,R331,Revolver,Working Capital Line,1256000.0,0.333,418900.0,3.0,Floating,0.022,0.002,0.005,6,Senior Secured,1.26
RV01359,R177,Revolver,Working Capital Line,2719000.0,0.619,1683300.0,5.0,Floating,0.0228,0.0025,0.0025,6,Senior Secured,4.93
RV01360,R458,Revolver,Working Capital Line,5933000.0,0.204,1212300.0,2.0,Floating,0.0185,0.0015,0.005,3,Unsecured,0.58
RV01361,R322,Revolver,Corporate RCF,2201000.0,0.349,767700.0,1.0,Floating,0.0148,0.0025,0.001,3,Senior Secured,0.89
RV01362,R325,Revolver,Corporate RCF,2781000.0,0.027,76300.0,1.0,Floating,0.0226,0.002,0.005,5,Senior Secured,0.76
RV01363,R323,Revolver,ABL Revolver,572000.0,0.613,350500.0,5.0,Floating,0.0238,0.0035,0.001,6,Senior Secured,1.7
RV01364,R158,Revolver,ABL Revolver,2085000.0,0.535,1115100.0,1.0,Floating,0.023,0.002,0.005,6,Unsecured,0.64
RV01365,R372,Revolver,Corporate RCF,3437000.0,0.365,1253300.0,5.0,Floating,0.0283,0.0035,0.0025,7,Senior Secured,1.05
RV01366,R300,Revolver,ABL Revolver,534000.0,0.525,280100.0,1.0,Floating,0.0105,0.0035,0.001,1,Unsecured,0.66
RV01367,R199,Revolver,Corporate RCF,231000.0,0.581,134300.0,1.0,Floating,0.0232,0.0015,0.0025,7,Unsecured,0.67
RV01368,R428,Revolver,Working Capital Line,7147000.0,0.273,1949400.0,1.0,Floating,0.0182,0.0015,0.0025,4,Senior Secured,0.53
RV01369,R331,Revolver,Working Capital Line,451000.0,0.393,177200.0,2.0,Floating,0.0243,0.002,0.005,7,Senior Secured,1.72
RV01370,R005,Revolver,ABL Revolver,7836000.0,0.266,2085100.0,2.0,Floating,0.0174,0.0025,0.001,4,Senior Secured,1.89
RV01371,R419,Revolver,Working Capital Line,7323000.0,0.588,4306900.0,5.0,Floating,0.0214,0.0035,0.005,4,Unsecured,3.14
RV01372,R434,Revolver,ABL Revolver,1813000.0,0.172,312400.0,3.0,Floating,0.0216,0.002,0.001,4,Senior Secured,2.22
RV01373,R473,Revolver,Working Capital Line,3757000.0,0.732,2750300.0,1.0,Floating,0.0242,0.0035,0.001,6,Unsecured,0.32
RV01374,R386,Revolver,Corporate RCF,1629000.0,0.237,386600.0,3.0,Floating,0.0198,0.0025,0.001,5,Unsecured,3.0
RV01375,R015,Revolver,Working Capital Line,2311000.0,0.167,384900.0,2.0,Floating,0.0185,0.0025,0.005,4,Senior Secured,1.77
RV01376,R345,Revolver,Working Capital Line,903000.0,0.616,556400.0,3.0,Floating,0.0188,0.0035,0.0025,5,Unsecured,2.88
RV01377,R257,Revolver,ABL Revolver,1225000.0,0.486,595700.0,3.0,Floating,0.0254,0.002,0.005,5,Senior Secured,2.47
RV01378,R172,Revolver,Working Capital Line,16298000.0,0.46,7494700.0,5.0,Floating,0.0203,0.0025,0.005,4,Unsecured,2.29
RV01379,R019,Revolver,Working Capital Line,2058000.0,0.427,879500.0,3.0,Floating,0.0157,0.0035,0.0025,3,Senior Secured,1.13
RV01380,R103,Revolver,Working Capital Line,2690000.0,0.762,2050900.0,2.0,Floating,0.0283,0.0035,0.001,7,Senior Secured,1.22
RV01381,R337,Revolver,Corporate RCF,391000.0,0.367,143600.0,2.0,Floating,0.0253,0.0015,0.001,7,Unsecured,0.53
RV01382,R336,Revolver,Corporate RCF,1961000.0,0.053,104000.0,2.0,Floating,0.0157,0.0035,0.0025,4,Senior Secured,1.28
RV01383,R312,Revolver,Corporate RCF,532000.0,0.582,309700.0,2.0,Floating,0.0163,0.0015,0.0025,5,Unsecured,0.99
RV01384,R173,Revolver,ABL Revolver,6637000.0,0.396,2625300.0,1.0,Floating,0.0265,0.0035,0.0025,7,Unsecured,0.78
RV01385,R221,Revolver,ABL Revolver,599000.0,0.246,147100.0,1.0,Floating,0.0175,0.0025,0.005,4,Unsecured,0.7
RV01386,R384,Revolver,ABL Revolver,1444000.0,0.816,1178200.0,5.0,Floating,0.0161,0.0035,0.001,3,Senior Secured,1.99
RV01387,R178,Revolver,Working Capital Line,1481000.0,0.279,413600.0,5.0,Floating,0.0151,0.0025,0.0025,3,Unsecured,3.93
RV01388,R437,Revolver,ABL Revolver,1701000.0,0.1,170900.0,1.0,Floating,0.0244,0.0015,0.001,6,Unsecured,0.45
RV01389,R114,Revolver,Corporate RCF,871000.0,0.343,298900.0,5.0,Floating,0.0223,0.002,0.0025,5,Senior Secured,1.99
RV01390,R230,Revolver,Corporate RCF,544000.0,0.043,23500.0,3.0,Floating,0.0206,0.0025,0.005,6,Senior Secured,1.6
RV01391,R251,Revolver,ABL Revolver,622000.0,0.472,293300.0,1.0,Floating,0.0224,0.0025,0.001,5,Unsecured,0.33
RV01392,R489,Revolver,Working Capital Line,410000.0,0.391,160400.0,5.0,Floating,0.0283,0.0025,0.0025,8,Senior Secured,2.3
RV01393,R349,Revolver,Working Capital Line,1873000.0,0.401,751500.0,5.0,Floating,0.0245,0.0025,0.001,6,Senior Secured,2.04
RV01394,R353,Revolver,Working Capital Line,343000.0,0.612,210000.0,3.0,Floating,0.0199,0.0025,0.0025,4,Unsecured,0.65
RV01395,R461,Revolver,Working Capital Line,693000.0,0.141,97400.0,3.0,Floating,0.02,0.0015,0.0025,4,Senior Secured,1.32
RV01396,R252,Revolver,ABL Revolver,1202000.0,0.071,85300.0,2.0,Floating,0.0182,0.0015,0.0025,4,Unsecured,1.15
RV01397,R231,Revolver,Corporate RCF,3765000.0,0.498,1874200.0,3.0,Floating,0.0239,0.002,0.0025,6,Senior Secured,2.59
RV01398,R170,Revolver,Working Capital Line,874000.0,0.422,368500.0,3.0,Floating,0.0337,0.0015,0.001,9,Senior Secured,1.03
RV01399,R030,Revolver,ABL Revolver,709000.0,0.074,52100.0,3.0,Floating,0.0233,0.0025,0.005,7,Senior Secured,1.39
RV01400,R116,Revolver,ABL Revolver,3382000.0,0.769,2600400.0,2.0,Floating,0.0216,0.0035,0.005,6,Senior Secured,0.45
RV01401,R197,Revolver,Corporate RCF,136000.0,0.292,39700.0,3.0,Floating,0.0229,0.0035,0.0025,6,Unsecured,0.78
RV01402,R460,Revolver,ABL Revolver,899000.0,0.401,360200.0,5.0,Floating,0.0264,0.0025,0.005,8,Unsecured,2.42
RV01403,R224,Revolver,Corporate RCF,629000.0,0.191,120100.0,5.0,Floating,0.023,0.0035,0.001,6,Unsecured,3.0
RV01404,R292,Revolver,Working Capital Line,464000.0,0.634,294000.0,1.0,Floating,0.0312,0.0025,0.001,9,Senior Secured,0.8
RV01405,R470,Revolver,Corporate RCF,209000.0,0.592,123700.0,2.0,Floating,0.0153,0.0015,0.001,3,Unsecured,1.62
RV01406,R010,Revolver,Corporate RCF,15894000.0,0.153,2436000.0,1.0,Floating,0.0203,0.0025,0.005,6,Unsecured,0.93
RV01407,R397,Revolver,Corporate RCF,3340000.0,0.334,1115200.0,3.0,Floating,0.0284,0.0025,0.001,7,Senior Secured,2.78
RV01408,R088,Revolver,Working Capital Line,1000000.0,0.399,399400.0,1.0,Floating,0.019,0.0025,0.001,4,Senior Secured,0.28
RV01409,R386,Revolver,Working Capital Line,1416000.0,0.253,358700.0,5.0,Floating,0.0262,0.0035,0.001,7,Senior Secured,1.45
RV01410,R393,Revolver,ABL Revolver,947000.0,0.531,502700.0,3.0,Floating,0.0172,0.0035,0.0025,4,Senior Secured,1.79
RV01411,R230,Revolver,Working Capital Line,1400000.0,0.552,772800.0,2.0,Floating,0.0178,0.0015,0.001,4,Unsecured,1.34
RV01412,R010,Revolver,Working Capital Line,5786000.0,0.152,879400.0,3.0,Floating,0.0158,0.0015,0.005,4,Unsecured,2.03
RV01413,R230,Revolver,Working Capital Line,1315000.0,0.633,832200.0,1.0,Floating,0.0257,0.0025,0.005,5,Senior Secured,0.59
RV01414,R391,Revolver,Working Capital Line,1292000.0,0.456,589300.0,1.0,Floating,0.0206,0.0015,0.005,6,Senior Secured,0.98
RV01415,R045,Revolver,ABL Revolver,962000.0,0.232,223300.0,1.0,Floating,0.0244,0.002,0.0025,7,Senior Secured,0.61
RV01416,R067,Revolver,Working Capital Line,2464000.0,0.489,1204700.0,3.0,Floating,0.0102,0.0035,0.0025,2,Unsecured,2.84
RV01417,R400,Revolver,ABL Revolver,2671000.0,0.356,950500.0,5.0,Floating,0.0128,0.0025,0.005,2,Unsecured,4.95
RV01418,R246,Revolver,Working Capital Line,8733000.0,0.487,4251600.0,1.0,Floating,0.0212,0.0035,0.005,5,Senior Secured,0.56
RV01419,R463,Revolver,Working Capital Line,1140000.0,0.751,855800.0,3.0,Floating,0.0224,0.0015,0.005,6,Senior Secured,0.92
RV01420,R316,Revolver,Corporate RCF,2720000.0,0.549,1493600.0,1.0,Floating,0.0253,0.0025,0.005,6,Unsecured,0.46
RV01421,R093,Revolver,Working Capital Line,588000.0,0.228,134200.0,2.0,Floating,0.0214,0.002,0.001,5,Senior Secured,0.97
RV01422,R205,Revolver,Corporate RCF,173000.0,0.53,91800.0,3.0,Floating,0.0254,0.0015,0.001,6,Senior Secured,2.73
RV01423,R388,Revolver,Corporate RCF,263000.0,0.38,100100.0,5.0,Floating,0.0315,0.002,0.005,8,Unsecured,4.85
RV01424,R366,Revolver,ABL Revolver,2273000.0,0.561,1275400.0,5.0,Floating,0.0192,0.0035,0.001,6,Unsecured,1.68
RV01425,R464,Revolver,Working Capital Line,2398000.0,0.202,483700.0,3.0,Floating,0.0277,0.002,0.001,7,Unsecured,0.65
RV01426,R007,Revolver,Working Capital Line,26178000.0,0.294,7688000.0,2.0,Floating,0.0178,0.0035,0.001,6,Unsecured,1.73
RV01427,R351,Revolver,Corporate RCF,2878000.0,0.241,692800.0,1.0,Floating,0.024,0.0015,0.001,6,Unsecured,0.65
RV01428,R424,Revolver,Working Capital Line,475000.0,0.242,114900.0,1.0,Floating,0.0234,0.0025,0.0025,6,Senior Secured,0.8
RV01429,R195,Revolver,ABL Revolver,1841000.0,0.474,873000.0,5.0,Floating,0.0262,0.002,0.001,7,Unsecured,2.33
RV01430,R468,Revolver,ABL Revolver,574000.0,0.565,324600.0,3.0,Floating,0.0183,0.002,0.005,5,Unsecured,0.98
RV01431,R117,Revolver,Working Capital Line,1629000.0,0.492,801300.0,2.0,Floating,0.0172,0.0025,0.001,3,Senior Secured,0.82
RV01432,R267,Revolver,ABL Revolver,1820000.0,0.274,498500.0,1.0,Floating,0.0265,0.0025,0.0025,8,Unsecured,0.24
RV01433,R410,Revolver,Working Capital Line,2695000.0,0.412,1109600.0,1.0,Floating,0.0222,0.0015,0.0025,5,Senior Secured,0.51
RV01434,R419,Revolver,Corporate RCF,566000.0,0.359,203400.0,3.0,Floating,0.0178,0.0025,0.0025,5,Unsecured,0.84
RV01435,R311,Revolver,ABL Revolver,2196000.0,0.268,587900.0,2.0,Floating,0.0207,0.002,0.005,5,Senior Secured,1.14
RV01436,R288,Revolver,Working Capital Line,163000.0,0.439,71500.0,5.0,Floating,0.0187,0.0035,0.005,3,Senior Secured,4.2
RV01437,R003,Revolver,Working Capital Line,23583000.0,0.533,12567800.0,2.0,Floating,0.0236,0.0015,0.0025,5,Unsecured,0.48
RV01438,R310,Revolver,Working Capital Line,862000.0,0.37,319300.0,5.0,Floating,0.0147,0.002,0.0025,4,Senior Secured,4.59
RV01439,R137,Revolver,ABL Revolver,878000.0,0.226,198600.0,1.0,Floating,0.0165,0.0035,0.0025,4,Senior Secured,0.3
RV01440,R354,Revolver,ABL Revolver,141000.0,0.342,48300.0,1.0,Floating,0.0141,0.0015,0.005,3,Senior Secured,0.72
RV01441,R085,Revolver,Corporate RCF,621000.0,0.286,177600.0,1.0,Floating,0.0336,0.0015,0.005,8,Unsecured,0.39
RV01442,R414,Revolver,Working Capital Line,8955000.0,0.386,3453500.0,1.0,Floating,0.0262,0.0025,0.001,7,Unsecured,0.88
RV01443,R355,Revolver,Working Capital Line,600000.0,0.333,199700.0,5.0,Floating,0.0144,0.0025,0.005,2,Unsecured,1.04
RV01444,R005,Revolver,Corporate RCF,13958000.0,0.237,3307200.0,5.0,Floating,0.0217,0.0025,0.001,6,Senior Secured,2.69
RV01445,R210,Revolver,ABL Revolver,909000.0,0.29,263600.0,2.0,Floating,0.0155,0.002,0.005,4,Unsecured,1.94
RV01446,R063,Revolver,ABL Revolver,2293000.0,0.116,266000.0,3.0,Floating,0.0226,0.0015,0.001,7,Unsecured,0.87
RV01447,R088,Revolver,ABL Revolver,1047000.0,0.378,395800.0,3.0,Floating,0.0195,0.002,0.005,5,Senior Secured,2.43
RV01448,R255,Revolver,Corporate RCF,1143000.0,0.33,377500.0,3.0,Floating,0.0253,0.0015,0.005,5,Senior Secured,2.34
RV01449,R491,Revolver,Working Capital Line,927000.0,0.739,685000.0,1.0,Floating,0.0156,0.0035,0.0025,3,Senior Secured,0.46
RV01450,R166,Revolver,Working Capital Line,3724000.0,0.49,1826100.0,2.0,Floating,0.0172,0.002,0.005,3,Senior Secured,0.5
RV01451,R014,Revolver,ABL Revolver,1379000.0,0.343,473200.0,1.0,Floating,0.0179,0.0025,0.0025,5,Unsecured,0.87
RV01452,R151,Revolver,Corporate RCF,794000.0,0.062,48900.0,5.0,Floating,0.034,0.002,0.0025,10,Senior Secured,4.62
RV01453,R038,Revolver,Corporate RCF,20135000.0,0.151,3045800.0,2.0,Floating,0.0195,0.0025,0.0025,4,Senior Secured,0.6
RV01454,R227,Revolver,Working Capital Line,7505000.0,0.563,4228500.0,3.0,Floating,0.0157,0.0015,0.001,4,Senior Secured,2.63
RV01455,R161,Revolver,ABL Revolver,1838000.0,0.347,638100.0,5.0,Floating,0.0206,0.0015,0.001,5,Unsecured,4.33
RV01456,R244,Revolver,Working Capital Line,1173000.0,0.31,364000.0,2.0,Floating,0.0217,0.002,0.005,6,Senior Secured,1.32
RV01457,R295,Revolver,Working Capital Line,1700000.0,0.547,929600.0,1.0,Floating,0.0224,0.002,0.005,5,Senior Secured,0.83
RV01458,R107,Revolver,ABL Revolver,1751000.0,0.479,838600.0,2.0,Floating,0.0327,0.002,0.005,9,Senior Secured,0.46
RV01459,R233,Revolver,Working Capital Line,124000.0,0.335,41500.0,3.0,Floating,0.0333,0.002,0.005,9,Senior Secured,1.79
RV01460,R243,Revolver,Working Capital Line,3772000.0,0.314,1182900.0,2.0,Floating,0.028,0.0025,0.0025,7,Senior Secured,1.95
RV01461,R365,Revolver,Corporate RCF,763000.0,0.345,263300.0,1.0,Floating,0.023,0.002,0.005,6,Senior Secured,0.82
RV01462,R224,Revolver,Working Capital Line,562000.0,0.251,141100.0,1.0,Floating,0.0255,0.0015,0.005,6,Senior Secured,0.41
RV01463,R039,Revolver,ABL Revolver,2218000.0,0.263,582300.0,3.0,Floating,0.0223,0.0035,0.001,6,Senior Secured,2.1
RV01464,R145,Revolver,Working Capital Line,652000.0,0.249,162100.0,3.0,Floating,0.0248,0.0025,0.0025,6,Senior Secured,1.11
RV01465,R386,Revolver,Working Capital Line,521000.0,0.377,196300.0,1.0,Floating,0.0224,0.002,0.001,7,Senior Secured,0.38
RV01466,R386,Revolver,Working Capital Line,8118000.0,0.391,3176400.0,3.0,Floating,0.0248,0.0025,0.005,7,Unsecured,1.05
RV01467,R424,Revolver,Working Capital Line,1336000.0,0.059,78900.0,2.0,Floating,0.0309,0.002,0.001,7,Senior Secured,0.7
RV01468,R044,Revolver,ABL Revolver,301000.0,0.75,225700.0,1.0,Floating,0.0275,0.002,0.005,7,Unsecured,0.6
RV01469,R099,Revolver,Working Capital Line,525000.0,0.367,192600.0,2.0,Floating,0.0247,0.0015,0.005,6,Senior Secured,0.9
RV01470,R260,Revolver,Corporate RCF,5840000.0,0.413,2414500.0,3.0,Floating,0.0191,0.0035,0.0025,5,Unsecured,2.47
RV01471,R455,Revolver,ABL Revolver,2055000.0,0.181,371500.0,3.0,Floating,0.0185,0.002,0.0025,5,Senior Secured,2.75
RV01472,R004,Revolver,Working Capital Line,22521000.0,0.628,14141600.0,2.0,Floating,0.0155,0.0025,0.005,4,Unsecured,1.18
RV01473,R016,Revolver,ABL Revolver,6801000.0,0.432,2939800.0,1.0,Floating,0.0234,0.0015,0.005,6,Senior Secured,0.35
RV01474,R321,Revolver,Working Capital Line,260000.0,0.482,125200.0,2.0,Floating,0.0217,0.0015,0.0025,4,Senior Secured,2.0
RV01475,R426,Revolver,Corporate RCF,2324000.0,0.317,737300.0,2.0,Floating,0.0227,0.002,0.005,5,Unsecured,0.48
RV01476,R155,Revolver,Working Capital Line,589000.0,0.55,323700.0,2.0,Floating,0.0265,0.0015,0.001,7,Senior Secured,1.28
RV01477,R386,Revolver,ABL Revolver,757000.0,0.25,189100.0,2.0,Floating,0.0264,0.0035,0.001,7,Senior Secured,0.75
RV01478,R086,Revolver,Working Capital Line,714000.0,0.862,615700.0,2.0,Floating,0.0306,0.0015,0.001,8,Senior Secured,1.9
RV01479,R382,Revolver,ABL Revolver,1280000.0,0.108,138300.0,1.0,Floating,0.0237,0.0025,0.0025,7,Unsecured,0.46
RV01480,R482,Revolver,Working Capital Line,495000.0,0.243,120100.0,1.0,Floating,0.0141,0.002,0.005,4,Unsecured,0.97
RV01481,R438,Revolver,Corporate RCF,1137000.0,0.11,124800.0,1.0,Floating,0.0334,0.0015,0.005,9,Unsecured,0.98
RV01482,R056,Revolver,Working Capital Line,6767000.0,0.511,3456600.0,3.0,Floating,0.0292,0.0015,0.001,8,Senior Secured,2.86
RV01483,R369,Revolver,Working Capital Line,4198000.0,0.386,1621300.0,2.0,Floating,0.0237,0.002,0.001,7,Senior Secured,1.67
RV01484,R091,Revolver,Working Capital Line,1732000.0,0.377,652700.0,3.0,Floating,0.0193,0.0015,0.005,6,Unsecured,2.38
RV01485,R111,Revolver,Corporate RCF,693000.0,0.49,339600.0,1.0,Floating,0.0253,0.0025,0.0025,6,Senior Secured,0.96
RV01486,R261,Revolver,ABL Revolver,1516000.0,0.428,648600.0,2.0,Floating,0.0169,0.0015,0.001,4,Senior Secured,0.76
RV01487,R211,Revolver,Working Capital Line,2313000.0,0.415,959700.0,1.0,Floating,0.0243,0.0015,0.0025,6,Unsecured,0.85
RV01488,R235,Revolver,ABL Revolver,592000.0,0.585,346400.0,1.0,Floating,0.023,0.0015,0.0025,6,Senior Secured,0.29
RV01489,R374,Revolver,ABL Revolver,4860000.0,0.127,618000.0,3.0,Floating,0.0234,0.0035,0.0025,6,Unsecured,1.47
RV01490,R339,Revolver,ABL Revolver,108000.0,0.553,59700.0,1.0,Floating,0.0251,0.0015,0.005,7,Unsecured,0.52
RV01491,R106,Revolver,Working Capital Line,163000.0,0.378,61700.0,1.0,Floating,0.0149,0.0025,0.005,3,Unsecured,1.0
RV01492,R407,Revolver,ABL Revolver,1244000.0,0.746,927700.0,2.0,Floating,0.0247,0.002,0.005,6,Unsecured,0.91
RV01493,R134,Revolver,Corporate RCF,694000.0,0.631,437700.0,1.0,Floating,0.0173,0.002,0.001,4,Senior Secured,0.64
RV01494,R137,Revolver,Working Capital Line,242000.0,0.414,100100.0,5.0,Floating,0.0172,0.0035,0.0025,4,Unsecured,3.53
RV01495,R001,Revolver,Corporate RCF,2843000.0,0.156,442400.0,5.0,Floating,0.0151,0.0025,0.0025,3,Unsecured,3.71
RV01496,R372,Revolver,ABL Revolver,1151000.0,0.151,173500.0,2.0,Floating,0.0276,0.0025,0.0025,7,Unsecured,0.59
RV01497,R101,Revolver,Working Capital Line,5903000.0,0.153,903000.0,1.0,Floating,0.0184,0.0015,0.005,5,Unsecured,0.65
RV01498,R212,Revolver,Working Capital Line,2624000.0,0.608,1596000.0,2.0,Floating,0.0346,0.0035,0.0025,10,Unsecured,1.42
RV01499,R129,Revolver,Working Capital Line,3855000.0,0.529,2040100.0,2.0,Floating,0.0169,0.0015,0.0025,4,Unsecured,1.85
RV01500,R065,Revolver,Working Capital Line,211000.0,0.239,50500.0,2.0,Floating,0.0263,0.0025,0.005,7,Unsecured,1.93
RV01501,R250,Revolver,Corporate RCF,257000.0,0.301,77300.0,1.0,Floating,0.0124,0.0025,0.005,1,Senior Secured,0.39
RV01502,R032,Revolver,Working Capital Line,242000.0,0.256,61900.0,1.0,Floating,0.0214,0.0035,0.0025,5,Unsecured,0.37
RV01503,R228,Revolver,Corporate RCF,8434000.0,0.338,2850600.0,1.0,Floating,0.0334,0.0015,0.005,8,Unsecured,0.75
RV01504,R317,Revolver,ABL Revolver,1283000.0,0.621,797300.0,2.0,Floating,0.0183,0.002,0.001,4,Senior Secured,1.18
RV01505,R354,Revolver,Working Capital Line,947000.0,0.281,265800.0,3.0,Floating,0.0148,0.0015,0.001,3,Senior Secured,2.38
RV01506,R423,Revolver,Working Capital Line,1084000.0,0.297,322400.0,5.0,Floating,0.0207,0.0015,0.001,5,Senior Secured,4.39
RV01507,R195,Revolver,Working Capital Line,837000.0,0.088,73400.0,1.0,Floating,0.0266,0.0035,0.001,7,Unsecured,0.21
RV01508,R116,Revolver,Working Capital Line,964000.0,0.696,671000.0,3.0,Floating,0.0241,0.0015,0.005,6,Senior Secured,2.71
RV01509,R332,Revolver,Working Capital Line,1399000.0,0.417,582700.0,1.0,Floating,0.0215,0.0035,0.001,6,Senior Secured,0.41
RV01510,R431,Revolver,Corporate RCF,2236000.0,0.421,940500.0,1.0,Floating,0.0258,0.0035,0.005,7,Senior Secured,0.98
RV01511,R005,Revolver,ABL Revolver,2493000.0,0.598,1489800.0,3.0,Floating,0.0178,0.0015,0.001,5,Senior Secured,1.63
RV01512,R093,Revolver,ABL Revolver,1478000.0,0.528,780200.0,1.0,Floating,0.0228,0.002,0.001,5,Unsecured,0.88
RV01513,R142,Revolver,ABL Revolver,601000.0,0.202,121700.0,5.0,Floating,0.0252,0.0035,0.0025,8,Senior Secured,1.8
RV01514,R393,Revolver,ABL Revolver,1082000.0,0.249,269400.0,5.0,Floating,0.0126,0.0025,0.001,2,Senior Secured,3.1
RV01515,R406,Revolver,Working Capital Line,788000.0,0.313,246700.0,1.0,Floating,0.0205,0.0015,0.001,6,Unsecured,0.25
RV01516,R320,Revolver,Working Capital Line,5897000.0,0.126,744400.0,1.0,Floating,0.0188,0.0035,0.005,4,Senior Secured,0.79
RV01517,R003,Revolver,Working Capital Line,8954000.0,0.412,3692900.0,1.0,Floating,0.0204,0.0035,0.0025,6,Senior Secured,0.95
RV01518,R454,Revolver,Corporate RCF,1194000.0,0.663,791600.0,5.0,Floating,0.0227,0.002,0.0025,7,Senior Secured,4.37
RV01519,R104,Revolver,Corporate RCF,1178000.0,0.127,149900.0,1.0,Floating,0.0142,0.002,0.005,2,Unsecured,0.74
RV01520,R499,Revolver,Working Capital Line,1213000.0,0.569,690600.0,3.0,Floating,0.0157,0.002,0.005,5,Unsecured,0.89
RV01521,R242,Revolver,Working Capital Line,1396000.0,0.387,540100.0,1.0,Floating,0.0234,0.0025,0.001,6,Unsecured,0.99
RV01522,R164,Revolver,Working Capital Line,6716000.0,0.412,2764100.0,3.0,Floating,0.0221,0.0035,0.0025,5,Senior Secured,1.43
RV01523,R415,Revolver,Working Capital Line,506000.0,0.371,187800.0,1.0,Floating,0.0123,0.0025,0.0025,1,Senior Secured,0.71
RV01524,R085,Revolver,Working Capital Line,1608000.0,0.606,975200.0,5.0,Floating,0.0259,0.0035,0.001,8,Senior Secured,2.09
RV01525,R240,Revolver,ABL Revolver,187000.0,0.29,54200.0,3.0,Floating,0.0197,0.0015,0.001,5,Senior Secured,2.59
RV01526,R006,Revolver,Corporate RCF,6593000.0,0.362,2383900.0,1.0,Floating,0.0244,0.0035,0.005,6,Senior Secured,0.5
RV01527,R300,Revolver,Working Capital Line,688000.0,0.488,336000.0,1.0,Floating,0.0118,0.0035,0.005,1,Senior Secured,0.51
RV01528,R259,Revolver,ABL Revolver,3244000.0,0.178,576600.0,2.0,Floating,0.0233,0.002,0.005,5,Unsecured,0.41
RV01529,R228,Revolver,Working Capital Line,2297000.0,0.459,1054700.0,3.0,Floating,0.0342,0.0015,0.001,8,Unsecured,1.98
RV01530,R301,Revolver,Working Capital Line,1523000.0,0.785,1195700.0,5.0,Floating,0.0197,0.0015,0.0025,5,Senior Secured,2.0
RV01531,R423,Revolver,Working Capital Line,181000.0,0.229,41500.0,2.0,Floating,0.0186,0.0035,0.001,4,Unsecured,1.87
RV01532,R030,Revolver,ABL Revolver,642000.0,0.506,324600.0,5.0,Floating,0.0284,0.0015,0.001,8,Senior Secured,4.13
RV01533,R269,Revolver,ABL Revolver,1234000.0,0.325,401100.0,1.0,Floating,0.0167,0.0015,0.005,5,Unsecured,0.96
RV01534,R383,Revolver,Working Capital Line,8179000.0,0.143,1173700.0,5.0,Floating,0.0205,0.0015,0.001,5,Senior Secured,2.56
RV01535,R063,Revolver,Working Capital Line,484000.0,0.598,289500.0,5.0,Floating,0.0251,0.0015,0.005,8,Unsecured,3.65
RV01536,R297,Revolver,ABL Revolver,941000.0,0.315,296800.0,3.0,Floating,0.0225,0.0035,0.001,6,Senior Secured,1.68
RV01537,R128,Revolver,Corporate RCF,988000.0,0.145,143600.0,5.0,Floating,0.0094,0.0015,0.0025,2,Unsecured,4.64
RV01538,R005,Revolver,Corporate RCF,1757000.0,0.577,1013200.0,2.0,Floating,0.0158,0.0035,0.0025,4,Unsecured,0.92
RV01539,R005,Revolver,Working Capital Line,4574000.0,0.747,3416400.0,3.0,Floating,0.0168,0.002,0.005,5,Senior Secured,1.39
RV01540,R442,Revolver,Corporate RCF,1269000.0,0.705,894500.0,1.0,Floating,0.0255,0.0025,0.005,8,Senior Secured,0.49
RV01541,R411,Revolver,Working Capital Line,952000.0,0.352,335500.0,1.0,Floating,0.0308,0.0025,0.0025,8,Unsecured,0.6
RV01542,R221,Revolver,ABL Revolver,334000.0,0.422,140800.0,3.0,Floating,0.0139,0.0035,0.005,3,Senior Secured,2.73
RV01543,R484,Revolver,Working Capital Line,1587000.0,0.569,902900.0,5.0,Floating,0.0254,0.0025,0.001,7,Senior Secured,1.83
RV01544,R254,Revolver,Working Capital Line,2209000.0,0.463,1022300.0,5.0,Floating,0.0159,0.0015,0.005,4,Unsecured,3.61
RV01545,R394,Revolver,Working Capital Line,4489000.0,0.498,2234600.0,3.0,Floating,0.023,0.0035,0.0025,5,Senior Secured,1.33
RV01546,R318,Revolver,Corporate RCF,2638000.0,0.175,461400.0,5.0,Floating,0.0184,0.0015,0.005,4,Senior Secured,1.33
RV01547,R007,Revolver,Working Capital Line,3025000.0,0.265,800200.0,3.0,Floating,0.0218,0.0025,0.005,7,Senior Secured,2.89
RV01548,R125,Revolver,ABL Revolver,2791000.0,0.303,845700.0,3.0,Floating,0.0169,0.0035,0.0025,5,Senior Secured,2.49
RV01549,R062,Revolver,ABL Revolver,847000.0,0.094,79500.0,1.0,Floating,0.0397,0.0025,0.005,10,Senior Secured,0.96
RV01550,R159,Revolver,Corporate RCF,3694000.0,0.408,1507300.0,2.0,Floating,0.0247,0.002,0.005,5,Senior Secured,1.04
RV01551,R008,Revolver,ABL Revolver,7366000.0,0.37,2722000.0,2.0,Floating,0.0274,0.002,0.0025,7,Unsecured,1.61
RV01552,R003,Revolver,Corporate RCF,1163000.0,0.647,752700.0,3.0,Floating,0.0182,0.0035,0.001,5,Senior Secured,2.16
RV01553,R005,Revolver,ABL Revolver,15772000.0,0.787,12407700.0,3.0,Floating,0.0204,0.0025,0.0025,6,Unsecured,2.09
RV01554,R403,Revolver,Corporate RCF,591000.0,0.244,144200.0,5.0,Floating,0.0271,0.0035,0.001,7,Unsecured,1.16
RV01555,R050,Revolver,Working Capital Line,1885000.0,0.503,948800.0,5.0,Floating,0.0217,0.0035,0.005,6,Unsecured,1.29
RV01556,R116,Revolver,ABL Revolver,715000.0,0.209,149200.0,3.0,Floating,0.0215,0.0025,0.0025,6,Senior Secured,1.07
RV01557,R009,Revolver,ABL Revolver,31624000.0,0.33,10446700.0,3.0,Floating,0.018,0.002,0.005,4,Senior Secured,2.4
RV01558,R472,Revolver,ABL Revolver,1654000.0,0.327,541200.0,3.0,Floating,0.0262,0.0025,0.0025,7,Senior Secured,2.52
RV01559,R434,Revolver,ABL Revolver,3637000.0,0.248,900500.0,3.0,Floating,0.0157,0.002,0.001,4,Unsecured,2.15
RV01560,R096,Revolver,ABL Revolver,1793000.0,0.358,641100.0,2.0,Floating,0.0282,0.0015,0.005,7,Unsecured,0.71
RV01561,R311,Revolver,Working Capital Line,382000.0,0.219,83500.0,5.0,Floating,0.0196,0.002,0.0025,5,Senior Secured,4.11
RV01562,R284,Revolver,Working Capital Line,2890000.0,0.311,898500.0,5.0,Floating,0.0083,0.002,0.005,2,Unsecured,1.45
RV01563,R081,Revolver,Working Capital Line,2475000.0,0.729,1804300.0,3.0,Floating,0.0128,0.0015,0.001,3,Senior Secured,2.75
RV01564,R005,Revolver,Working Capital Line,6936000.0,0.401,2778700.0,2.0,Floating,0.0156,0.002,0.0025,4,Senior Secured,1.02
RV01565,R183,Revolver,Corporate RCF,834000.0,0.459,382800.0,2.0,Floating,0.0267,0.0025,0.0025,7,Senior Secured,1.56
RV01566,R081,Revolver,Corporate RCF,1751000.0,0.175,305600.0,5.0,Floating,0.021,0.0015,0.005,5,Senior Secured,1.68
RV01567,R318,Revolver,Working Capital Line,1296000.0,0.353,457500.0,5.0,Floating,0.0204,0.0015,0.005,4,Unsecured,2.26
RV01568,R380,Revolver,Working Capital Line,821000.0,0.213,174700.0,5.0,Floating,0.0174,0.0035,0.005,4,Unsecured,2.98
RV01569,R157,Revolver,Corporate RCF,543000.0,0.671,364500.0,3.0,Floating,0.0114,0.0035,0.001,2,Senior Secured,1.79
RV01570,R286,Revolver,Corporate RCF,604000.0,0.592,357500.0,3.0,Floating,0.026,0.002,0.0025,6,Senior Secured,0.83
RV01571,R006,Revolver,Corporate RCF,7797000.0,0.203,1579600.0,1.0,Floating,0.0202,0.0015,0.0025,5,Unsecured,0.64
RV01572,R315,Revolver,Working Capital Line,10013000.0,0.326,3264400.0,3.0,Floating,0.0203,0.002,0.001,5,Unsecured,0.78
RV01573,R420,Revolver,Working Capital Line,673000.0,0.339,228500.0,2.0,Floating,0.0269,0.0015,0.001,7,Senior Secured,1.88
RV01574,R197,Revolver,Corporate RCF,473000.0,0.172,81400.0,5.0,Floating,0.0197,0.0035,0.005,5,Senior Secured,2.69
RV01575,R213,Revolver,Working Capital Line,31312000.0,0.352,11024400.0,1.0,Floating,0.0184,0.0015,0.001,5,Unsecured,0.55
RV01576,R214,Revolver,ABL Revolver,597000.0,0.618,368900.0,5.0,Floating,0.0195,0.0025,0.0025,3,Senior Secured,3.31
RV01577,R229,Revolver,Corporate RCF,2227000.0,0.382,849900.0,2.0,Floating,0.0168,0.002,0.005,4,Senior Secured,1.65
RV01578,R006,Revolver,Corporate RCF,5322000.0,0.582,3097800.0,1.0,Floating,0.0186,0.002,0.005,5,Senior Secured,0.26
RV01579,R163,Revolver,ABL Revolver,2061000.0,0.432,889500.0,3.0,Floating,0.0149,0.0035,0.0025,4,Senior Secured,2.29
RV01580,R270,Revolver,ABL Revolver,945000.0,0.395,372900.0,3.0,Floating,0.025,0.002,0.005,6,Senior Secured,2.79
RV01581,R253,Revolver,Corporate RCF,2019000.0,0.121,244400.0,3.0,Floating,0.0155,0.0035,0.005,4,Senior Secured,1.65
RV01582,R460,Revolver,Working Capital Line,3803000.0,0.187,709500.0,3.0,Floating,0.0297,0.0035,0.001,7,Senior Secured,0.63
RV01583,R239,Revolver,Working Capital Line,6970000.0,0.296,2059900.0,3.0,Floating,0.0159,0.002,0.005,2,Senior Secured,1.19
RV01584,R022,Revolver,ABL Revolver,2255000.0,0.273,616100.0,1.0,Floating,0.0302,0.002,0.005,8,Unsecured,0.95
RV01585,R316,Revolver,ABL Revolver,3190000.0,0.716,2284300.0,5.0,Floating,0.0209,0.0015,0.005,5,Senior Secured,1.47
RV01586,R006,Revolver,Working Capital Line,10305000.0,0.465,4790300.0,5.0,Floating,0.0183,0.0035,0.0025,5,Senior Secured,1.05
RV01587,R015,Revolver,Corporate RCF,2391000.0,0.221,529500.0,3.0,Floating,0.0178,0.0025,0.001,4,Unsecured,2.85
RV01588,R105,Revolver,Working Capital Line,973000.0,0.59,573900.0,1.0,Floating,0.0327,0.002,0.001,9,Unsecured,0.89
RV01589,R046,Revolver,ABL Revolver,25045000.0,0.537,13452200.0,3.0,Floating,0.0181,0.0025,0.0025,4,Unsecured,1.7
RV01590,R252,Revolver,ABL Revolver,556000.0,0.143,79400.0,1.0,Floating,0.0227,0.002,0.001,5,Senior Secured,0.2
RV01591,R201,Revolver,ABL Revolver,1928000.0,0.369,711500.0,5.0,Floating,0.0161,0.0025,0.0025,4,Unsecured,3.34
RV01592,R275,Revolver,Corporate RCF,888000.0,0.69,612800.0,1.0,Floating,0.0182,0.0035,0.0025,3,Unsecured,0.85
RV01593,R493,Revolver,Working Capital Line,304000.0,0.166,50600.0,1.0,Floating,0.0171,0.002,0.005,4,Unsecured,0.43
RV01594,R169,Revolver,Corporate RCF,6353000.0,0.355,2254700.0,1.0,Floating,0.0136,0.0025,0.0025,3,Senior Secured,0.34
RV01595,R097,Revolver,Corporate RCF,6799000.0,0.695,4724700.0,3.0,Floating,0.0158,0.0025,0.0025,3,Senior Secured,2.77
RV01596,R120,Revolver,Working Capital Line,1587000.0,0.47,746100.0,3.0,Floating,0.0188,0.0015,0.0025,4,Senior Secured,2.44
RV01597,R419,Revolver,ABL Revolver,1205000.0,0.293,353600.0,3.0,Floating,0.0116,0.0015,0.001,3,Unsecured,1.68
RV01598,R240,Revolver,Corporate RCF,1074000.0,0.259,277900.0,2.0,Floating,0.0169,0.002,0.005,4,Senior Secured,1.85
RV01599,R311,Revolver,ABL Revolver,2168000.0,0.71,1539200.0,5.0,Floating,0.0164,0.002,0.0025,5,Senior Secured,3.43
RV01600,R306,Revolver,Corporate RCF,6492000.0,0.112,725600.0,2.0,Floating,0.0305,0.0015,0.001,9,Unsecured,1.91
RV01601,R094,Revolver,Working Capital Line,3464000.0,0.564,1953800.0,1.0,Floating,0.025,0.0035,0.005,7,Unsecured,0.28
RV01602,R003,Revolver,Working Capital Line,5925000.0,0.364,2158200.0,3.0,Floating,0.0169,0.0025,0.001,4,Unsecured,1.65
RV01603,R016,Revolver,Working Capital Line,4255000.0,0.486,2067100.0,3.0,Floating,0.0247,0.0015,0.001,7,Unsecured,2.23
RV01604,R031,Revolver,Working Capital Line,4653000.0,0.442,2056200.0,3.0,Floating,0.0168,0.0035,0.001,4,Senior Secured,1.58
RV01605,R005,Revolver,Working Capital Line,7213000.0,0.31,2233100.0,2.0,Floating,0.0199,0.002,0.0025,5,Unsecured,0.96
RV01606,R103,Revolver,Working Capital Line,986000.0,0.64,630800.0,3.0,Floating,0.0248,0.0035,0.005,5,Senior Secured,2.27
RV01607,R096,Revolver,Working Capital Line,1288000.0,0.249,320400.0,1.0,Floating,0.0217,0.0015,0.005,6,Senior Secured,0.68
RV01608,R080,Revolver,Working Capital Line,7431000.0,0.278,2062900.0,2.0,Floating,0.0255,0.0015,0.001,6,Senior Secured,0.85
RV01609,R036,Revolver,Working Capital Line,2718000.0,0.311,846200.0,2.0,Floating,0.0131,0.0015,0.001,2,Unsecured,1.11
RV01610,R314,Revolver,Corporate RCF,731000.0,0.561,410200.0,3.0,Floating,0.02,0.002,0.005,6,Senior Secured,2.3
RV01611,R232,Revolver,Corporate RCF,1115000.0,0.416,463700.0,1.0,Floating,0.0219,0.0035,0.0025,6,Senior Secured,0.7
RV01612,R070,Revolver,Working Capital Line,7766000.0,0.501,3893300.0,1.0,Floating,0.0202,0.0025,0.0025,7,Senior Secured,0.56
RV01613,R341,Revolver,Corporate RCF,190000.0,0.405,76900.0,2.0,Floating,0.0213,0.0015,0.005,5,Unsecured,0.82
RV01614,R051,Revolver,Working Capital Line,590000.0,0.298,176100.0,2.0,Floating,0.0185,0.002,0.001,5,Unsecured,0.58
RV01615,R266,Revolver,ABL Revolver,5418000.0,0.329,1783300.0,1.0,Floating,0.0266,0.002,0.001,7,Senior Secured,0.87
RV01616,R257,Revolver,ABL Revolver,1154000.0,0.082,94600.0,3.0,Floating,0.0258,0.0025,0.0025,5,Senior Secured,2.57
RV01617,R421,Revolver,Corporate RCF,319000.0,0.631,201200.0,2.0,Floating,0.0239,0.0035,0.001,5,Unsecured,1.38
RV01618,R237,Revolver,Working Capital Line,979000.0,0.225,220300.0,2.0,Floating,0.0192,0.0015,0.001,5,Senior Secured,1.31
RV01619,R170,Revolver,Corporate RCF,2210000.0,0.521,1152100.0,3.0,Floating,0.0327,0.0015,0.0025,10,Senior Secured,0.93
RV01620,R091,Revolver,Working Capital Line,89000.0,0.263,23400.0,2.0,Floating,0.0289,0.0025,0.001,7,Senior Secured,1.11
RV01621,R072,Revolver,ABL Revolver,3099000.0,0.108,333200.0,3.0,Floating,0.0215,0.0015,0.0025,6,Unsecured,1.76
RV01622,R067,Revolver,Working Capital Line,630000.0,0.612,385500.0,3.0,Floating,0.0143,0.0025,0.0025,2,Unsecured,1.71
RV01623,R357,Revolver,Working Capital Line,201000.0,0.509,102300.0,3.0,Floating,0.0234,0.002,0.005,4,Senior Secured,1.18
RV01624,R033,Revolver,Working Capital Line,949000.0,0.265,251100.0,3.0,Floating,0.0193,0.002,0.005,4,Unsecured,0.9
RV01625,R130,Revolver,Corporate RCF,2338000.0,0.391,913700.0,2.0,Floating,0.0259,0.0015,0.0025,6,Senior Secured,1.89
RV01626,R469,Revolver,Working Capital Line,862000.0,0.715,616600.0,1.0,Floating,0.0256,0.0035,0.001,6,Unsecured,0.65
RV01627,R095,Revolver,Working Capital Line,1933000.0,0.148,285700.0,2.0,Floating,0.0196,0.0015,0.0025,5,Senior Secured,1.78
RV01628,R106,Revolver,Working Capital Line,352000.0,0.493,173500.0,5.0,Floating,0.0185,0.0015,0.0025,4,Senior Secured,3.69
RV01629,R470,Revolver,Working Capital Line,238000.0,0.162,38500.0,1.0,Floating,0.016,0.0025,0.0025,4,Senior Secured,0.86
RV01630,R207,Revolver,Corporate RCF,473000.0,0.069,32800.0,1.0,Floating,0.0233,0.0015,0.0025,5,Senior Secured,0.37
RV01631,R128,Revolver,Working Capital Line,1910000.0,0.228,435600.0,3.0,Floating,0.0129,0.0015,0.001,3,Senior Secured,0.85
RV01632,R014,Revolver,Working Capital Line,1087000.0,0.204,222300.0,3.0,Floating,0.0221,0.0015,0.001,5,Unsecured,2.07
RV01633,R462,Revolver,Working Capital Line,828000.0,0.607,502400.0,5.0,Floating,0.0286,0.0025,0.0025,7,Unsecured,3.2
RV01634,R094,Revolver,ABL Revolver,346000.0,0.27,93300.0,1.0,Floating,0.0197,0.0035,0.001,5,Senior Secured,0.28
RV01635,R273,Revolver,Working Capital Line,1888000.0,0.265,500400.0,5.0,Floating,0.0221,0.0035,0.001,6,Unsecured,3.45
RV01636,R060,Revolver,Working Capital Line,1711000.0,0.361,617000.0,3.0,Floating,0.026,0.0035,0.0025,7,Unsecured,1.04
RV01637,R306,Revolver,Working Capital Line,1388000.0,0.555,770700.0,3.0,Floating,0.0329,0.0015,0.005,10,Unsecured,0.86
RV01638,R373,Revolver,Working Capital Line,574000.0,0.554,318300.0,2.0,Floating,0.0154,0.0015,0.001,3,Senior Secured,1.98
RV01639,R397,Revolver,ABL Revolver,252000.0,0.138,34800.0,2.0,Floating,0.0245,0.0015,0.001,7,Senior Secured,1.29
RV01640,R240,Revolver,ABL Revolver,480000.0,0.441,211600.0,1.0,Floating,0.0134,0.0015,0.0025,3,Unsecured,0.46
RV01641,R349,Revolver,Working Capital Line,571000.0,0.276,157700.0,3.0,Floating,0.0218,0.0015,0.001,5,Senior Secured,0.84
RV01642,R008,Revolver,Working Capital Line,3246000.0,0.166,539500.0,1.0,Floating,0.0222,0.0025,0.005,6,Senior Secured,0.93
RV01643,R498,Revolver,Working Capital Line,608000.0,0.177,107400.0,1.0,Floating,0.0145,0.0015,0.005,3,Senior Secured,0.95
RV01644,R046,Revolver,ABL Revolver,5513000.0,0.643,3547400.0,1.0,Floating,0.0146,0.0015,0.001,4,Senior Secured,0.41
RV01645,R322,Revolver,Working Capital Line,2557000.0,0.416,1064300.0,5.0,Floating,0.0202,0.002,0.001,4,Senior Secured,2.74
RV01646,R199,Revolver,Working Capital Line,2148000.0,0.392,842700.0,1.0,Floating,0.0226,0.0035,0.0025,6,Senior Secured,0.72
RV01647,R199,Revolver,Corporate RCF,227000.0,0.339,77000.0,2.0,Floating,0.0276,0.002,0.0025,6,Senior Secured,0.58
RV01648,R038,Revolver,Working Capital Line,2009000.0,0.612,1228900.0,3.0,Floating,0.0148,0.002,0.005,3,Senior Secured,1.89
RV01649,R177,Revolver,Working Capital Line,462000.0,0.677,312700.0,5.0,Floating,0.021,0.0015,0.005,5,Senior Secured,1.87
RV01650,R051,Revolver,Working Capital Line,600000.0,0.268,160800.0,3.0,Floating,0.0198,0.0025,0.0025,5,Senior Secured,1.14
RV01651,R095,Revolver,Working Capital Line,1032000.0,0.206,212400.0,3.0,Floating,0.0184,0.002,0.005,4,Senior Secured,2.05
RV01652,R231,Revolver,Corporate RCF,2792000.0,0.128,358400.0,1.0,Floating,0.0333,0.0035,0.001,7,Senior Secured,0.45
RV01653,R100,Revolver,ABL Revolver,1274000.0,0.471,600200.0,1.0,Floating,0.0144,0.0015,0.001,3,Senior Secured,0.64
RV01654,R314,Revolver,Working Capital Line,2197000.0,0.244,535100.0,1.0,Floating,0.0261,0.0035,0.005,6,Unsecured,0.41
RV01655,R192,Revolver,ABL Revolver,1797000.0,0.318,570900.0,2.0,Floating,0.0181,0.0025,0.001,4,Senior Secured,1.18
RV01656,R363,Revolver,ABL Revolver,352000.0,0.177,62300.0,2.0,Floating,0.0258,0.002,0.001,6,Senior Secured,1.89
RV01657,R089,Revolver,ABL Revolver,342000.0,0.308,105400.0,3.0,Floating,0.014,0.002,0.0025,4,Senior Secured,1.76
RV01658,R477,Revolver,ABL Revolver,1119000.0,0.221,247100.0,2.0,Floating,0.0246,0.0035,0.0025,5,Unsecured,1.2
RV01659,R344,Revolver,Working Capital Line,13483000.0,0.187,2520700.0,3.0,Floating,0.0242,0.0025,0.0025,6,Senior Secured,1.78
RV01660,R232,Revolver,ABL Revolver,1277000.0,0.131,167900.0,1.0,Floating,0.0258,0.0015,0.001,7,Unsecured,0.89
RV01661,R396,Revolver,ABL Revolver,629000.0,0.224,141100.0,5.0,Floating,0.0281,0.0025,0.001,7,Senior Secured,3.73
RV01662,R003,Revolver,ABL Revolver,6197000.0,0.138,855900.0,5.0,Floating,0.0217,0.0025,0.005,6,Senior Secured,1.12
RV01663,R169,Revolver,ABL Revolver,2571000.0,0.174,447000.0,2.0,Floating,0.0128,0.002,0.001,3,Senior Secured,0.59
RV01664,R235,Revolver,Working Capital Line,5461000.0,0.053,287000.0,2.0,Floating,0.0187,0.0025,0.001,6,Senior Secured,1.32
RV01665,R207,Revolver,Corporate RCF,2675000.0,0.803,2147800.0,5.0,Floating,0.0188,0.0025,0.005,3,Unsecured,4.04
RV01666,R404,Revolver,Working Capital Line,1114000.0,0.534,594500.0,5.0,Floating,0.0231,0.002,0.0025,6,Unsecured,1.47
RV01667,R115,Revolver,ABL Revolver,973000.0,0.045,43800.0,2.0,Floating,0.0111,0.0015,0.0025,2,Senior Secured,1.2
RV01668,R320,Revolver,Working Capital Line,3461000.0,0.596,2062300.0,1.0,Floating,0.0168,0.0015,0.005,4,Senior Secured,0.71
RV01669,R345,Revolver,Working Capital Line,1375000.0,0.723,994500.0,5.0,Floating,0.0236,0.0025,0.005,5,Unsecured,2.6
RV01670,R259,Revolver,ABL Revolver,608000.0,0.275,167200.0,3.0,Floating,0.0141,0.0035,0.005,3,Senior Secured,2.26
RV01671,R036,Revolver,Working Capital Line,412000.0,0.316,130100.0,3.0,Floating,0.0164,0.002,0.001,3,Senior Secured,1.42
RV01672,R408,Revolver,Working Capital Line,6694000.0,0.801,5362000.0,1.0,Floating,0.0172,0.002,0.001,4,Senior Secured,0.7
RV01673,R197,Revolver,Working Capital Line,899000.0,0.377,339000.0,5.0,Floating,0.021,0.0025,0.0025,6,Senior Secured,4.06
RV01674,R153,Revolver,Working Capital Line,2070000.0,0.558,1154400.0,3.0,Floating,0.0337,0.0035,0.005,9,Unsecured,2.89
RV01675,R446,Revolver,Working Capital Line,3878000.0,0.095,366800.0,2.0,Floating,0.0173,0.0025,0.0025,3,Senior Secured,1.42
RV01676,R229,Revolver,ABL Revolver,4224000.0,0.054,226500.0,3.0,Floating,0.0165,0.0025,0.005,4,Unsecured,1.44
RV01677,R016,Revolver,ABL Revolver,3651000.0,0.327,1193600.0,2.0,Floating,0.0262,0.0025,0.001,7,Unsecured,1.55
RV01678,R256,Revolver,Corporate RCF,15703000.0,0.321,5039300.0,2.0,Floating,0.0237,0.0015,0.0025,6,Senior Secured,1.69
RV01679,R197,Revolver,Working Capital Line,1062000.0,0.507,537900.0,3.0,Floating,0.0244,0.0025,0.0025,6,Senior Secured,1.6
RV01680,R500,Revolver,Working Capital Line,991000.0,0.15,148700.0,3.0,Floating,0.0218,0.0035,0.0025,4,Senior Secured,1.47
RV01681,R158,Revolver,Corporate RCF,684000.0,0.477,326500.0,5.0,Floating,0.0201,0.0015,0.001,5,Senior Secured,1.61
RV01682,R167,Revolver,Working Capital Line,3561000.0,0.463,1650300.0,3.0,Floating,0.0256,0.0015,0.0025,7,Senior Secured,2.22
RV01683,R044,Revolver,ABL Revolver,825000.0,0.608,501500.0,2.0,Floating,0.0231,0.002,0.005,6,Senior Secured,1.11
RV01684,R280,Revolver,Working Capital Line,448000.0,0.598,268100.0,1.0,Floating,0.0188,0.0035,0.0025,5,Unsecured,0.31
RV01685,R120,Revolver,ABL Revolver,7157000.0,0.291,2084600.0,3.0,Floating,0.0145,0.0015,0.005,4,Senior Secured,1.95
RV01686,R342,Revolver,Working Capital Line,690000.0,0.437,301200.0,1.0,Floating,0.0266,0.0025,0.005,7,Senior Secured,0.99
RV01687,R007,Revolver,Working Capital Line,6651000.0,0.288,1914000.0,3.0,Floating,0.026,0.0015,0.001,7,Senior Secured,0.72
RV01688,R198,Revolver,ABL Revolver,2316000.0,0.345,799400.0,2.0,Floating,0.0235,0.0015,0.001,6,Unsecured,1.22
RV01689,R442,Revolver,ABL Revolver,462000.0,0.249,114900.0,2.0,Floating,0.0262,0.0015,0.0025,7,Senior Secured,1.9
RV01690,R390,Revolver,Working Capital Line,235000.0,0.523,122900.0,1.0,Floating,0.0301,0.0025,0.0025,9,Unsecured,0.97
RV01691,R457,Revolver,Working Capital Line,758000.0,0.834,632000.0,2.0,Floating,0.0268,0.0025,0.005,7,Unsecured,0.95
RV01692,R482,Revolver,ABL Revolver,1488000.0,0.094,139900.0,1.0,Floating,0.0182,0.002,0.001,4,Unsecured,0.34
RV01693,R007,Revolver,ABL Revolver,9273000.0,0.53,4915500.0,3.0,Floating,0.0252,0.0025,0.0025,7,Unsecured,1.61
RV01694,R254,Revolver,Working Capital Line,473000.0,0.44,207900.0,1.0,Floating,0.0241,0.0035,0.001,6,Unsecured,0.45
RV01695,R294,Revolver,Corporate RCF,932000.0,0.494,460700.0,5.0,Floating,0.0215,0.0035,0.0025,5,Senior Secured,2.93
RV01696,R279,Revolver,Corporate RCF,2073000.0,0.191,397000.0,3.0,Floating,0.0205,0.0025,0.0025,4,Unsecured,2.03
RV01697,R001,Revolver,Working Capital Line,20061000.0,0.087,1747400.0,3.0,Floating,0.0129,0.0025,0.005,3,Senior Secured,2.44
RV01698,R324,Revolver,Working Capital Line,415000.0,0.255,105900.0,5.0,Floating,0.0217,0.0015,0.005,5,Senior Secured,3.54
RV01699,R208,Revolver,Working Capital Line,485000.0,0.242,117500.0,5.0,Floating,0.0172,0.0025,0.001,5,Unsecured,4.57
RV01700,R313,Revolver,ABL Revolver,302000.0,0.614,185300.0,5.0,Floating,0.0172,0.0025,0.005,3,Senior Secured,3.94
RV01701,R006,Revolver,ABL Revolver,5276000.0,0.465,2453900.0,1.0,Floating,0.0182,0.0035,0.005,5,Senior Secured,0.61
RV01702,R349,Revolver,ABL Revolver,1195000.0,0.35,417900.0,2.0,Floating,0.0209,0.0025,0.001,5,Senior Secured,0.59
RV01703,R195,Revolver,Corporate RCF,5914000.0,0.352,2084100.0,3.0,Floating,0.021,0.0015,0.001,6,Senior Secured,2.53
RV01704,R431,Revolver,Working Capital Line,3216000.0,0.686,2206900.0,3.0,Floating,0.0277,0.0025,0.005,6,Unsecured,2.31
RV01705,R215,Revolver,ABL Revolver,2519000.0,0.354,892300.0,3.0,Floating,0.0186,0.0025,0.005,6,Unsecured,1.41
RV01706,R013,Revolver,Working Capital Line,1916000.0,0.524,1003900.0,3.0,Floating,0.0209,0.0035,0.001,4,Senior Secured,1.16
RV01707,R188,Revolver,Working Capital Line,1649000.0,0.734,1210900.0,1.0,Floating,0.0132,0.002,0.0025,2,Senior Secured,0.73
RV01708,R006,Revolver,Working Capital Line,4367000.0,0.51,2229100.0,1.0,Floating,0.015,0.0035,0.005,5,Senior Secured,0.27
RV01709,R110,Revolver,Working Capital Line,6997000.0,0.377,2636900.0,3.0,Floating,0.0276,0.002,0.001,6,Unsecured,2.49
RV01710,R360,Revolver,Corporate RCF,862000.0,0.098,84600.0,3.0,Floating,0.0133,0.002,0.0025,2,Senior Secured,1.14
RV01711,R080,Revolver,Working Capital Line,3271000.0,0.176,574200.0,5.0,Floating,0.0188,0.0035,0.005,6,Unsecured,3.37
RV01712,R090,Revolver,Corporate RCF,4343000.0,0.208,904000.0,3.0,Floating,0.0255,0.0015,0.001,7,Senior Secured,1.33
RV01713,R475,Revolver,ABL Revolver,1203000.0,0.586,705000.0,1.0,Floating,0.0246,0.0015,0.0025,6,Senior Secured,0.58
RV01714,R331,Revolver,Working Capital Line,3478000.0,0.651,2263400.0,1.0,Floating,0.0297,0.0035,0.0025,7,Senior Secured,0.84
RV01715,R061,Revolver,Corporate RCF,518000.0,0.363,188200.0,2.0,Floating,0.0255,0.0035,0.001,7,Senior Secured,0.86
RV01716,R461,Revolver,Working Capital Line,1784000.0,0.169,300900.0,2.0,Floating,0.0126,0.0015,0.0025,4,Unsecured,0.45
RV01717,R112,Revolver,Corporate RCF,1022000.0,0.425,434100.0,3.0,Floating,0.032,0.0035,0.005,8,Senior Secured,0.79
RV01718,R250,Revolver,Corporate RCF,2134000.0,0.447,954500.0,3.0,Floating,0.0105,0.0025,0.001,1,Unsecured,0.78
RV01719,R120,Revolver,Working Capital Line,2179000.0,0.268,584600.0,5.0,Floating,0.0162,0.0035,0.0025,5,Senior Secured,2.84
RV01720,R445,Revolver,ABL Revolver,1929000.0,0.678,1307400.0,3.0,Floating,0.0214,0.002,0.0025,5,Unsecured,0.8
RV01721,R398,Revolver,Working Capital Line,1703000.0,0.683,1163000.0,1.0,Floating,0.016,0.0025,0.001,3,Senior Secured,0.53
RV01722,R167,Revolver,Working Capital Line,1216000.0,0.313,380800.0,3.0,Floating,0.0285,0.0015,0.001,8,Senior Secured,2.27
RV01723,R106,Revolver,Corporate RCF,421000.0,0.432,182000.0,1.0,Floating,0.0134,0.0025,0.0025,3,Senior Secured,0.9
RV01724,R259,Revolver,ABL Revolver,2959000.0,0.284,840600.0,1.0,Floating,0.0139,0.002,0.0025,3,Senior Secured,0.38
RV01725,R001,Revolver,Working Capital Line,14199000.0,0.308,4377900.0,2.0,Floating,0.0122,0.002,0.005,3,Senior Secured,1.8
RV01726,R197,Revolver,ABL Revolver,824000.0,0.381,313800.0,2.0,Floating,0.0242,0.002,0.005,6,Senior Secured,1.96
RV01727,R110,Revolver,Working Capital Line,578000.0,0.193,111700.0,1.0,Floating,0.0279,0.002,0.001,7,Senior Secured,0.7
RV01728,R039,Revolver,Corporate RCF,3669000.0,0.355,1301400.0,3.0,Floating,0.0192,0.0015,0.005,6,Unsecured,2.37
RV01729,R060,Revolver,Working Capital Line,1597000.0,0.544,869500.0,3.0,Floating,0.024,0.0035,0.005,6,Unsecured,1.76
RV01730,R002,Revolver,Working Capital Line,1749000.0,0.137,240400.0,1.0,Floating,0.014,0.002,0.0025,3,Unsecured,0.26
RV01731,R377,Revolver,Working Capital Line,1236000.0,0.187,230700.0,3.0,Floating,0.0266,0.002,0.0025,7,Unsecured,2.9
RV01732,R125,Revolver,Working Capital Line,1586000.0,0.555,879600.0,1.0,Floating,0.0227,0.0035,0.001,6,Unsecured,0.96
RV01733,R045,Revolver,Working Capital Line,106000.0,0.102,10800.0,3.0,Floating,0.0263,0.002,0.001,6,Senior Secured,1.37
RV01734,R239,Revolver,ABL Revolver,3155000.0,0.482,1521300.0,3.0,Floating,0.015,0.0025,0.001,2,Unsecured,1.07
RV01735,R097,Revolver,ABL Revolver,1647000.0,0.338,556800.0,2.0,Floating,0.0144,0.0035,0.005,3,Senior Secured,0.5
RV01736,R432,Revolver,Corporate RCF,4460000.0,0.358,1595900.0,3.0,Floating,0.0289,0.0035,0.0025,8,Senior Secured,1.79
RV01737,R378,Revolver,Working Capital Line,1815000.0,0.389,705500.0,2.0,Floating,0.0334,0.002,0.0025,9,Senior Secured,1.88
RV01738,R257,Revolver,Working Capital Line,656000.0,0.04,26300.0,1.0,Floating,0.0261,0.0025,0.0025,6,Senior Secured,0.23
RV01739,R273,Revolver,Working Capital Line,1037000.0,0.36,373200.0,2.0,Floating,0.0247,0.0035,0.005,7,Senior Secured,1.38
RV01740,R001,Revolver,Working Capital Line,1454000.0,0.214,310500.0,2.0,Floating,0.0099,0.0025,0.005,3,Senior Secured,1.74
RV01741,R294,Revolver,ABL Revolver,7066000.0,0.483,3416100.0,1.0,Floating,0.024,0.002,0.0025,6,Unsecured,0.5
RV01742,R354,Revolver,Working Capital Line,1659000.0,0.388,644000.0,2.0,Floating,0.0157,0.0025,0.0025,4,Unsecured,1.38
RV01743,R131,Revolver,ABL Revolver,2523000.0,0.285,719900.0,1.0,Floating,0.0196,0.0015,0.001,6,Senior Secured,0.56
RV01744,R085,Revolver,Corporate RCF,459000.0,0.262,120300.0,2.0,Floating,0.0275,0.0035,0.0025,8,Senior Secured,0.5
RV01745,R002,Revolver,Working Capital Line,15141000.0,0.511,7729800.0,3.0,Floating,0.0175,0.0025,0.001,4,Unsecured,1.81
RV01746,R275,Revolver,Corporate RCF,684000.0,0.79,540000.0,3.0,Floating,0.0182,0.002,0.005,3,Senior Secured,0.81
RV01747,R380,Revolver,Working Capital Line,1209000.0,0.546,660100.0,5.0,Floating,0.0165,0.002,0.0025,4,Senior Secured,3.74
RV01748,R329,Revolver,Corporate RCF,2961000.0,0.486,1439300.0,3.0,Floating,0.0261,0.0015,0.001,7,Senior Secured,1.34
RV01749,R007,Revolver,Working Capital Line,13341000.0,0.092,1231700.0,5.0,Floating,0.0274,0.0035,0.0025,8,Unsecured,4.21
RV01750,R326,Revolver,ABL Revolver,3994000.0,0.366,1462100.0,3.0,Floating,0.0138,0.0025,0.0025,3,Senior Secured,2.01
RV01751,R479,Revolver,Corporate RCF,710000.0,0.534,379200.0,3.0,Floating,0.0248,0.0015,0.005,7,Senior Secured,2.84
RV01752,R091,Revolver,Corporate RCF,404000.0,0.182,73600.0,3.0,Floating,0.0242,0.002,0.001,6,Senior Secured,2.37
RV01753,R198,Revolver,Corporate RCF,386000.0,0.266,102700.0,5.0,Floating,0.0183,0.0015,0.005,5,Senior Secured,3.9
RV01754,R270,Revolver,Corporate RCF,475000.0,0.635,301400.0,3.0,Floating,0.0192,0.002,0.001,5,Senior Secured,1.33
RV01755,R336,Revolver,Working Capital Line,6505000.0,0.308,2004700.0,5.0,Floating,0.0203,0.0035,0.005,5,Senior Secured,2.77
RV01756,R409,Revolver,Working Capital Line,1742000.0,0.704,1225700.0,2.0,Floating,0.0213,0.0025,0.0025,5,Unsecured,1.59
RV01757,R128,Revolver,Corporate RCF,2399000.0,0.825,1979100.0,5.0,Floating,0.0121,0.002,0.0025,3,Senior Secured,3.89
RV01758,R171,Revolver,ABL Revolver,711000.0,0.621,441700.0,2.0,Floating,0.026,0.0025,0.005,7,Senior Secured,1.51
RV01759,R257,Revolver,Corporate RCF,880000.0,0.135,119200.0,1.0,Floating,0.0237,0.0025,0.001,7,Senior Secured,0.21
RV01760,R464,Revolver,Corporate RCF,4961000.0,0.709,3515200.0,1.0,Floating,0.0193,0.0015,0.005,5,Unsecured,0.21
RV01761,R097,Revolver,Working Capital Line,559000.0,0.123,68600.0,3.0,Floating,0.0167,0.0015,0.005,3,Senior Secured,0.76
RV01762,R004,Revolver,Working Capital Line,5651000.0,0.4,2261400.0,1.0,Floating,0.0131,0.0035,0.001,3,Unsecured,0.23
RV01763,R306,Revolver,Working Capital Line,480000.0,0.308,147700.0,1.0,Floating,0.0324,0.0035,0.001,8,Unsecured,0.82
RV01764,R002,Revolver,Corporate RCF,4910000.0,0.364,1786700.0,2.0,Floating,0.0148,0.0015,0.005,4,Unsecured,1.28
RV01765,R034,Revolver,ABL Revolver,2763000.0,0.516,1425700.0,3.0,Floating,0.0142,0.0035,0.001,2,Unsecured,1.81
RV01766,R190,Revolver,Working Capital Line,421000.0,0.172,72300.0,1.0,Floating,0.0251,0.0015,0.0025,6,Senior Secured,0.27
RV01767,R256,Revolver,Working Capital Line,1140000.0,0.613,699000.0,3.0,Floating,0.0235,0.0025,0.001,6,Senior Secured,2.46
RV01768,R393,Revolver,Corporate RCF,1139000.0,0.234,266000.0,3.0,Floating,0.0125,0.0035,0.005,3,Unsecured,0.82
RV01769,R024,Revolver,Working Capital Line,750000.0,0.394,295700.0,3.0,Floating,0.0177,0.0015,0.005,4,Unsecured,1.13
RV01770,R277,Revolver,Working Capital Line,419000.0,0.089,37100.0,3.0,Floating,0.028,0.0035,0.005,8,Unsecured,2.57
RV01771,R382,Revolver,ABL Revolver,2906000.0,0.247,717000.0,1.0,Floating,0.0224,0.0035,0.005,6,Unsecured,0.75
RV01772,R183,Revolver,Working Capital Line,1678000.0,0.192,321900.0,5.0,Floating,0.021,0.002,0.0025,5,Unsecured,1.37
RV01773,R260,Revolver,Corporate RCF,2757000.0,0.271,748100.0,5.0,Floating,0.0178,0.0035,0.001,5,Unsecured,1.3
RV01774,R249,Revolver,Working Capital Line,2368000.0,0.269,636500.0,2.0,Floating,0.019,0.0015,0.005,5,Senior Secured,1.05
RV01775,R246,Revolver,Working Capital Line,856000.0,0.25,213600.0,1.0,Floating,0.0187,0.0025,0.005,5,Senior Secured,0.68
RV01776,R364,Revolver,Working Capital Line,6233000.0,0.357,2222600.0,3.0,Floating,0.0342,0.002,0.001,10,Senior Secured,1.19
RV01777,R314,Revolver,Working Capital Line,826000.0,0.064,53200.0,5.0,Floating,0.022,0.0025,0.005,6,Unsecured,3.34
RV01778,R049,Revolver,Working Capital Line,1277000.0,0.415,529800.0,5.0,Floating,0.0193,0.002,0.001,5,Unsecured,2.44
RV01779,R137,Revolver,Corporate RCF,448000.0,0.775,347200.0,5.0,Floating,0.0182,0.002,0.0025,4,Unsecured,3.35
RV01780,R143,Revolver,Working Capital Line,2464000.0,0.221,544000.0,5.0,Floating,0.0198,0.0025,0.001,5,Senior Secured,3.9
RV01781,R036,Revolver,Working Capital Line,787000.0,0.61,480100.0,3.0,Floating,0.0151,0.0015,0.001,3,Unsecured,2.62
RV01782,R111,Revolver,Working Capital Line,618000.0,0.376,232400.0,1.0,Floating,0.0241,0.0035,0.001,7,Senior Secured,0.36
RV01783,R361,Revolver,Corporate RCF,525000.0,0.527,276800.0,1.0,Floating,0.0134,0.0025,0.001,3,Senior Secured,0.27
RV01784,R001,Revolver,ABL Revolver,5768000.0,0.254,1464900.0,1.0,Floating,0.0173,0.002,0.0025,3,Unsecured,0.29
RV01785,R426,Revolver,ABL Revolver,3853000.0,0.314,1211000.0,1.0,Floating,0.0165,0.0025,0.001,4,Unsecured,0.33
RV01786,R160,Revolver,Working Capital Line,3089000.0,0.585,1806600.0,1.0,Floating,0.0109,0.002,0.0025,3,Unsecured,0.46
RV01787,R100,Revolver,Corporate RCF,850000.0,0.356,302700.0,2.0,Floating,0.0158,0.0025,0.0025,3,Unsecured,0.45
RV01788,R309,Revolver,Working Capital Line,465000.0,0.207,96200.0,3.0,Floating,0.0305,0.0025,0.0025,9,Senior Secured,2.6
RV01789,R362,Revolver,Working Capital Line,441000.0,0.232,102500.0,1.0,Floating,0.024,0.0035,0.0025,6,Unsecured,0.88
RV01790,R456,Revolver,Working Capital Line,582000.0,0.455,265000.0,5.0,Floating,0.0177,0.002,0.0025,4,Senior Secured,3.85
RV01791,R459,Revolver,Working Capital Line,4001000.0,0.612,2450400.0,5.0,Floating,0.019,0.002,0.001,4,Senior Secured,2.43
RV01792,R013,Revolver,Corporate RCF,1600000.0,0.504,805800.0,1.0,Floating,0.0177,0.002,0.001,4,Unsecured,0.77
RV01793,R462,Revolver,Working Capital Line,1806000.0,0.233,421200.0,1.0,Floating,0.023,0.0035,0.001,6,Senior Secured,0.66
RV01794,R249,Revolver,Working Capital Line,880000.0,0.506,445000.0,2.0,Floating,0.0202,0.0035,0.001,4,Unsecured,1.46
RV01795,R077,Revolver,Corporate RCF,1245000.0,0.339,421900.0,5.0,Floating,0.0163,0.0015,0.0025,5,Senior Secured,1.35
RV01796,R247,Revolver,Working Capital Line,2272000.0,0.181,411500.0,3.0,Floating,0.0152,0.0015,0.0025,4,Senior Secured,2.7
RV01797,R239,Revolver,ABL Revolver,551000.0,0.658,362600.0,1.0,Floating,0.0106,0.0035,0.005,2,Senior Secured,0.48
RV01798,R363,Revolver,Working Capital Line,726000.0,0.261,189300.0,3.0,Floating,0.0229,0.0015,0.001,7,Senior Secured,1.25
RV01799,R468,Revolver,ABL Revolver,629000.0,0.662,416500.0,5.0,Floating,0.0141,0.0015,0.001,3,Senior Secured,2.56
RV01800,R345,Revolver,Corporate RCF,346000.0,0.52,179900.0,1.0,Floating,0.0195,0.0015,0.005,5,Unsecured,0.4
RV01801,R019,Revolver,Corporate RCF,1587000.0,0.677,1073700.0,3.0,Floating,0.0226,0.0015,0.005,5,Senior Secured,2.99
RV01802,R019,Revolver,Working Capital Line,2986000.0,0.566,1689500.0,2.0,Floating,0.0149,0.0015,0.001,3,Senior Secured,1.43
RV01803,R122,Revolver,Corporate RCF,318000.0,0.617,196200.0,1.0,Floating,0.0203,0.0025,0.005,5,Unsecured,0.92
RV01804,R010,Revolver,ABL Revolver,3874000.0,0.167,645300.0,5.0,Floating,0.0189,0.0025,0.0025,5,Unsecured,4.8
RV01805,R450,Revolver,ABL Revolver,3549000.0,0.496,1761300.0,1.0,Floating,0.0242,0.0015,0.005,7,Unsecured,0.66
RV01806,R441,Revolver,ABL Revolver,208000.0,0.639,132900.0,5.0,Floating,0.0225,0.0025,0.0025,5,Senior Secured,4.2
RV01807,R215,Revolver,Corporate RCF,2242000.0,0.145,325300.0,3.0,Floating,0.0259,0.0015,0.0025,6,Unsecured,2.77
RV01808,R432,Revolver,ABL Revolver,926000.0,0.406,375500.0,1.0,Floating,0.0267,0.0025,0.0025,8,Senior Secured,0.32
RV01809,R257,Revolver,ABL Revolver,448000.0,0.187,83700.0,3.0,Floating,0.0267,0.0025,0.005,6,Senior Secured,1.25
RV01810,R268,Revolver,ABL Revolver,738000.0,0.261,192400.0,1.0,Floating,0.0306,0.002,0.005,9,Senior Secured,0.52
RV01811,R485,Revolver,Working Capital Line,362000.0,0.577,208800.0,1.0,Floating,0.0304,0.002,0.005,9,Unsecured,0.7
RV01812,R037,Revolver,Working Capital Line,4432000.0,0.559,2477100.0,1.0,Floating,0.016,0.0035,0.001,3,Senior Secured,0.81
RV01813,R231,Revolver,ABL Revolver,2973000.0,0.411,1222000.0,5.0,Floating,0.0246,0.0035,0.005,6,Unsecured,2.38
RV01814,R492,Revolver,Corporate RCF,1880000.0,0.059,110000.0,5.0,Floating,0.015,0.0035,0.005,3,Senior Secured,4.37
RV01815,R121,Revolver,Corporate RCF,2216000.0,0.502,1112400.0,1.0,Floating,0.0172,0.0015,0.001,4,Senior Secured,0.72
RV01816,R320,Revolver,Working Capital Line,764000.0,0.782,597300.0,2.0,Floating,0.0146,0.002,0.005,2,Senior Secured,1.0
RV01817,R413,Revolver,Corporate RCF,708000.0,0.254,179800.0,5.0,Floating,0.0167,0.002,0.001,4,Unsecured,3.72
RV01818,R036,Revolver,Corporate RCF,1342000.0,0.166,222600.0,3.0,Floating,0.0122,0.0015,0.001,2,Senior Secured,2.64
RV01819,R445,Revolver,Corporate RCF,5791000.0,0.431,2495400.0,1.0,Floating,0.0241,0.002,0.001,5,Unsecured,0.47
RV01820,R007,Revolver,ABL Revolver,35586000.0,0.624,22205900.0,2.0,Floating,0.0207,0.0015,0.0025,7,Senior Secured,1.02
RV01821,R059,Revolver,Corporate RCF,2307000.0,0.364,840700.0,2.0,Floating,0.0142,0.002,0.001,3,Senior Secured,1.51
RV01822,R452,Revolver,Working Capital Line,1975000.0,0.488,963600.0,2.0,Floating,0.0256,0.0025,0.0025,6,Unsecured,1.09
RV01823,R289,Revolver,ABL Revolver,9430000.0,0.549,5175400.0,3.0,Floating,0.0274,0.002,0.005,7,Unsecured,1.03
RV01824,R215,Revolver,Corporate RCF,2883000.0,0.415,1196400.0,3.0,Floating,0.0253,0.0025,0.0025,6,Unsecured,2.65
RV01825,R226,Revolver,ABL Revolver,679000.0,0.686,465900.0,3.0,Floating,0.0181,0.002,0.001,5,Senior Secured,1.08
RV01826,R391,Revolver,Corporate RCF,3102000.0,0.514,1595400.0,2.0,Floating,0.0213,0.002,0.0025,5,Unsecured,0.79
RV01827,R303,Revolver,Working Capital Line,387000.0,0.205,79300.0,3.0,Floating,0.0173,0.002,0.005,4,Unsecured,2.68
RV01828,R305,Revolver,Working Capital Line,937000.0,0.574,537600.0,3.0,Floating,0.0308,0.0015,0.0025,7,Unsecured,2.14
RV01829,R063,Revolver,ABL Revolver,186000.0,0.385,71600.0,3.0,Floating,0.0279,0.0015,0.0025,7,Senior Secured,1.64
RV01830,R328,Revolver,Corporate RCF,1642000.0,0.166,272200.0,1.0,Floating,0.0235,0.0015,0.005,6,Unsecured,0.51
RV01831,R225,Revolver,ABL Revolver,794000.0,0.269,213900.0,2.0,Floating,0.0213,0.0025,0.0025,5,Unsecured,0.69
RV01832,R005,Revolver,Corporate RCF,17264000.0,0.079,1372300.0,2.0,Floating,0.0182,0.0015,0.0025,5,Senior Secured,0.51
RV01833,R263,Revolver,Working Capital Line,7187000.0,0.479,3441400.0,2.0,Floating,0.0277,0.002,0.001,7,Unsecured,1.86
RV01834,R104,Revolver,ABL Revolver,370000.0,0.442,163400.0,3.0,Floating,0.0134,0.0015,0.005,3,Senior Secured,0.71
RV01835,R356,Revolver,Working Capital Line,17128000.0,0.304,5214000.0,3.0,Floating,0.029,0.002,0.001,7,Senior Secured,0.75
RV01836,R182,Revolver,Corporate RCF,1007000.0,0.265,267000.0,2.0,Floating,0.0153,0.002,0.0025,4,Unsecured,1.6
RV01837,R008,Revolver,Corporate RCF,9115000.0,0.199,1812500.0,3.0,Floating,0.024,0.0015,0.001,7,Senior Secured,2.74
RV01838,R227,Revolver,ABL Revolver,617000.0,0.324,199900.0,3.0,Floating,0.0163,0.0025,0.005,4,Senior Secured,2.3
RV01839,R474,Revolver,ABL Revolver,1513000.0,0.365,552000.0,3.0,Floating,0.018,0.0035,0.005,4,Unsecured,1.18
RV01840,R023,Revolver,ABL Revolver,2267000.0,0.16,362600.0,3.0,Floating,0.0143,0.0025,0.005,2,Unsecured,1.25
RV01841,R458,Revolver,Corporate RCF,3080000.0,0.52,1602200.0,5.0,Floating,0.0145,0.0015,0.001,4,Senior Secured,4.85
RV01842,R319,Revolver,ABL Revolver,971000.0,0.139,135200.0,3.0,Floating,0.0288,0.0035,0.001,8,Senior Secured,2.28
RV01843,R429,Revolver,ABL Revolver,3244000.0,0.404,1310100.0,1.0,Floating,0.0094,0.0035,0.001,2,Senior Secured,0.86
RV01844,R409,Revolver,Working Capital Line,240000.0,0.289,69300.0,5.0,Floating,0.0201,0.0035,0.0025,5,Senior Secured,2.79
RV01845,R343,Revolver,Corporate RCF,808000.0,0.905,731200.0,2.0,Floating,0.0206,0.0015,0.001,6,Unsecured,1.64
RV01846,R009,Revolver,Working Capital Line,26087000.0,0.341,8897800.0,3.0,Floating,0.0136,0.0015,0.001,3,Senior Secured,2.95
RV01847,R117,Revolver,Working Capital Line,2344000.0,0.017,40000.0,5.0,Floating,0.0142,0.0035,0.0025,3,Unsecured,2.43
RV01848,R120,Revolver,ABL Revolver,2362000.0,0.33,780100.0,1.0,Floating,0.0194,0.0035,0.001,4,Senior Secured,0.46
RV01849,R177,Revolver,Working Capital Line,10800000.0,0.168,1817700.0,1.0,Floating,0.026,0.002,0.0025,6,Unsecured,0.23
RV01850,R338,Revolver,Working Capital Line,851000.0,0.452,384700.0,1.0,Floating,0.0179,0.002,0.005,4,Senior Secured,0.79
RV01851,R461,Revolver,Corporate RCF,368000.0,0.187,68900.0,5.0,Floating,0.0253,0.0025,0.005,6,Unsecured,1.96
RV01852,R314,Revolver,Working Capital Line,4716000.0,0.237,1115800.0,2.0,Floating,0.0235,0.0035,0.005,5,Unsecured,0.81
RV01853,R110,Revolver,ABL Revolver,1483000.0,0.355,526600.0,3.0,Floating,0.0217,0.002,0.001,6,Unsecured,2.12
RV01854,R120,Revolver,Working Capital Line,2039000.0,0.661,1348600.0,1.0,Floating,0.0264,0.0025,0.0025,6,Senior Secured,0.79
RV01855,R387,Revolver,ABL Revolver,839000.0,0.136,114400.0,1.0,Floating,0.0178,0.0035,0.001,4,Unsecured,0.53
RV01856,R400,Revolver,ABL Revolver,426000.0,0.698,297300.0,1.0,Floating,0.0131,0.002,0.001,3,Senior Secured,0.96
RV01857,R484,Revolver,Corporate RCF,3391000.0,0.766,2598300.0,5.0,Floating,0.0269,0.002,0.005,7,Unsecured,1.65
RV01858,R198,Revolver,Working Capital Line,1053000.0,0.274,288700.0,1.0,Floating,0.0206,0.0015,0.001,5,Unsecured,0.62
RV01859,R226,Revolver,Corporate RCF,897000.0,0.406,364100.0,5.0,Floating,0.0179,0.0025,0.001,5,Senior Secured,3.47
RV01860,R269,Revolver,ABL Revolver,931000.0,0.46,427900.0,3.0,Floating,0.0185,0.002,0.0025,5,Senior Secured,2.08
RV01861,R278,Revolver,Corporate RCF,3355000.0,0.148,496200.0,5.0,Floating,0.0156,0.0015,0.001,2,Senior Secured,3.63
RV01862,R373,Revolver,Corporate RCF,547000.0,0.505,276400.0,2.0,Floating,0.0157,0.0025,0.005,3,Unsecured,1.41
RV01863,R081,Revolver,Working Capital Line,1089000.0,0.39,425100.0,3.0,Floating,0.0209,0.0025,0.005,4,Senior Secured,2.5
RV01864,R424,Revolver,ABL Revolver,2756000.0,0.439,1209000.0,1.0,Floating,0.0227,0.0015,0.0025,6,Senior Secured,0.85
RV01865,R437,Revolver,Corporate RCF,6212000.0,0.504,3129300.0,2.0,Floating,0.0219,0.0025,0.0025,6,Unsecured,1.96
RV01866,R013,Revolver,Corporate RCF,5063000.0,0.389,1967000.0,3.0,Floating,0.0145,0.0025,0.005,4,Unsecured,2.86
RV01867,R047,Revolver,ABL Revolver,1582000.0,0.117,185500.0,1.0,Floating,0.0198,0.002,0.0025,4,Senior Secured,0.62
RV01868,R171,Revolver,Corporate RCF,694000.0,0.385,267300.0,5.0,Floating,0.0243,0.002,0.0025,6,Senior Secured,3.82
RV01869,R123,Revolver,Corporate RCF,827000.0,0.221,183000.0,1.0,Floating,0.0283,0.0025,0.005,8,Senior Secured,0.52
RV01870,R322,Revolver,ABL Revolver,3809000.0,0.399,1519100.0,1.0,Floating,0.0163,0.0035,0.0025,4,Unsecured,0.72
RV01871,R173,Revolver,Working Capital Line,1811000.0,0.183,332200.0,3.0,Floating,0.0286,0.0035,0.001,7,Senior Secured,0.62
RV01872,R242,Revolver,Working Capital Line,2888000.0,0.562,1623600.0,2.0,Floating,0.0175,0.002,0.001,4,Senior Secured,0.99
RV01873,R155,Revolver,Working Capital Line,141000.0,0.355,50000.0,1.0,Floating,0.026,0.0025,0.001,7,Unsecured,0.93
RV01874,R046,Revolver,Corporate RCF,2026000.0,0.659,1334600.0,5.0,Floating,0.0111,0.002,0.005,2,Senior Secured,3.7
RV01875,R150,Revolver,Corporate RCF,1812000.0,0.69,1249900.0,1.0,Floating,0.0199,0.0015,0.001,5,Unsecured,0.21
RV01876,R241,Revolver,ABL Revolver,412000.0,0.289,119000.0,3.0,Floating,0.0218,0.0035,0.005,5,Unsecured,1.85
RV01877,R171,Revolver,Working Capital Line,710000.0,0.164,116100.0,1.0,Floating,0.0235,0.002,0.001,7,Unsecured,0.49
RV01878,R007,Revolver,Working Capital Line,12531000.0,0.307,3841000.0,1.0,Floating,0.0223,0.002,0.005,6,Senior Secured,0.85
RV01879,R380,Revolver,Working Capital Line,10368000.0,0.172,1781600.0,2.0,Floating,0.0198,0.0025,0.0025,4,Senior Secured,0.58
RV01880,R337,Revolver,Working Capital Line,275000.0,0.058,15900.0,5.0,Floating,0.0289,0.0025,0.005,8,Senior Secured,3.42
RV01881,R451,Revolver,Working Capital Line,257000.0,0.198,50800.0,3.0,Floating,0.02,0.002,0.005,4,Senior Secured,2.31
RV01882,R300,Revolver,Working Capital Line,376000.0,0.042,16000.0,1.0,Floating,0.0178,0.0015,0.0025,3,Senior Secured,0.68
RV01883,R002,Revolver,Working Capital Line,1841000.0,0.122,225100.0,1.0,Floating,0.0158,0.0025,0.005,3,Senior Secured,0.42
RV01884,R320,Revolver,Corporate RCF,706000.0,0.413,291200.0,5.0,Floating,0.014,0.0035,0.005,3,Senior Secured,4.17
RV01885,R225,Revolver,Working Capital Line,367000.0,0.506,185800.0,1.0,Floating,0.0262,0.0015,0.005,7,Senior Secured,0.83
RV01886,R167,Revolver,Working Capital Line,2675000.0,0.484,1295000.0,3.0,Floating,0.0298,0.0015,0.0025,8,Senior Secured,1.47
RV01887,R147,Revolver,Corporate RCF,1997000.0,0.456,910900.0,1.0,Floating,0.0282,0.0035,0.005,8,Senior Secured,0.41
RV01888,R392,Revolver,Corporate RCF,2720000.0,0.445,1209500.0,1.0,Floating,0.0225,0.0025,0.005,6,Unsecured,0.73
RV01889,R446,Revolver,Working Capital Line,373000.0,0.586,218700.0,1.0,Floating,0.0112,0.0025,0.0025,2,Senior Secured,0.49
RV01890,R072,Revolver,Working Capital Line,4676000.0,0.137,642400.0,1.0,Floating,0.0258,0.002,0.001,5,Unsecured,0.48
RV01891,R327,Revolver,Working Capital Line,14303000.0,0.107,1524000.0,3.0,Floating,0.0146,0.002,0.001,3,Unsecured,1.68
RV01892,R136,Revolver,Working Capital Line,396000.0,0.63,249500.0,2.0,Floating,0.0284,0.0015,0.005,7,Unsecured,1.13
RV01893,R385,Revolver,Working Capital Line,12485000.0,0.067,835100.0,5.0,Floating,0.0106,0.0035,0.001,2,Unsecured,4.32
RV01894,R478,Revolver,ABL Revolver,1223000.0,0.423,516900.0,1.0,Floating,0.0297,0.0025,0.001,7,Unsecured,0.96
RV01895,R099,Revolver,Working Capital Line,895000.0,0.414,370800.0,2.0,Floating,0.0283,0.0035,0.0025,8,Senior Secured,1.54
RV01896,R481,Revolver,Working Capital Line,3790000.0,0.356,1349900.0,2.0,Floating,0.018,0.0035,0.005,4,Senior Secured,0.54
RV01897,R101,Revolver,Corporate RCF,3757000.0,0.233,874100.0,1.0,Floating,0.0198,0.0015,0.001,6,Unsecured,0.47
RV01898,R410,Revolver,Working Capital Line,4688000.0,0.231,1082500.0,1.0,Floating,0.0229,0.0035,0.0025,5,Unsecured,0.35
RV01899,R218,Revolver,ABL Revolver,4223000.0,0.207,873700.0,1.0,Floating,0.0262,0.002,0.001,6,Senior Secured,0.73
RV01900,R322,Revolver,Working Capital Line,4303000.0,0.742,3193700.0,1.0,Floating,0.0183,0.002,0.005,5,Unsecured,0.68
RV01901,R032,Revolver,Working Capital Line,603000.0,0.2,120800.0,2.0,Floating,0.023,0.002,0.005,5,Unsecured,1.97
RV01902,R068,Revolver,Working Capital Line,1875000.0,0.697,1306700.0,1.0,Floating,0.0152,0.002,0.0025,4,Unsecured,0.56
RV01903,R065,Revolver,ABL Revolver,373000.0,0.731,272600.0,2.0,Floating,0.0248,0.002,0.001,6,Senior Secured,0.57
RV01904,R461,Revolver,Corporate RCF,972000.0,0.417,404900.0,2.0,Floating,0.0201,0.0025,0.001,5,Senior Secured,1.36
RV01905,R394,Revolver,Corporate RCF,35418000.0,0.169,5992000.0,2.0,Floating,0.0262,0.002,0.005,6,Senior Secured,0.99
RV01906,R045,Revolver,Corporate RCF,93000.0,0.238,22100.0,1.0,Floating,0.0268,0.0025,0.001,7,Senior Secured,0.34
RV01907,R309,Revolver,Working Capital Line,1087000.0,0.321,348900.0,2.0,Floating,0.0366,0.002,0.001,10,Senior Secured,0.99
RV01908,R346,Revolver,Corporate RCF,1125000.0,0.544,612300.0,2.0,Floating,0.0204,0.002,0.005,4,Senior Secured,0.78
RV01909,R133,Revolver,Working Capital Line,718000.0,0.494,354500.0,5.0,Floating,0.0229,0.0015,0.0025,6,Unsecured,1.79
RV01910,R202,Revolver,Working Capital Line,2199000.0,0.054,119400.0,1.0,Floating,0.015,0.0035,0.0025,3,Senior Secured,0.59
RV01911,R256,Revolver,ABL Revolver,957000.0,0.313,299700.0,1.0,Floating,0.0213,0.0015,0.005,6,Unsecured,0.85
RV01912,R251,Revolver,ABL Revolver,702000.0,0.271,190300.0,5.0,Floating,0.0201,0.0025,0.0025,5,Senior Secured,4.54
RV01913,R414,Revolver,ABL Revolver,3229000.0,0.254,821700.0,1.0,Floating,0.0274,0.002,0.001,6,Unsecured,0.41
RV01914,R002,Revolver,Corporate RCF,4735000.0,0.655,3102300.0,1.0,Floating,0.0162,0.0035,0.0025,4,Unsecured,0.56
RV01915,R442,Revolver,Working Capital Line,5440000.0,0.405,2202900.0,5.0,Floating,0.0298,0.0015,0.001,9,Unsecured,4.37
RV01916,R254,Revolver,Corporate RCF,702000.0,0.148,104100.0,3.0,Floating,0.0268,0.002,0.001,6,Senior Secured,2.97
RV01917,R039,Revolver,Working Capital Line,4415000.0,0.535,2359900.0,3.0,Floating,0.0215,0.0025,0.0025,5,Senior Secured,2.64
RV01918,R381,Revolver,ABL Revolver,483000.0,0.351,169500.0,1.0,Floating,0.0252,0.0035,0.005,6,Senior Secured,0.6
RV01919,R384,Revolver,Working Capital Line,2041000.0,0.667,1362100.0,1.0,Floating,0.0161,0.0015,0.0025,3,Unsecured,0.9
RV01920,R004,Revolver,ABL Revolver,14211000.0,0.423,6014700.0,1.0,Floating,0.0201,0.0035,0.005,5,Unsecured,0.77
RV01921,R392,Revolver,Corporate RCF,3856000.0,0.407,1570400.0,3.0,Floating,0.0223,0.0015,0.001,7,Senior Secured,0.87
RV01922,R479,Revolver,Working Capital Line,350000.0,0.194,68000.0,2.0,Floating,0.0285,0.002,0.001,7,Senior Secured,0.53
RV01923,R394,Revolver,ABL Revolver,1343000.0,0.621,834400.0,3.0,Floating,0.0162,0.0035,0.0025,5,Senior Secured,2.85
RV01924,R332,Revolver,Working Capital Line,4020000.0,0.454,1825800.0,5.0,Floating,0.0227,0.002,0.005,5,Senior Secured,4.7
RV01925,R002,Revolver,Corporate RCF,3694000.0,0.286,1054900.0,5.0,Floating,0.0153,0.0025,0.001,4,Unsecured,2.83
RV01926,R213,Revolver,Working Capital Line,4707000.0,0.417,1964300.0,1.0,Floating,0.0252,0.002,0.005,6,Senior Secured,0.73
RV01927,R312,Revolver,ABL Revolver,377000.0,0.053,20000.0,3.0,Floating,0.021,0.0035,0.001,5,Unsecured,1.33
RV01928,R308,Revolver,Working Capital Line,2184000.0,0.351,767600.0,3.0,Floating,0.0284,0.0015,0.005,7,Senior Secured,2.28
RV01929,R223,Revolver,ABL Revolver,475000.0,0.546,259500.0,3.0,Floating,0.0179,0.0035,0.005,4,Senior Secured,1.67
RV01930,R383,Revolver,Working Capital Line,370000.0,0.409,151300.0,5.0,Floating,0.0213,0.0015,0.0025,5,Senior Secured,2.39
RV01931,R264,Revolver,Working Capital Line,464000.0,0.416,193100.0,3.0,Floating,0.0215,0.0025,0.001,5,Unsecured,1.66
RV01932,R162,Revolver,ABL Revolver,535000.0,0.446,238500.0,3.0,Floating,0.0301,0.002,0.001,7,Unsecured,1.69
RV01933,R126,Revolver,Working Capital Line,3806000.0,0.555,2114000.0,1.0,Floating,0.0331,0.0035,0.0025,9,Unsecured,0.95
RV01934,R402,Revolver,ABL Revolver,938000.0,0.475,445200.0,3.0,Floating,0.0237,0.0025,0.005,7,Senior Secured,2.72
RV01935,R407,Revolver,Working Capital Line,329000.0,0.45,148000.0,3.0,Floating,0.0252,0.0015,0.005,7,Senior Secured,1.07
RV01936,R002,Revolver,Working Capital Line,7162000.0,0.361,2581900.0,3.0,Floating,0.017,0.0015,0.0025,4,Unsecured,1.27
RV01937,R017,Revolver,Working Capital Line,945000.0,0.259,245200.0,3.0,Floating,0.0316,0.0025,0.005,8,Unsecured,1.32
RV01938,R008,Revolver,ABL Revolver,13107000.0,0.659,8635600.0,2.0,Floating,0.0193,0.0025,0.001,6,Senior Secured,0.42
RV01939,R358,Revolver,Working Capital Line,1855000.0,0.316,586800.0,2.0,Floating,0.0252,0.0025,0.001,5,Senior Secured,1.25
RV01940,R114,Revolver,Working Capital Line,863000.0,0.228,196900.0,5.0,Floating,0.0239,0.002,0.0025,6,Senior Secured,2.93
RV01941,R098,Revolver,Corporate RCF,3376000.0,0.27,912300.0,2.0,Floating,0.0271,0.0025,0.0025,7,Unsecured,0.6
RV01942,R082,Revolver,Corporate RCF,4266000.0,0.231,987300.0,3.0,Floating,0.0154,0.0035,0.001,4,Senior Secured,2.98
RV01943,R326,Revolver,Working Capital Line,765000.0,0.374,286300.0,3.0,Floating,0.0173,0.0015,0.0025,3,Senior Secured,2.43
RV01944,R122,Revolver,Working Capital Line,377000.0,0.183,69000.0,2.0,Floating,0.0254,0.0025,0.001,7,Senior Secured,0.69
RV01945,R269,Revolver,Working Capital Line,4453000.0,0.333,1481300.0,2.0,Floating,0.0192,0.0035,0.001,5,Unsecured,1.53
RV01946,R452,Revolver,Corporate RCF,318000.0,0.666,211800.0,3.0,Floating,0.0173,0.0015,0.005,4,Senior Secured,1.42
RV01947,R317,Revolver,Working Capital Line,729000.0,0.435,317300.0,3.0,Floating,0.0235,0.002,0.001,5,Senior Secured,2.12
RV01948,R393,Revolver,Corporate RCF,514000.0,0.349,179500.0,1.0,Floating,0.016,0.0025,0.0025,3,Unsecured,0.58
RV01949,R493,Revolver,Working Capital Line,469000.0,0.103,48300.0,5.0,Floating,0.0161,0.0035,0.005,4,Senior Secured,1.56
RV01950,R006,Revolver,Working Capital Line,5864000.0,0.422,2477400.0,3.0,Floating,0.0151,0.0025,0.005,4,Senior Secured,1.7
RV01951,R169,Revolver,Corporate RCF,5943000.0,0.032,189300.0,2.0,Floating,0.0151,0.0035,0.0025,2,Senior Secured,1.94
RV01952,R387,Revolver,ABL Revolver,2384000.0,0.544,1296000.0,1.0,Floating,0.0202,0.0025,0.001,5,Senior Secured,0.8
RV01953,R005,Revolver,Corporate RCF,16903000.0,0.097,1635100.0,1.0,Floating,0.0176,0.0035,0.001,4,Senior Secured,0.7
RV01954,R264,Revolver,Working Capital Line,1193000.0,0.092,109700.0,1.0,Floating,0.0223,0.0025,0.001,5,Senior Secured,0.87
RV01955,R103,Revolver,Working Capital Line,2097000.0,0.467,980100.0,1.0,Floating,0.0167,0.002,0.0025,6,Senior Secured,0.86
RV01956,R054,Revolver,Working Capital Line,106000.0,0.362,38400.0,1.0,Floating,0.0204,0.0025,0.0025,4,Unsecured,0.91
RV01957,R477,Revolver,ABL Revolver,1227000.0,0.587,720800.0,5.0,Floating,0.0246,0.002,0.0025,7,Unsecured,1.44
RV01958,R407,Revolver,Working Capital Line,113000.0,0.555,62700.0,3.0,Floating,0.0228,0.0025,0.001,6,Senior Secured,0.91
RV01959,R230,Revolver,Working Capital Line,156000.0,0.079,12300.0,5.0,Floating,0.0266,0.0025,0.001,6,Unsecured,4.2
RV01960,R135,Revolver,Working Capital Line,762000.0,0.369,281000.0,3.0,Floating,0.0264,0.0015,0.001,6,Senior Secured,2.99
RV01961,R006,Revolver,ABL Revolver,9319000.0,0.238,2216600.0,3.0,Floating,0.0185,0.0025,0.001,5,Unsecured,1.95
RV01962,R050,Revolver,Corporate RCF,1762000.0,0.353,621900.0,5.0,Floating,0.025,0.0015,0.005,6,Senior Secured,4.86
RV01963,R476,Revolver,Corporate RCF,3510000.0,0.287,1008900.0,1.0,Floating,0.0311,0.002,0.001,8,Senior Secured,0.73
RV01964,R008,Revolver,ABL Revolver,11132000.0,0.387,4307000.0,3.0,Floating,0.0264,0.0025,0.001,7,Senior Secured,0.8
RV01965,R315,Revolver,Corporate RCF,2112000.0,0.826,1744000.0,5.0,Floating,0.0238,0.0025,0.0025,5,Senior Secured,4.71
RV01966,R312,Revolver,Corporate RCF,3069000.0,0.419,1285200.0,5.0,Floating,0.0209,0.0015,0.001,5,Senior Secured,4.36
RV01967,R051,Revolver,ABL Revolver,3605000.0,0.073,264900.0,2.0,Floating,0.022,0.0035,0.0025,6,Senior Secured,1.26
RV01968,R385,Revolver,Corporate RCF,4194000.0,0.121,508200.0,5.0,Floating,0.0118,0.0025,0.005,2,Unsecured,3.98
RV01969,R220,Revolver,ABL Revolver,439000.0,0.13,57200.0,3.0,Floating,0.0154,0.002,0.001,3,Senior Secured,1.44
RV01970,R190,Revolver,Corporate RCF,537000.0,0.387,207600.0,1.0,Floating,0.0262,0.002,0.005,7,Senior Secured,0.69
RV01971,R050,Revolver,Working Capital Line,719000.0,0.204,146700.0,1.0,Floating,0.0159,0.0015,0.0025,4,Unsecured,0.53
RV01972,R086,Revolver,Corporate RCF,2545000.0,0.343,872800.0,2.0,Floating,0.0272,0.002,0.005,7,Senior Secured,1.24
RV01973,R412,Revolver,Working Capital Line,343000.0,0.512,175700.0,1.0,Floating,0.0092,0.0025,0.005,2,Senior Secured,0.71
RV01974,R190,Revolver,Working Capital Line,655000.0,0.224,146700.0,1.0,Floating,0.0237,0.0035,0.005,6,Senior Secured,0.24
RV01975,R337,Revolver,Corporate RCF,1114000.0,0.338,376000.0,1.0,Floating,0.0294,0.0025,0.0025,8,Senior Secured,0.28
RV01976,R170,Revolver,Working Capital Line,148000.0,0.131,19400.0,5.0,Floating,0.0321,0.002,0.001,9,Unsecured,1.33
RV01977,R160,Revolver,Working Capital Line,848000.0,0.13,110000.0,5.0,Floating,0.014,0.0035,0.001,2,Senior Secured,3.38
RV01978,R258,Revolver,Working Capital Line,559000.0,0.106,59400.0,5.0,Floating,0.0277,0.0025,0.001,7,Senior Secured,2.65
RV01979,R120,Revolver,Working Capital Line,2522000.0,0.6,1512800.0,3.0,Floating,0.0223,0.0025,0.001,4,Unsecured,1.8
RV01980,R316,Revolver,ABL Revolver,1695000.0,0.39,660900.0,5.0,Floating,0.0225,0.0025,0.005,6,Unsecured,3.0
RV01981,R389,Revolver,ABL Revolver,691000.0,0.517,357500.0,2.0,Floating,0.0213,0.002,0.005,5,Unsecured,0.46
RV01982,R262,Revolver,ABL Revolver,467000.0,0.61,284800.0,2.0,Floating,0.0211,0.0015,0.0025,5,Senior Secured,1.67
RV01983,R451,Revolver,ABL Revolver,239000.0,0.509,121700.0,2.0,Floating,0.0238,0.0025,0.001,6,Senior Secured,1.52
RV01984,R280,Revolver,Corporate RCF,545000.0,0.676,368500.0,1.0,Floating,0.0154,0.0035,0.005,4,Unsecured,0.75
RV01985,R363,Revolver,Working Capital Line,727000.0,0.335,243900.0,3.0,Floating,0.0211,0.0035,0.001,6,Senior Secured,0.68
RV01986,R149,Revolver,Working Capital Line,667000.0,0.344,229100.0,2.0,Floating,0.0207,0.0035,0.005,5,Unsecured,1.44
RV01987,R017,Revolver,ABL Revolver,2924000.0,0.313,914300.0,5.0,Floating,0.0231,0.002,0.005,7,Unsecured,3.0
RV01988,R324,Revolver,Corporate RCF,1285000.0,0.371,476800.0,1.0,Floating,0.0228,0.0035,0.0025,6,Unsecured,0.81
RV01989,R046,Revolver,ABL Revolver,4883000.0,0.24,1174100.0,1.0,Floating,0.011,0.0015,0.005,2,Senior Secured,0.28
RV01990,R007,Revolver,ABL Revolver,4153000.0,0.325,1347900.0,2.0,Floating,0.0214,0.002,0.0025,6,Unsecured,1.59
RV01991,R341,Revolver,Corporate RCF,213000.0,0.638,136000.0,1.0,Floating,0.023,0.0025,0.005,5,Unsecured,0.97
RV01992,R301,Revolver,ABL Revolver,2768000.0,0.712,1971400.0,5.0,Floating,0.0157,0.002,0.0025,4,Unsecured,4.4
RV01993,R421,Revolver,Corporate RCF,1247000.0,0.173,215900.0,3.0,Floating,0.0252,0.0015,0.0025,6,Unsecured,2.75
RV01994,R497,Revolver,Working Capital Line,1120000.0,0.146,163200.0,2.0,Floating,0.0112,0.0015,0.001,2,Unsecured,0.52
RV01995,R385,Revolver,Corporate RCF,3395000.0,0.787,2671700.0,3.0,Floating,0.017,0.0035,0.005,4,Senior Secured,1.87
RV01996,R341,Revolver,ABL Revolver,2304000.0,0.33,760900.0,2.0,Floating,0.0244,0.002,0.005,6,Unsecured,0.79
RV01997,R102,Revolver,Working Capital Line,4178000.0,0.105,438900.0,1.0,Floating,0.0146,0.0015,0.001,3,Unsecured,0.64
RV01998,R370,Revolver,Working Capital Line,1104000.0,0.464,512100.0,2.0,Floating,0.0301,0.0025,0.0025,9,Unsecured,1.53
RV01999,R276,Revolver,Working Capital Line,6862000.0,0.283,1944600.0,1.0,Floating,0.0172,0.002,0.005,4,Senior Secured,0.8
RV02000,R243,Revolver,Corporate RCF,890000.0,0.158,140300.0,3.0,Floating,0.0227,0.002,0.005,7,Senior Secured,2.98
